src,dst
249783291,5485951708
5485951708,10248656809
10248656809,6656817024
6656817024,1762944968
1762944968,1762945123
1762945123,10248624606
10248624606,5485952479
5485952479,11964115179
11964115179,5681450581
5681450581,249783293
6702715325,1762989541
1762989541,5681450578
5681450578,1762989517
1762989517,5681450576
5681450576,6702699405
6702699405,5681450575
5681450575,1762989512
1762989512,6702699408
6702699408,5681450574
5681450574,249786859
249786859,5681450573
5681450573,1762989499
1762989499,6666317455
249791934,10264542489
10264542489,6385537599
6385537599,5792664486
5339323505,11565005064
11565005064,266809471
266809471,266809470
266809470,266809469
266809469,1754729471
1754729471,3745099601
3745099601,266809468
266809468,1754729505
1754729505,9852811937
9852811937,266809467
266809467,943830347
943830347,9767010916
9767010916,266809466
266809466,5339323483
5339323483,5339323485
266809747,11773807748
11773807748,10302340970
10302340970,10302340968
10302340968,266809748
266809748,266809749
266809749,5137961097
5137961097,563661926
563661926,11837017428
11837017428,6669134699
6669134699,13540185196
621248536,5340271720
5340271720,12780247330
12780247330,1633262436
621248512,6655403358
6655403358,6655403385
6655403385,6655403357
6655403357,267193180
267193180,6655403387
6655403387,6655403355
6655403355,9852527171
9852527171,267193179
267193179,6645848778
6645848778,267193178
267193178,6655403377
6655403377,10271129622
10271129622,6655403353
6655403353,13253573808
13253573808,6655403352
6655403352,13253573827
13253573827,6655403354
6655403354,267193177
267193177,6655403351
6655403351,13253573822
13253573822,267193176
267193176,6655403350
6655403350,267193175
267193175,6655403349
6655403349,7222231181
7222231181,947950267
947950267,6655403315
6655403315,6655403312
6655403312,6655403332
6655403332,947950205
947950205,267193173
267193173,6655403336
6655403336,267193172
267193172,6655403334
6655403334,6655403335
6655403335,621248522
6655403315,6655403314
6655403314,6655403313
6655403313,267193174
267193174,13607399692
13607399692,13607417201
13607417201,563661941
563661941,3644533743
6655403189,6655403188
6655403188,6655403181
6655403181,11808669627
11808669627,6655403180
6655403180,6655403179
6655403179,6655403177
6655403177,6655403178
6655403178,6655403187
6655403187,563659620
563659620,6655403175
6655403175,6655403176
6655403176,621248471
6655403142,6655403141
6655403141,6655403140
6655403140,12144692245
12144692245,11001404247
11001404247,563659593
563659593,6655403143
6655403143,12000416976
12000416976,13579391175
13579391175,13579391170
13579391170,563661919
563661919,10302340966
10302340966,12000416978
12000416978,6655403154
6655403154,267193196
267193196,267193197
267193197,5134531453
5134531453,267193198
267193198,267193199
267193199,267193200
267193200,5134531449
5134531449,267193160
910549669,9861910940
9861910940,267193231
267193231,9874614516
9874614516,9874614515
9874614515,9874717717
9874717717,13161810460
13161810460,267193230
267193230,12237754715
1765269481,309862764
309862764,309862763
309862763,11984980568
11984980568,1765269517
1765269517,10248637964
10248637964,910549670
309859088,267193309
267193309,6657105372
6657105372,12000402767
12000402767,6657105373
6657105373,6961442931
6961442931,6657105374
6657105374,6657105375
6657105375,6657105376
6657105376,13300781266
13300781266,11808826356
11808826356,1870091833
1870091833,947950706
947950706,11808826239
11808826239,267193310
267193310,267193311
267193311,267193312
267193312,12880309506
12880309506,947950223
947950223,6657105377
6657105377,6657105378
6657105378,6657116893
6657116893,6657105379
6657105379,309859421
309858909,6961442945
6961442945,910451024
910451024,6961442934
6961442934,910450773
910450773,12000402764
12000402764,6437397301
6437397301,12250318830
10657610045,267193355
267193355,7257645747
7257645747,267193356
267193356,267193357
267193357,267193358
267193358,3731950243
3731950243,267193359
267193359,267193360
267193360,2432410424
2432410424,267193361
267193361,6436552645
6436552645,10248598183
10248598183,267193362
267193362,9865315040
9865315040,267193363
267193363,267193364
267193364,309864520
267193248,267193394
267193394,9862064671
9862064671,6998127075
6998127075,267193393
267193393,9862064672
9862064672,267193392
267193392,9862064673
9862064673,267193391
267193391,267193390
267193390,9861987649
9861987649,267193389
267193389,6998127076
6998127076,267193388
267193388,6998127077
6998127077,947950319
947950319,6998127050
6998127050,6998127078
6998127078,267193387
267193387,6998127079
6998127079,6998127048
6998127048,267193386
267193386,6998127080
6998127080,267193385
267193385,267193383
6702699398,267196272
267196272,6702699423
6702699423,6351660223
6351660223,6702699399
6702699399,12246248280
12246248280,6702699400
6702699400,10255017506
10255017506,4779999166
4779999166,6702699401
6702699401,10255038975
10255038975,6702699402
6702699402,10255038959
10255038959,6702699403
6702699403,10255043833
10255043833,6702699404
6702699404,12246307140
12246307140,1762989534
1762989534,249786861
249786861,6702699406
6702699406,6702699407
6702699407,6702699408
249786848,1762989522
1762989522,6636468150
6636468150,10255172732
10255172732,10255172745
10255172745,10255172729
10255172729,3749161033
3749161033,3749161037
3749161037,12247935601
12247935601,267251014
267251014,6539240963
6539240963,3749161046
3749161046,6643539678
6643539678,6643539680
6643539680,6643539682
6643539682,5792664581
5792664581,5809063024
5809063024,5434484041
6666328386,6666317467
6666317467,6666317463
6666317463,13551113086
13551113086,6666317462
6666317462,10255012751
10255012751,267196314
267196314,10255012753
10255012753,7428442891
7428442891,1762989501
1762989501,6666317456
6666317456,6666317457
6666317457,6666317458
267196304,5483954466
5483954466,621248480
621248480,5483954465
5483954465,267196290
267196290,12888092189
12888092189,267196291
267196304,267196289
267196289,11823890660
11823890660,6385537595
6385537595,6742341880
6742341880,6470072753
6470072753,6742341881
6742341881,6385537602
6385537602,2729066836
2729066836,6742341896
6742341896,6742341897
267196305,6884751017
6884751017,10264318191
10264318191,267196306
267196306,267196307
267196307,6702699435
6702699435,267196308
267253204,3749161020
3749161020,2431986222
2431986222,12149488813
12149488813,10255011765
10255011765,10255011747
10255011747,6742341855
267196314,6666317460
6666317460,9857786694
9857786694,1762989532
1762989532,9857786695
9857786695,267196315
267196315,1762989518
1762989518,9857786696
9857786696,1762989548
1762989548,267196316
267196316,9857786697
9857786697,9857786698
9857786698,9857786699
9857786699,9857786700
9857786700,267196317
267196317,10255043815
10255043815,10255038999
10255038999,10255038998
10255038998,267196318
267196318,9857786701
9857786701,9857786702
9857786702,6702699473
6702699473,267196319
2729066799,10264552815
10264552815,10264552819
5483954472,5484083825
5484083825,5484083824
5484083824,12105998307
12105998307,3749161008
267197887,6666318667
6666318667,267197900
267197900,6666318665
6666318665,6666318664
6666318664,6666318663
6666318663,11816192467
11816192467,6666318660
6666318660,6666318661
6666318661,6666318662
5809063053,7782913600
7782913600,6666318676
6666318676,6666318675
6666318675,6666318674
6666318674,11816192466
11816192466,6666318673
6666318673,6666318672
6666318672,6666318671
6666318671,6666318670
6666318670,6666318669
6666318669,6666318666
6666318666,6666318668
6666318668,7086574340
7086574340,267197888
621248448,6657547777
6657547777,6657547776
6657547776,6657547775
6657547775,267196324
267196324,3745742010
3745742010,7223061599
7223061599,7223061596
7223061596,7223061595
7223061595,7223061589
7223061589,943831487
943831487,6657547773
6657547773,11900641292
11900641292,267197892
267197892,6657547770
6657547770,6657547771
6657547771,6657547772
6657547772,267197893
6681148297,6681148296
6681148296,6681148298
6681148298,11900641295
11900641295,6681148292
6681148292,6681148291
6681148291,6681148290
6681148290,6681148289
6681148289,6681148287
6681148287,6681148286
6681148286,12753584710
12753584710,6681142083
6681142083,6681142082
6681142082,6681142078
6681142078,6681142081
6681142081,1800585968
1800585968,267197870
267197869,1800585964
1800585964,6681142080
6681142080,6681142079
6681142079,3745697621
3745697621,12753584709
12753584709,9990228459
9990228459,3745729182
3745729182,3745729183
3745729183,6681148288
6681148288,9712983485
9712983485,3745729185
3745729185,11900641300
11900641300,267197901
267197901,6681148294
6681148294,6681148295
6681148295,267197897
267197917,5483954481
5483954481,621248432
621248432,5483954482
5483954482,6776599544
6776599544,267197916
267197916,6776599531
6776599531,5483954483
5483954483,6776599534
6776599534,267197926
267197926,5483954484
5483954484,621248419
621248419,5483954485
5483954485,267197925
6681148314,7612154286
7612154286,9859986618
9859986618,7612154285
7612154285,6681148320
8750357800,6681148367
6681148367,12247930669
12247930669,3644091680
267197931,267197932
267197932,267197933
267197933,267197934
5483954499,5483954495
5483954495,5483954498
5483954498,5483954497
5483954497,267197944
267197937,6657447412
6657447412,267197949
267197949,6657447411
6657447411,267609597
267609597,6657447423
6657447423,6657447408
6657447408,6657447409
6657447409,6657447410
267197934,4264008548
4264008548,6657447431
6657447436,7309155277
7309155277,6657447435
6657447435,6657447427
5799663732,12192097078
12192097078,4083435353
4083435353,6436408280
6436408280,13506319768
13506319768,267250994
267250994,5434483896
249783293,12247930695
12247930695,10248638952
10248638952,10248624601
10248624601,9323170812
9323170812,249782337
249782337,1762945147
1762945147,10248567779
10248567779,1762945117
1762945117,10248567781
10248567781,1763007742
1763007742,1191294765
267249915,267249916
267249916,267249899
267249899,5485189758
5485189758,5485189740
5485189740,5485189721
267249914,5485189723
5485189723,5485189725
5485189725,5802016576
5802016576,5485189724
5485189724,5485189722
5485189722,5485189726
5485189726,6742331767
6742331767,9212682358
9212682358,9186342839
621248447,267249919
267249919,5484083378
5484083378,621248445
621248445,5484083376
5484083376,267249920
267249926,4083435329
4083435329,5484083362
5484083362,4083435331
4083435331,10264334480
10264334480,10264328233
10264328233,10264334479
10264334479,6531473581
6531473581,10264334471
10264334471,10264334466
10264334466,10264334469
10264334469,4083435332
4083435332,10264334427
10264334427,4083435338
4083435338,10264334446
10264334446,10264334421
10264334421,13506319766
13506319766,9794183554
9794183554,4083435341
4083435341,13506319767
13506319767,9212682340
3661513066,12247941854
12247941854,10264255628
10264255628,12247941853
12247941853,10264255641
10264255641,10264255633
10264255633,12146151035
12146151035,12146151042
12146151042,3661513068
3661513068,3661513070
3661513070,3661513072
3661513072,11462925576
11462925576,395135103
249783302,11462925640
11462925640,9884398738
9884398738,9857860395
9857860395,12247941852
12247941852,9179109957
9179109957,2566732703
2566732703,6436650499
6436650499,11002576800
11002576800,11002576795
11002576795,12145761703
12145761703,12145761711
12145761711,11001188164
11001188164,11001188156
11001188156,10264255648
10264255648,267251007
267251007,3661513067
3661513067,11778255749
11778255749,3661513065
3661513065,11301690339
11301690339,11778255747
11778255747,12319493472
12319493472,4881456028
4881456028,267249939
267249939,12247941856
12247941856,3661513063
3661513063,267249912
267249930,3742418076
3742418076,3742418072
3742418072,6213742115
6213742115,10264362708
10264362708,6213742118
6213742118,3749161031
3749161031,10264362704
10264362704,3742418070
3742418070,12246292753
12246292753,3742418069
3742418069,3742418068
267249955,3742418060
3742418060,3742418065
3742418065,10264384010
10264384010,10264384009
10264384009,6213742119
6213742119,3742418071
3742418071,10264384033
10264384033,3742418074
3742418074,3742418075
3742418075,3742418073
267249967,267249968
267249968,267249969
267249969,3742556270
3742556270,10264328244
10264328244,5977448436
5977448436,267249954
267249954,5977448432
5977448432,267249955
267249964,3742418050
3742418050,12246292750
12246292750,7429323040
7429323040,7429323052
7429323052,10255011718
10255011718,7135635375
7135635375,7135635383
7135635383,3742418044
3742418044,11917919919
11917919919,3742418042
3742418042,3742418041
3742418041,3742418043
9794183553,11002612717
11002612717,10264303918
10264303918,12185793068
12185793068,11002612713
11002612713,12185793079
12185793079,267251009
267251009,13506319792
13506319792,12185793086
12185793086,9182157245
9182157245,9859502219
9859502219,9182157243
9182157243,12185793027
12185793027,12185793030
12185793030,267250998
267250998,9857860370
9857860370,267250999
267250999,9859502220
9859502220,10264303951
10264303951,5487506616
5487506616,5487506617
4083435383,10248624596
10248624596,5799521554
5799521554,267251002
267251002,5799521436
5799521436,5799521555
5799521555,5799521437
5799521437,1191294728
1191294728,10248624591
10248624591,5799521565
5799521565,9179109960
9179109960,10230413737
10230413737,13439866813
13439866813,1191294714
1191294714,5799521446
5799521446,5799521447
5799521447,267251003
267251003,2431986263
2431986263,10264290716
10264290716,10264290723
10264290723,267251004
267251004,9857860404
9857860404,267251005
267251005,10264290717
10264290717,267251006
267251007,9857860403
9857860403,9857860402
9857860402,1191294663
1191294663,10264255649
10264255649,10264255651
10264255651,10264255654
10264255654,10264255657
10264255657,10264219707
10264219707,10264255660
10264255660,10264219701
10264219701,267251006
267251006,10264303936
10264303936,12319493478
12319493478,267251008
267251008,10264303945
10264303945,12319493497
12319493497,267250999
12728184167,267251012
267251012,9883191550
9883191550,9858009551
9858009551,267251013
267251013,9858009550
9858009550,267251015
267251015,2431986246
2431986246,9858009549
9858009549,10254996216
10254996216,9858009548
9858009548,5434483908
267251014,6643539684
6643539684,267251015
267249959,267251016
267251016,267249960
267251016,12246292752
12246292752,10264321687
10264321687,10264321697
10264321697,10264321690
10264321690,10264321681
10264321681,9858009553
9858009553,3749161040
3749161040,10264321662
10264321662,9858009552
9858009552,6436618073
6436618073,10264321660
10264321660,3749161050
3749161050,267251018
267251018,10264321658
10264321658,10264334450
10264334450,5682467523
5682467523,5682466820
5681450592,11652541099
11652541099,267251572
267251572,9858009531
9858009531,9858009532
9858009532,267196337
267196337,6436172961
6436172961,267251585
267251585,10255311455
10255311455,267251573
267251573,1309626431
10255100650,5681450591
267249967,12246292749
12246292749,10264318164
10264318164,10264384056
10264384056,10264384052
10264384052,267253204
10264328243,267253206
267253206,9858009522
9858009522,3742556247
3742556247,10264384042
10264384042,267253207
267253206,9858009517
9858009517,267253209
9794237536,267253227
267253227,13093899428
13093899428,267253228
267253228,621248406
621248406,267253210
267253210,267253212
267253212,4930107699
4930107699,4930107698
4930107698,266807277
267259245,7232925569
7232925569,267259246
267259246,6436605521
6436605521,6436605522
6436605522,9179118876
9179118876,10264255636
10264255636,9179118871
9179118871,10262384322
10262384322,3661513068
5485189721,5802016575
5802016575,13523964243
13523964243,1271972164
1271972164,5485189119
5485189119,5485189120
5485189120,267259248
267259248,6720393134
6720393134,5802016587
5802016587,5802016584
5802016584,6720393131
6720393131,6720393132
6720393132,5802016590
5802016590,6720393128
6720393128,5802016592
5802016592,6720393114
6720393114,6436625369
6436625369,6720393116
6720393116,10264640742
10264640742,6720393117
6720393117,6720393118
6720393118,10264640745
10264640745,10264640743
10264640743,6720393119
6720393119,10264645121
10264645121,6720393120
6720393120,6720393121
6720393121,10264640782
10264640782,6720393122
6720393122,10264640784
10264640784,6720393123
6720393123,6720393126
6720393126,6720393124
6720393124,6720393125
6720393125,5483954454
6720393108,6720393107
6720393107,6720393106
6720393106,6720393110
6720393110,6720393109
6720393109,267259320
267259320,10264645122
10264645122,10264645130
10264645130,6720393112
6720393112,12543053338
12543053338,6720393113
6720393113,267259322
267259322,6720393115
6720393115,10264764670
10264764670,5802016595
5802016595,5802016596
5802016596,6720393127
6720393127,5802016589
5802016589,5802016588
5802016588,6720393130
6720393130,6720393129
6720393129,267259253
267259253,6720393133
6720393133,5802016594
5802016594,5802016591
5802016591,5802016593
5802016593,5485189764
5485189764,13523964242
13523964242,1271972181
1271972181,5485189730
5485189730,5485189763
5485189763,267249900
267253224,13382754571
13382754571,12535380846
12535380846,11792878924
11792878924,9794237535
9794237535,9794237532
9794237532,12231569423
12231569423,12231569418
12231569418,12231547557
12231547557,12231547553
12231547553,12231547572
12231547572,9794237533
9794237533,12223581998
12223581998,11773322155
11773322155,9794237537
267259250,267253225
267259251,11773322156
11773322156,6436821126
6436821126,12325499131
12325499131,12325499150
12325499150,12325502744
12325502744,12325502707
12325502707,267259325
267259325,12325499192
12325499192,267259252
267259252,267259455
267259455,11792878925
11792878925,267259250
267259256,12535380864
12535380864,10264764703
10264764703,267259255
5802016582,6720393131
6720393131,5802016580
5802016580,5802016585
5802016585,6436625363
6436625363,267259269
267259269,267259254
5802016594,9843555979
9843555979,9843555978
9843555978,267259257
267259257,10264764665
10264764665,10264764659
10264764659,9843555975
9843555975,9843555977
9843555977,10264764676
10264764676,10264764680
10264764680,267259255
5802016585,9843616375
9843616375,9843616374
9843616374,5802016586
5802016586,9843616373
9843616373,9843616372
9843616372,267259259
267259259,267259260
267259260,267259261
267259261,9858009559
9858009559,3555511597
3555511597,267259262
267259280,5792664523
5792664523,5792664506
5792664506,5792664507
5792664507,5792664505
5792664505,267259266
267259265,6720393105
6720393105,9859508693
1368046429,10869887205
10869887205,9843742115
9843742115,9843742070
9843742070,267259270
267259274,5483954450
5483954450,621248440
621248440,5483954451
5483954451,267259273
267259273,5483954449
5483954449,621248441
621248441,5483954448
5483954448,267259270
267259270,5483954447
5483954447,621248442
621248442,5483954446
5483954446,6720393087
5792664508,10264640770
10264640770,267259274
267259283,621248364
621248364,267259284
267259284,621248367
621248367,267259285
267259285,621248368
621248368,6720393111
6720393111,267259287
267259287,621248369
621248369,267259288
267259288,621248372
621248372,267259289
267259289,267259290
267259290,267259291
267259291,621248375
621248375,267259292
267259292,621248377
621248377,10264645128
10264645128,267259298
267259298,267259305
267259305,267259283
267259283,12231547580
12231547580,6436821125
6436821125,9843555980
9843555980,267259313
267259313,267259320
267259320,6720393121
6720393121,9843616371
9843616371,9843616370
9843616370,943560347
943560347,10264640765
10264640765,943560162
943560162,943560525
943560525,9843958844
9843958844,9843958845
9843958845,943560345
267259291,9843555972
267259287,267259323
267259323,9843555981
9843555981,267259324
267259324,9794237532
9794237532,267259325
267253228,10780915184
10780915184,267259327
267259327,267253210
267259412,6773338029
6773338029,267259390
267259390,6773338028
6773338028,4156355790
4156355790,6773338027
6773338027,267259376
267259376,6773338026
6773338026,8757909138
8757909138,267259371
267259371,9798407617
9798407617,4156355791
4156355791,8757909137
8757909137,267259359
267259359,6776599579
6776599579,267259334
267259334,267259333
267259333,267259332
267259332,4156355792
4156355792,267259331
267259331,267259330
267259330,4156355793
267259413,267259331
11290113781,267259416
267259416,267259415
267259416,267259417
8757909136,267259425
267259425,10264552849
10264552849,943560306
943560306,943560217
943560217,267259422
267259422,8757909138
9798407617,6776599578
6776599578,10264672409
10264672409,10264672411
10264672411,267259414
1368046431,10869887105
10869887105,10264555456
10264555456,9843742112
9843742112,10264552828
10264552828,10264552835
10264552835,6773338028
267259433,5561975424
5561975424,3644433262
3644433262,3644433272
3644433272,267259434
267259434,9843555984
9843555984,267259435
267259436,6436821127
267259438,267259439
267259439,267259440
267259440,267259441
267259441,267259442
267259442,267259443
267259443,267259444
267259444,267259445
267259445,267259436
267259436,621248443
621248443,267259446
267259446,267259447
267259447,267259448
267259448,621248444
621248444,267259449
267259449,267259438
267259450,9843555986
9843555986,9843555985
9843555985,267259451
267259451,6720378879
6720378879,267259438
267259442,267259452
267259452,9843555982
9843555982,9843555983
9843555983,267259325
5561975421,9843537004
9843537004,9843536994
9843536994,9843536997
9843536997,11804686765
11804686765,11804686764
267259327,1271972167
1271972167,267259456
267259456,267259250
267259456,267259486
267259486,267259467
267259467,267259457
267259457,267259458
267259458,11804686764
267259490,267259489
267259489,267259460
943559888,943560387
943560387,267259478
267259478,267259461
267259461,267259457
267259457,9843537000
9843537000,9843536999
9843536999,267259465
267259465,267259466
267259466,9843537001
9843537001,9843537002
9843537002,267259467
267259327,267259470
267259470,267259474
267259474,267259475
267259475,267259476
267259470,267259484
267259484,10264741939
10264741939,267259478
267259478,267259489
267259489,10264706932
10264706932,10264706935
10264706935,943560264
943560264,10264706924
10264706924,10264706927
10264706927,267259479
267259483,267259484
267259484,267259485
267259485,267259486
267259486,267259487
5483954444,9195214421
9195214421,943560798
943560798,267259433
267259433,4231821234
4231821234,267259329
267259329,5561970217
5561970217,267259453
267259453,267259459
267259459,267259326
267259480,10264706931
10264706931,10264706928
10264706928,267259490
267259490,267259483
267259483,9843537008
9843537008,9843537007
9843537007,267259481
267259481,10264741952
10264741952,267259482
267259460,267259458
267259458,267259454
267259921,267259923
267259923,267259924
267259924,267259925
267259925,267259926
267259926,267259928
267259928,267259929
267259929,267259930
267259930,267259931
267259931,267259932
267259932,267259933
267259933,267259936
267259936,267259942
267259942,267259944
267259944,941021567
941021567,267259945
267259945,267259921
267259930,267259488
267259488,267259931
267259921,3734063083
3734063083,267259947
267259947,11804801783
11804801783,11804801785
11804801785,11804801787
11804801787,11804801789
11804801789,267259946
267259946,266807256
267259947,3734063097
3734063097,9843880938
9843880938,267259948
267259948,9843540639
9843540639,9843540640
267259924,267259951
267259951,267259925
267259951,267259965
267259965,267259952
267259952,267259953
267259953,267259954
267259954,3734065695
3734065695,267259955
267259955,267259956
267259956,267259957
267259957,267259958
267259958,267259959
267259959,3734065696
3734065696,267259960
267259960,267259961
267259961,267259952
267259957,266807274
267259928,267259962
267259962,6436675432
6436675432,267259963
267259949,9843880932
9843880932,9843880933
9843880933,9843880934
9843880934,267259964
267259964,267259965
267259965,267259966
267259966,6436675439
6436675439,9843537011
9843537011,9843537010
9843537010,267259967
267259967,9843880920
9843880920,267259968
267259968,9843537012
9843537012,9843880926
9843880926,9843880928
9843880928,9843880919
9843880919,9843880930
9843880930,267259969
267259969,9843769710
9843769710,6552759604
267259966,9843540617
9843540617,9843540622
9843540622,267259970
621248517,5483954642
5483954642,621248516
621248516,5483954641
5483954641,267609414
267609414,5483954640
5483954640,621248526
621248526,5483954639
5483954639,267609420
267609420,5483954638
5483954638,621248525
621248525,5483954637
5483954637,1633262432
267609414,9852428414
9852428414,267609422
267609422,267609423
267609423,9852428406
9852428406,9852428407
9852428407,9852428413
9852428413,9852428412
9852428412,9852428408
9852428408,563662807
563662807,9852428409
9852428409,9852428410
9852428410,563662808
563662808,9852428411
9852428411,563662809
563662809,1633262433
1633262433,563662810
6657443540,621248529
621248529,621248530
621248530,267609496
267609496,621248531
621248531,621248532
621248532,267609497
267609497,621248533
621248533,621248534
621248534,267609498
267609498,12780247333
12780247333,621248535
621248535,13214712484
13214712484,621248536
308887717,3744281442
3744281442,3744281440
3744281440,3744281438
3744281438,3744281435
3744281435,3744281434
3744281434,1870091886
1870091886,6436658261
6436658261,267609555
267609555,267609496
621248532,6657443542
6657443542,6657443541
6657443541,267609568
267609568,6657443543
6657443543,6657443544
6657443544,3742305717
3742305717,3742305691
3742305691,3742305410
3742305410,3742305358
3742305358,267609569
267609569,11540517109
11540517109,6657443546
6657443546,11545419488
11545419488,6657443547
6657447384,6657447390
6657447390,621248542
621248542,621248544
621248544,267609592
267609592,6657551993
6657551993,621248547
621248547,7309995823
7309995823,6657447385
6657447385,6657552016
6657552016,621248551
621248551,6657447386
6657447386,3744058863
3744058863,621248555
621248555,621248556
621248556,1446272008
1446272008,267609595
267609595,6657447387
6657447387,267609596
267609596,6657447388
6657447388,6657447421
6657447421,621248565
621248565,6657447389
6657447389,6657447410
6657447410,621248568
621248568,9695562432
9695562432,6657447384
60890393,6110396117
6110396117,280740694
280740694,10261766598
10261766598,10261766596
10261766596,6110396131
6110396131,1867171627
1867171627,280740678
280740678,280740682
6657447355,6657447354
6657447354,6657447353
6657447353,6657447356
6657447356,301037179
301037179,6657447351
6657447351,308887832
308887832,6657447350
6657447350,9852864657
9852864657,6657447349
6657447349,9852864660
9852864660,3742305714
3742305714,943830836
943830836,3742305383
3742305383,11540517070
11540517070,301037178
301037178,11545419487
11545419487,6657447347
11540517076,301037181
301037181,308884181
308884181,6657447335
6657447335,621248499
621248499,301037183
301037183,621248500
621248500,6657447293
6657447293,433484634
433484634,621248501
621248501,433484631
433484631,6657443548
6657443548,621248502
621248502,6657443545
6657443545,6657443547
6657443547,301037184
301037184,6657447375
6657447375,6657447346
6657447346,6657447347
6657447347,11545419485
11545419485,308885894
308885894,11545419486
11545419486,11540517075
11540517075,301037185
301037185,433484633
433484633,11540517076
301037187,5483954623
5483954623,621248506
621248506,5483954624
5483954624,433484628
433484628,5483954625
5483954625,433484626
433484626,5483954626
5483954626,621248507
621248507,6657447355
6657447355,5483954510
5483954510,6657447352
6657447352,5483954511
5483954511,301037191
301037191,5483954512
5483954512,433484630
433484630,5483954513
5483954513,621248503
621248503,5483954514
5483954514,301037190
301037190,5483954515
280740936,13450764649
13450764649,301037203
301037203,12240633474
308883229,308883228
308883228,6357559114
6357559114,308883227
308883227,308883582
308883582,6357559112
6357559112,433484645
433484645,308883224
308883224,3642434432
3642434432,308883223
308883223,6357559113
6357559113,433484646
433484646,6680820004
6680820004,621248492
621248492,308883222
308883582,6342496388
308884948,5484083408
5484083408,621248497
621248497,5484083409
5484083409,6657443572
6657443572,308884951
308884951,5484083410
5484083410,308884952
308884952,5484083411
5484083411,621248498
621248498,5484083412
5484083412,308884953
308884953,5484083413
5484083413,308884954
308885274,433484640
433484640,6657547758
6657547758,6657547759
6657547759,6657547760
6657547760,6657547761
6657547761,6657547762
6657547762,6657547763
6657547763,6657547752
6657547752,6657547768
6657547768,6657547764
6657547764,6657547765
6657547765,6657547766
6657547766,6681148370
308887717,308887830
308888616,308888617
308888617,6657551999
6657551999,308888618
308888618,1754729578
1754729578,308888619
308888619,308888620
308888620,1754729537
1754729537,1754729476
1754729476,308888621
308888621,308888622
308888622,308888624
308888624,308888625
308888625,308888626
308888626,1754729490
1754729490,308888627
308888627,308888628
308888628,1754729491
1754729491,308888629
308888629,1754729477
1754729477,308888630
308888630,308888631
308888631,1754729518
1754729518,308888632
308888632,1754729553
1754729553,308888633
308888633,6657552000
6657552000,308888616
308888625,1754729508
1754729508,3745099611
3745099611,1754729511
1754729511,941021247
941021247,3745099612
3745099612,9852811994
9852811994,308888861
308888861,9852811993
9852811993,3644347363
3644347363,308888862
3174618688,3642436887
3642436887,943831323
943831323,2697696020
2697696020,2796856398
2796856398,2800343012
2800343012,9826864314
9826864314,2800343013
2800343013,2697721891
2697721891,250102748
250102748,9826864315
9826864315,1754592356
1754592356,1754592364
1754592364,6918479552
6918479552,1870091842
280741019,562615477
562615477,280741016
280741016,280740990
280740990,280740987
280740987,280740985
280740985,280740984
280740984,280740982
280740982,268212543
268212543,3217361694
3217361694,333691129
333691129,6560396389
6560396389,268212541
268212541,13633346751
13633346751,268212540
268212540,6560390483
6560390483,3624347955
3624347955,12388953528
12388953528,268212538
268212538,1681456906
1681456906,268212537
309859083,309859084
309859084,309859085
309859085,267193308
267193308,7009786330
7009786330,309859086
309859086,309859087
309859087,309859088
621248514,3742305557
3742305557,11540517133
11540517133,3644533697
3644533697,6645848781
6645848781,356742459
356742459,6645848774
6645848774,943831164
943831164,356742458
356742458,3742305553
3742305553,356742457
356742457,943875579
943875579,6657447317
6657447317,356742455
356742455,356742453
356742453,356742452
356742452,943876121
943876121,356742451
356742451,356742450
356742450,6657447336
6657447336,3742305546
3742305546,3742305543
3742305543,7305381090
11792964333,11792964332
563659586,6655403109
6655403109,6655403107
6655403107,6576535193
6576535193,12000417015
12000417015,12144692250
12144692250,6655403110
6655403110,6576535197
6576535197,6576529247
6576529247,9794249873
9794249873,12109755964
12109755964,10302298919
10302298919,267193238
267193238,9861910938
9861910938,10302298918
10302298918,301037192
301037192,6576535199
6576535199,301037193
301037193,6669134719
6669134719,11744871196
6657116910,309863572
309863572,11647561829
11647561829,6436186878
6436186878,6436186876
6436186876,309863573
309863573,947950085
947950085,11647666716
11647666716,6436059333
6436059333,2431986065
2431986065,309863574
309863574,947950528
947950528,309863575
309863575,6593532608
6593532608,267193322
267193322,947950522
947950522,947950310
947950310,947950148
947950148,11655637416
11655637416,9854764049
9854764049,9854764048
9854764048,309863577
309863577,9854764050
9854764050,11655637411
11655637411,9854917360
9854917360,947950582
947950582,9767027244
9767027244,947950557
947950557,9854764045
9854764045,947950928
947950928,947950161
947950161,9854917362
9854917362,947950938
947950938,947950605
947950605,10255352599
10255352599,309863580
267193324,1764089462
1764089462,910451008
910451008,910451276
910451276,910450682
910450682,910450557
910450557,309858212
309858910,267193324
309858208,2905985813
2905985813,2905985834
2905985834,910451136
910451136,2905985833
2905985833,910450745
910450745,314505985
2431986044,10248639545
10248639545,6961442927
6961442927,6961442943
6961442943,12000402765
12000402765,910450920
910450920,910451079
910451079,910451216
910451216,309859083
314505985,314505986
277419824,9792383706
9792383706,9792383697
9792383697,9792383698
9792383698,9792383699
9792383699,9792407221
9792407221,412331452
280740686,10261840106
10261840106,315999027
315999027,10261841016
10261841016,1811703544
1811703544,563643195
563643195,5209562476
5209562476,1811692135
1811692135,10279857784
10279857784,60890383
60890383,12159147306
12159147306,268212048
268212048,11837272866
11837272866,11837277569
11837277569,309647191
309863580,7257620402
7257620402,345277871
345277871,345277872
309863580,10255352606
10255352606,10255352601
10255352601,947950288
947950288,10255363532
10255363532,11655741017
11655741017,309863581
309863581,9854764030
249791840,910356544
910356544,249791836
249791836,314505973
314505970,355435728
355435728,2912295529
2912295529,9832786208
9832786208,13253714562
13253714562,6436068099
6436068099,314505971
314505971,5716610638
5716610638,13253714564
13253714564,1870091784
1870091784,249791842
249791842,1870091794
1870091794,6436068101
6436068101,5716610634
5716610634,5716610633
5716610633,6436068097
6436068097,2431986061
2431986061,249791843
249791843,6734054806
6734054806,1870091825
1870091825,6734054804
6734054804,1870091829
1870091829,10242883149
10242883149,943876146
943876146,9833052714
9833052714,1870091836
355435732,4930107694
4930107694,4930107693
4930107693,4930107692
267197943,5483954503
5483954503,5483954502
5483954502,5483954501
5483954501,5483954499
308883223,6680819985
6680819985,370583667
943875805,370584158
370584158,9859986539
9859986539,9859986538
9859986538,3642420996
3642420996,370584159
370584159,3642421008
3642421008,3642421010
3642421010,370584162
370584172,370584207
370584207,370583668
370584167,370584246
563659601,6655403292
6655403292,9852498369
9852498369,563659575
563659575,563659573
563659573,3144938704
3144938704,563659572
563659572,9852498400
9852498400,9852498387
9852498387,8985751329
8985751329,381510463
381510463,11672309881
11672309881,11672309876
11672309876,6576529262
6576529262,381510467
2829272951,2829272953
2829272953,9843616399
9843616399,562615465
562615465,562615467
562615467,562615463
562615463,562615464
562615464,562615489
562615489,562615479
562615479,6225765116
915367958,316463556
316463556,11799164410
11799164410,988038969
988038969,11841922697
11841922697,988038972
988038972,6669107781
6669107781,316463562
7047751844,12016319476
12016319476,7047751843
7047751843,6084384995
6084384995,12214113834
12214113834,12214113845
12214113845,6192009287
6192009287,9868032817
9868032817,412332127
412332127,412332128
412332128,9870002660
9870002660,316066090
316066090,9868032726
9868032726,9870002662
9870002662,6997689024
6997689024,6997689023
6997689023,6997689009
6997689009,9792383690
9792383690,6997689012
6997689012,316066079
58061203,6466668764
6466668764,246513647
246513647,915368517
316066090,9951107362
9951107362,9868032724
9868032724,9868032725
9868032725,412331976
412331976,11881256699
11881256699,11881256814
11881256814,11881256677
11881256677,9868032740
9868032740,3739919856
3739919856,412331977
412331977,412331978
9868032658,412332008
412332008,412332007
412332007,9869611721
9869611721,9869588413
9869588413,412332006
412332006,9867603555
9867603555,9867603556
9867603556,412332005
412332005,2061627220
2061627220,412332004
412332004,412332003
412332003,412332002
412332002,9867603554
9867603554,412332001
412332001,3739919097
3739919097,9869611800
9869611800,9867854579
9867854579,412332000
412332000,9867603553
9867603553,3557609083
3557609083,412331998
412331998,412331997
412331997,9867603552
9867603552,412331996
412331996,9867603551
9867603551,412331995
412331995,412331994
412331994,412331993
412331993,412331992
412331992,9867603550
9867603550,9867603549
9867603549,412331991
412331991,9867603548
9867603548,9868032738
9868032738,9868032739
9868032739,9868032753
9868032789,412332059
412332059,9869629322
9869629322,412332060
412332060,9867712736
9867712736,9867712732
9867712732,9867712737
9867712737,9867712735
9867712735,9867712733
9867712733,9867712740
9867712740,9867712734
9867712734,6485918170
6485918170,9867712741
9867712741,11021381031
11021381031,9867712742
9868032825,9869643864
9869643864,412332059
412332059,9867707113
9867707113,412332071
412332071,9867707111
9867707111,9867707112
9867707112,412332072
412332072,9867707109
9867707109,9867707110
9867707110,9869643865
9869643865,412332073
412332073,9867663811
9867663811,9867663812
9867663812,9867663813
9867663813,412332074
412332074,412332065
412332065,412332066
412332066,9867663810
9867663810,3739927061
3739927061,9868032760
9868032760,412332067
412332067,412332121
412332121,3739927403
3739927403,412332122
412332122,412332123
412332123,412332124
412332124,6438789546
6438789546,6438789576
6438789576,412332125
412332125,11222097603
11222097603,9868032617
9868032617,9860388502
9860388502,9867663809
9867663809,6192009290
6192009290,412332127
11222097604,9867663800
9867663800,9867663799
9867663799,412332129
412332129,9867663798
9867663798,9867663797
9867663797,9867663796
9867663796,412332130
412332130,412332131
412332131,11881256811
11881256811,412332132
9868032756,412332133
412332133,9868064674
9868064674,9868064669
9868064669,412332134
412332134,412332069
412332069,9868032723
9868032723,9868027716
9868027716,9868032722
9868032722,9868032721
6657443572,6657443571
6657443571,433484639
433484639,6657443570
6657443570,6657443568
6657443568,6657443577
6657443577,3742305716
3742305716,3742305695
3742305695,13282870087
13282870087,3742305735
3742305735,563662817
563662817,3742305689
3742305689,11540517105
11540517105,6657443566
6657443566,6657443567
6657443567,301037185
6657547756,6657547755
6657547755,6657547754
6657547754,308885275
308885275,4808432990
4808432990,6657547751
6657547751,6657547750
6657547750,6657547749
6657547749,943830516
943830516,6657547743
6657547743,6657547744
6657547744,6657547745
6657547745,9463511717
9463511717,6657547746
6657547746,6657547747
6657547747,6657547748
433484659,433484651
433484651,6680284518
6680284518,6680284519
6680284519,6680284520
6680284520,9713020380
9713020380,6680284521
6680284521,6680284522
6680284522,6680284523
6680284523,6680284524
6680284524,6680284525
6680284525,6680284526
6680284526,6680284527
6680284527,433484641
433484641,433484642
433484642,6680284528
6680284528,308884948
308884943,6680284512
6680284512,433484643
433484643,6680284511
6680284511,6680284513
6680284513,6680284510
6680284510,6680284514
6680284514,3642408771
3642408771,3642408765
3642408765,3642421066
3642421066,3642421063
3642421063,3642421049
3642421049,3642421048
3642421048,3642421024
3642421024,308884532
308884532,3642421011
3642421011,3642421004
3642421004,3642421000
3642421000,3642420993
3642420993,3642416675
3642416675,6680284515
6680284515,11446721751
308884941,370583671
370583671,6680819989
6680819989,6680819990
6680819990,6680819991
6680819991,6680819992
6680819992,6680819993
6680819993,6680819994
6680819994,6680819995
6680819995,6680819996
6680819996,6680819997
6680819997,6680819998
6680819998,6680819999
6680819999,6680820000
6680820000,10536781575
10536781575,6680820001
6680820001,6680820002
6680820002,6680820003
6680820003,6680820004
3744432460,6680797468
6680797468,6680797467
6680797467,308883583
370583667,10536781574
10536781574,2697771090
2697771090,370583668
370583668,3642421056
3642421056,3642408761
3642408761,1800578901
1800578901,3642408769
3642408769,1800578899
1800578899,3642408772
3642408772,370583669
370583669,3642408779
3642408779,3745743588
3745743588,370583670
370583670,6680819987
6680819987,6680819988
6680819988,6680819986
6680819986,370583672
308883222,6357559111
6357559111,6666377288
6666377288,308882923
308882923,6666377289
6666377289,6666377286
6666377286,6666377285
6666377285,6666318684
6666318684,943831249
943831249,3642434616
3642434616,3745722826
3745722826,3745722828
3745722828,3745722834
3745722834,3745722847
3745722847,3745722868
3745722868,943830889
943830889,6666318682
6666318682,6666318677
6666318677,6666318678
6666318678,6666318679
6666318679,6666318680
6680820008,6680820007
6680820007,6680820005
6680820005,6680820015
6680820015,3642434444
3642434444,6680820009
6680820009,943830439
943830439,3642434448
3642434448,3642434449
3642434449,3642434460
3642434460,3642434466
3642434466,3642434470
3642434470,3642434486
3642434486,943875896
943875896,3642434488
3642434488,3642434489
3642434489,943830930
943830930,6680820010
6680820010,1800585961
1800585961,1800585958
1800585958,6680820011
6680820011,267197868
10542997946,3742302410
3742302410,3742302405
3742302405,3742302401
3742302401,3744432431
3744432431,3744432429
3744432429,6538760820
6538760820,6538760819
6538760819,3742305535
3742305535,3742305534
3742305534,7305381085
11446721751,5484083397
1870091836,1870091841
1870091841,3742305473
3742305473,11935424214
11935424214,308884530
7305381089,3742305545
3742305545,6538760822
433484653,5484083390
5484083390,3744432438
3744432438,5484083389
5484083389,433484662
433484662,5484083388
5484083388,3744432447
3744432447,433484654
433484654,5484083399
5484083399,433484661
433484661,5484083400
5484083400,3744432461
3744432461,433484659
6680295299,11935409337
11935409337,6680295296
6680820027,6680820026
6680820026,6680820032
6680820032,6680820025
6680820025,10603918108
10603918108,6680820024
6680820024,6680820023
6680820023,6680820022
6680820022,6680820021
6680820021,6680820020
6680820020,6680820019
6680820019,6680820018
6680820018,6680820017
6680820017,6680820014
6680820014,6680820013
6680820013,6680820016
6680820016,6680820012
6680820012,6680820006
6680820006,308883231
267197876,6666377308
6666377308,6666377307
6666377307,6666377306
6666377306,6666377305
6666377305,6666377304
6666377304,6666377302
6666377302,6666377300
6666377300,6666377299
6666377299,6666377297
6666377297,6666377295
6666377295,6666377294
6666377294,6666377293
6666377293,6666377291
6666377291,6666377290
6666377290,6666377292
6666377292,6666377287
6666377287,6357559117
6357559117,308883156
6657547731,6657547735
6657547735,6657547736
6657547736,6657547737
6657547737,10720644696
10720644696,6657547738
6657547738,6657547740
6657547740,6776599564
6776599564,6776599542
6776599542,12920537159
12920537159,6657547742
6657547742,6657547741
11545419486,6657447288
6657447288,6657447287
6657447287,6657447286
6657447286,11540517104
11540517104,6657447285
6657447285,6657443584
6657443584,9852864658
9852864658,6657443583
6657443583,6657443582
6657443582,6657443581
6657443581,6657443580
6657443580,6657443579
6657443579,6657443576
6657443576,6657443575
6657443575,6657443569
6657443569,6657443578
6657443578,6657443574
6657443574,6657443573
6657443573,308884952
12097080569,12097080711
12097080711,12097080502
12097080502,12097080877
12097080877,556799270
556799270,12097080778
12097080778,12097080920
12097080920,12097080930
12097080930,12097080960
12097080960,12097080611
12097080611,11876633595
11876633595,12097080814
12097080814,12097080582
12097080582,12097080866
12097080866,12097080588
12097080588,12097080572
12097080572,12097080509
12097080509,12097080518
12097080518,12097080748
12097080748,12097080575
12097080575,12097080723
12097080723,11876633588
11876633588,12097080895
12097080895,12097080562
12097080562,12097080631
12097080631,12097080516
12097080516,12097080687
12097080687,12097080951
12097080951,12097080673
12097080673,12097080856
12097080856,12097080555
12097080555,12097080756
12097080756,12097080508
12097080508,12097080759
12097080759,12097080568
12097080568,11876633592
11876633592,12097080879
12097080879,12097080647
12097080647,12097080971
12097080971,12097080760
12097080760,12097080616
12097080616,12097080648
12097080648,12097080552
12097080552,12097080950
12097080950,12097080841
12097080841,12097080298
12097080298,12097080802
12097080802,12097080722
12097080722,12097080539
12097080539,12097080561
12097080561,12097080871
12097080871,12097080884
12097080884,12097080571
12097080571,11876633597
11876633597,12097080859
12097080859,12097080729
12097080729,12097080541
12097080541,12097080977
12097080977,12097080935
12097080935,12097080954
12097080954,12097080886
12097080886,12097080922
12097080922,12097080966
12097080966,12097080785
12097080785,12097080809
12097080809,12097080910
12097080910,12097080872
12097080872,12097080926
12097080926,12097080524
12097080524,12097080603
12097080603,12097080918
12097080918,12097080968
12097080968,12097080903
12097080903,12097080885
12097080885,12097080511
12097080511,11876633590
11876633590,12097080594
12097080594,12097080715
12097080715,12097080724
12097080724,12097080573
12097080573,12097080617
12097080617,12097080860
12097080860,12097080563
12097080563,12097080640
12097080640,12097080742
12097080742,12097080764
12097080764,12097080576
12097080576,12097080745
12097080745,12097080506
12097080506,12097080963
12097080963,11876633594
11876633594,12097080672
12097080672,12097080773
12097080773,12097080701
12097080701,12097080560
12097080560,12097080875
12097080875,12097080713
12097080713,12097080944
12097080944,12097080823
12097080823,12097080554
12097080554,12097080770
12097080770,12097080668
12097080668,12097080882
12097080882,556799114
556799114,12097080627
12097080627,12097080584
12097080584,12097080820
12097080820,12097080512
12097080512,12097080955
12097080955,12097080656
12097080656,12097080851
12097080851,12097080913
12097080913,12097080719
12097080719,12097080803
12097080803,12097080579
12097080579,12097080761
12097080761,12097080867
12097080867,12097080782
12097080782,12097080791
12097080791,12097080969
12097080969,12097080919
12097080919,556799123
556799123,12097080297
12097080297,12097080703
12097080703,12097080936
12097080936,12097080732
12097080732,12097080912
12097080912,12097080975
12097080975,12097080293
12097080293,12097080558
12097080558,12097080522
12097080522,12097080734
12097080734,12097080536
12097080536,12097080899
12097080899,12097080607
12097080607,12097080557
12097080557,12097080979
12097080979,12097080755
12097080755,12097080804
12097080804,556799131
556799131,12097080834
12097080834,12097080911
12097080911,12097080928
12097080928,12097080772
12097080772,12097080849
12097080849,12097080753
12097080753,12097080628
12097080628,12097080642
12097080642,12097080540
12097080540,12097080917
12097080917,12097080824
12097080824,12097080740
12097080740,12097080632
12097080632,12097080709
12097080709,12097080700
12097080700,12097080615
12097080615,12097080965
12097080965,12097080688
12097080688,556799136
556799136,12097080517
12097080517,12097080708
12097080708,12097080531
12097080531,12097080666
12097080666,12097080622
12097080622,12097080659
12097080659,12097080934
12097080934,12097080626
12097080626,12097080768
12097080768,12097080574
12097080574,12097080821
12097080821,12097080795
12097080795,12097080707
12097080707,12097080976
12097080976,12097080290
12097080290,12097080746
12097080746,12097080542
12097080542,12097080696
12097080696,556799141
556799141,12097080873
12097080873,12097080891
12097080891,12097080854
12097080854,12097080546
12097080546,12097080712
12097080712,12097080900
12097080900,12097080725
12097080725,12097080813
12097080813,12097080958
12097080958,12097080294
12097080294,12097080973
12097080973,12097080847
12097080847,556799155
556799155,12097080533
12097080533,12097080931
12097080931,12097080621
12097080621,12097080578
12097080578,12097080939
12097080939,12097080868
12097080868,12097080845
12097080845,12097080788
12097080788,556799174
556799174,12097080865
12097080865,12097080797
12097080797,12097080583
12097080583,12097080861
12097080861,12097080843
12097080843,12097080848
12097080848,12097080800
12097080800,12097080682
12097080682,12097080641
12097080641,12097080634
12097080634,12097080808
12097080808,12097080766
12097080766,556799188
556799188,12097080730
12097080730,12097080671
12097080671,12097080591
12097080591,12097080619
12097080619,12097080610
12097080610,12097080510
12097080510,12097080705
12097080705,12097080601
12097080601,12097080596
12097080596,12097080691
12097080691,12097080620
12097080620,12097080699
12097080699,12097080762
12097080762,556799204
556799204,12097080661
12097080661,12097080780
12097080780,12097080521
12097080521,12097080690
12097080690,12097080752
12097080752,12097080765
12097080765,12097080827
12097080827,12097080556
12097080556,12097080737
12097080737,12097080602
12097080602,12097080655
12097080655,12097080874
12097080874,556799221
556799221,12097080836
12097080836,12097080550
12097080550,12097080941
12097080941,12097080678
12097080678,12097080527
12097080527,12097080793
12097080793,12097080612
12097080612,12097080902
12097080902,12097080694
12097080694,12097080947
12097080947,12097080751
12097080751,12097080586
12097080586,12097080909
12097080909,556799233
556799233,12097080716
12097080716,12097080897
12097080897,12097080840
12097080840,12097080287
12097080287,12097080937
12097080937,12097080758
12097080758,12097080914
12097080914,12097080794
12097080794,12097080535
12097080535,12097080829
12097080829,556799245
556799245,12097080676
12097080676,12097080739
12097080739,12097080818
12097080818,12097080565
12097080565,12097080600
12097080600,12097080649
12097080649,12097080850
12097080850,12097080299
12097080299,12097080948
12097080948,12097080532
12097080532,12097080296
12097080296,12097080534
12097080534,12097080660
12097080660,12097080669
12097080669,12097080942
12097080942,12097080639
12097080639,12097080513
12097080513,12097080681
12097080681,556799256
556799256,12097080702
12097080702,12097080652
12097080652,12097080806
12097080806,12097080771
12097080771,12097080743
12097080743,12097080728
12097080728,12097080646
12097080646,12097080663
12097080663,12097080775
12097080775,12097080662
12097080662,12097080695
12097080695,12097080289
12097080289,12097080904
12097080904,12097080832
12097080832,12097080608
12097080608,12097080720
12097080720,12097080609
12097080609,12097080569
556802606,556802619
556802619,9865646871
9865646871,3644364912
3644364912,556802632
556802632,3644364894
3644364894,556802641
556802641,556802652
556802652,556802663
556802663,556802674
556802674,556802687
556802687,556802700
556802700,3644200308
3644200308,556802709
556802709,3644495123
3644495123,556802715
556802715,556802728
556802728,556804166
556804166,556802737
556802737,3644200296
3644200296,3644200295
3644200295,3644198790
3644198790,3644198783
3644198783,3644198785
3644198785,556802771
556802771,3644198774
3644198774,556802785
556802785,556802800
556802800,3644495122
3644495122,3644198782
3644198782,556802870
556802870,556802882
556802882,556802894
556802894,556802904
556802904,556802914
556802914,556802924
556802924,3644198784
3644198784,556802928
556802928,3644364893
3644364893,556802931
556802931,3644319576
3644319576,9865646872
9865646872,556802934
556802934,556802935
556802935,556802606
3644200311,556802674
556802674,556803760
556803760,941021293
941021293,267259329
3644389082,3644389085
3644389085,556803776
1869899425,3644212631
3644212631,556803776
556803776,556803760
556803760,3644483566
3644483566,9865646871
9865646871,3644200312
3644200312,3644200302
3644200302,3644198776
3644198776,9865646872
9865646872,3644483565
3644483565,556805848
556805848,3644198772
3644198772,3644212630
3644212630,3644198771
3644198778,556802904
556802904,556805848
556805848,941021911
941021911,8757909132
8757909132,6776599577
6776599577,6657552008
910664894,5170712896
5170712896,5170712895
5170712895,5170712899
5170712899,5170712894
5170712894,5170712893
5170712893,12872817908
12872817908,12872817914
12872817914,5170712892
5170712892,5170712897
5170712897,12872817940
12872817940,5170712891
5170712891,5170712890
5170712890,11024836119
11024836119,5170712889
5170712889,5170712888
5170712888,5170712887
5170712887,5170712886
5170712886,5170712885
5170712885,13033757437
13033757437,5170712884
5170712884,5170712883
5170712883,10262015616
10262015616,5170712882
5170712882,5170712881
5170712881,5170712880
5170712880,5170712879
5170712879,5170712878
5170712878,5170712877
5170712877,5170712876
9869643845,412332303
412332303,9869643849
9869643849,412332304
412332304,9867712724
9867712724,9867712725
9867712725,9867712726
9867712726,9869643847
9869643847,9867712721
9867712721,412332305
412332305,412332306
412332306,9867712722
9867712722,9867712723
9867712723,412332307
412332307,9867712727
9867712727,9867712729
9867712729,9867712728
9867712728,412332308
412332308,9867712730
9867712730,9867712731
9867712731,412332309
412332309,4231756488
4231756488,7230785421
7230785421,9868032834
561190208,561190135
561190135,561190128
2729066780,9863486909
9863486909,561190161
561190161,561190208
561190208,3644093101
3644093101,3644093102
3644093102,3644093103
3644093103,561190176
561190130,561190135
561190135,561190133
561190161,561190156
561190205,561190217
561190217,561190229
561190204,561190217
561190217,561190216
561254895,10250129770
10250129770,10250129763
10250129763,7284367219
7284367219,7284367206
7284367206,7284367207
7284367207,7284367217
7284367217,7284367204
7284367204,7284367224
7284367224,11898201122
11898201122,11578336959
11578336959,11578336960
11578336960,11578336961
11578336961,11578336962
11578336962,11578336963
11578336963,11578349070
11578349070,11578336964
11578336964,11578336965
11578336965,11578336966
11578336966,11578336967
11578336967,11578336968
11578336968,11578349069
11578349069,12920656847
12920656847,12920656848
12920656848,12920656849
12920656849,12920656850
12920656850,12920656851
12920656851,12920656852
12920656852,12920656853
12920656853,12920656854
5339323512,6552759604
6552759604,266807274
266807274,266807271
266807271,910549694
910549694,266807268
266807268,266807267
266807267,266807265
266807265,266807264
266807264,266807263
266807263,266807262
266807262,266807261
266807261,266807260
266807260,266807258
266807258,266807257
266807257,266807256
266807256,266807255
266807255,266807253
266807253,266807252
266807252,266807251
266807251,266807250
266807250,266807249
266807249,266807248
266807248,266807247
266807247,266807246
266807246,266807245
266807245,266807244
266807244,266807243
266807243,11283343838
11283343838,5339323503
5339323503,2729066776
2729066776,5339323502
5339323502,2729066768
2729066768,5339323501
5339323501,2729066749
2729066749,5339323500
5339323500,308888862
308888862,11565012669
11565012669,5339323505
12835860808,12835860807
12835860807,12835860806
12835860806,12835860805
12835860805,12835860804
12835860804,12835860803
12835860803,12835860802
12835860802,12835860801
12835860801,12835838500
12835838500,1870091818
1870091818,12835860808
12835860808,1870091786
1870091786,12835838498
12835838498,561305654
561305654,12835838499
12835838499,9827045990
9827045990,9827045984
9827045984,9827045989
9827045989,9827045988
9827045988,9827045991
9827045991,9827045985
9827045985,9827045987
9827045987,9827045992
9827045992,9827045986
9827045986,561305655
561305655,12919015403
12919015403,9827045993
9827045993,12919003099
12919003099,12559428112
12559428112,4511151707
1368046436,267196278
267196278,1368046440
1368046440,1368046444
1368046444,6742341897
621248467,6702699479
6702699479,6702699477
6702699477,6702699478
6702699478,267196319
267196319,3232830636
3232830636,267196313
267196313,6666328388
6666328388,6666328389
9794237551,6351713174
6351713174,12247941867
12247941867,9843579519
9843579519,4779997425
4779997425,4778745229
4778745229,9843579526
9843579526,6576464205
6576464205,10262310932
10262310932,6576464206
6576464206,2431986321
6351713174,11801983080
11801983080,12247941864
12247941864,1271972155
1271972155,13447426285
13447426285,1271972187
1271972187,9843958837
9843958837,12247941863
12247941863,1271972163
1271972163,1271972179
355435734,10264741964
10264741964,10206999487
10206999487,1271983672
1271983672,9843555970
9843555970,943560372
943560372,10262239808
10262239808,9794237541
9794237541,562615476
563162047,563162051
563162055,12516644667
12516644667,563162049
9861971783,6436603634
6436603634,10975945873
10975945873,4811189902
4811189902,9862064659
9862064659,11671641817
11671641817,4811189904
4811189904,9862064658
9862064658,9862064657
9862064657,11671638097
11671638097,563643197
563643197,7218362668
7218362668,9061011385
9061011385,11006916600
11006916600,2431986122
2431986122,11006941808
267193232,9861910919
9861910919,10975945874
10975945874,2431986112
2431986112,2431986121
1765269542,6681358500
6681358500,1765269538
1765269538,267193283
267193283,11027097089
11027097089,1765269516
1765269516,5137961067
5137961067,910549672
910549672,267193284
267193284,3144938658
3144938658,12000416969
12000416969,3144938682
3144938682,5483954670
5483954670,3144938654
3144938654,3144938646
3144938646,3144938631
6655403075,6655403074
6655403074,6655403073
6655403073,6655403072
6655403072,13146415091
13146415091,6655403054
6655403054,6655403076
6655403076,6655403071
6655403071,6655403070
6655403070,9862064643
9862064643,13377661879
13377661879,6655403069
6655403069,9862064644
9862064644,6655403068
6655403068,6655403067
6655403067,6655403066
6655403066,11985043672
11985043672,6655403065
6655403065,6655403064
6655403064,6655403063
6655403063,6655403062
6655403062,6655403061
6655403061,11985043670
11985043670,6655403058
6655403058,1765269533
1765269533,1765269521
1765269521,1765269541
563659525,1765269504
1765269504,1765269511
1765269511,1765269500
1765269500,1765269536
1765269536,1765269498
1765269498,6655403273
6655403273,6655403265
6655403265,6655403274
5483954647,563659610
563659610,5483954652
5483954652,6655403096
6655403096,563659613
563659613,5483954653
5483954653,563659614
563659614,5483954651
5483954651,6655403093
6655403093,621248473
621248473,5483954650
5483954650,563659647
563659647,5483954649
5483954649,621248474
621248474,563659648
6655403096,6655403095
6655403095,6655403094
6655403094,563659616
563659616,6655403092
6655403092,6655403091
6655403091,267193194
267193194,6655403088
6655403088,6655403089
6655403089,6655403090
6655403297,11672045410
11672045410,11672045411
11672045411,563659567
563659567,563659566
6655403302,3144938642
3144938642,3144938683
3144938683,563659568
6655403086,6655403085
6655403085,6655403084
6655403084,6655403083
6655403083,309862890
309862890,13146415093
13146415093,9865315024
9865315024,563659543
563659543,6655403031
6655403031,563659576
563659576,12109944400
12109944400,12109944393
12109944393,381510463
381510463,12144692244
12144692244,13377661854
13377661854,13377661855
13377661855,12144692249
12144692249,267193290
267193290,12144692248
12144692248,11001404243
11001404243,309861003
309861003,12144692247
12144692247,6655403033
6655403033,6655403034
6655403309,6655403308
6655403308,6655403307
6655403307,6655403306
6655403306,11984980564
11984980564,6655403305
6655403305,6655403304
6655403304,6655403303
6655403303,11808826329
11808826329,6655403302
6655403302,11808826331
11808826331,6655403301
6655403301,6655403300
6655403300,6655403299
6655403299,6655403298
6655403298,11808826333
11808826333,6655403297
6655403297,11808826335
11808826335,6655403296
6655403296,6655403295
6655403295,6655403294
6655403294,6655403293
6655403293,11808826337
11808826337,6655403292
6655403292,11808826339
11808826339,6655403291
6655403291,6655403290
6655403290,6655403289
6655403289,6655403288
6655403288,6655403287
6655403287,6655403286
6655403286,6655403285
6655403285,6655403278
6655403278,9852498377
9852498377,11808669634
11808669634,563659623
563659623,6655403237
6655403237,563659624
563659539,6576508788
6576508788,6576505276
6576505276,309862909
309862909,563659540
563659540,621248333
621248333,563659532
563659532,6576508804
6576508804,6655403075
6655403075,309862886
309862886,621248335
621248335,6576508797
6576508797,563659533
563659533,563659534
563659534,13377661881
13377661881,6576505283
6576505283,563659535
563659535,6576505281
6576505281,621248338
621248338,563659537
563659537,621248341
621248341,6655403086
6655403086,6576508798
6576508798,563659538
563659538,6576508793
6576508793,563659541
563659541,563659542
563659542,6655403053
6655403053,563659539
563659552,6681264984
6681264984,6593517809
6593517809,6681358486
6681358486,6655403244
6655403244,6681358487
6681358487,6681264976
6681264976,267193307
267193307,563659553
563659553,621248350
621248350,563659554
563659554,621248352
621248352,6681358488
6681358488,6655403243
6655403243,563659555
563659555,6655403249
6655403249,563659557
563659557,6593517863
6593517863,6681264981
6681264981,563659558
563659558,6681264982
6681264982,267193297
267193297,6681264983
6681264983,6593517864
6593517864,621248356
621248356,563659562
563659562,621248359
621248359,6655403309
6655403309,563659563
563659563,6681264980
6681264980,6655403246
6655403246,6681264979
6681264979,563659565
563659565,563659559
563659559,6681358485
6681358485,563659552
563659569,11671841385
11671841385,6655403049
6655403049,6655403050
6655403050,563659543
563659543,6576529267
6576529267,563659571
563659592,6655403139
6655403139,563659594
563659594,6655403173
6655403173,6655403106
6655403106,563659589
563659589,563659591
563659591,6655403087
6655403087,563659584
563659584,6655403090
6655403090,563659585
563659585,563659583
563659583,6655403032
6655403032,563659580
563659580,6655403034
6655403034,563659581
563659581,563659586
563659586,6655403108
6655403108,563659588
563659588,563659587
563659587,6655403142
6655403142,563659592
6655403218,7009786337
7009786337,309859561
309859561,621248511
621248511,6655403219
6655403219,563659642
563659642,621248512
621248512,6655403356
6655403356,621248513
621248513,6655403384
6655403384,563659646
563659646,621248514
621248514,356742460
356742460,621248515
621248515,3742305530
6657105384,6657105380
6657105380,309859566
309859566,6657105383
6657105383,309859568
309859568,309859569
309859569,309859570
309859570,309859571
309859571,6655403213
6655403213,11808669631
11808669631,6655403214
6655403214,563659627
563659634,6655403316
6655403316,563659637
563659637,6655403210
6655403210,563659635
563659635,6655403239
6655403239,563659639
563659639,6655403234
6655403234,563659631
563659631,6655403211
6655403211,563659627
563659627,563659628
563659628,563659629
563659629,6655403212
6655403212,563659624
563659624,563659626
563659626,6655403189
6655403189,563659632
563659632,267193189
267193189,563659633
563659633,6655403209
6655403209,563659634
563659603,11647852381
11647852381,6655403288
563659661,563659662
563659662,9852498333
9852498333,9852498334
9852498334,563659660
563659660,563661940
563661940,11647785461
11647785461,11648198479
11648198479,11648198482
11648198482,563659655
563659655,9852498331
9852498331,9852498332
9852498332,563659656
563659656,3742314076
6655403260,563661900
563661900,6189721044
6189721044,563661902
12109943041,12109943046
12109943046,11017323235
11017323235,12109943048
12109943048,563661914
563661914,12109943057
12109943057,9767010879
9767010879,563661912
267193250,13146450002
13146450002,13146450007
13146450007,563661904
563661904,13146450009
13146450009,9862064689
9862064689,563661908
563661908,9862064688
9862064688,9862064692
9862064692,9862064690
9862064690,563661910
563661910,9828613567
9828613567,563661911
563661911,563661914
12743987687,563661898
563661898,9861971814
9861971814,563661899
563661899,9861971815
9861971815,9861971813
9861971813,9767027223
9767027223,9767027219
9767027219,563661889
563661889,9861987624
9861987624,9861987623
9861987623,563661890
563661890,11668948983
11668948983,2234848801
2234848801,563661891
563661891,9861987627
9861987627,9861987626
9861987626,11668957023
11668957023,563661888
563661892,9861971816
9861971816,9861987618
9861987618,9861987617
9861987617,563661897
563661897,11672199910
11672199910,11672199911
11672199911,9767027217
9767027217,9861987620
9861987620,563661893
563661893,9861987621
9861987621,9861987622
9861987622,9861987619
9861987619,11672199822
11672199822,563661894
563661900,6189721043
6189721043,5539528880
563661896,6189721098
6189721098,563661901
563661911,563661913
563661913,267193242
563661913,9862064691
9862064691,11672318305
11672318305,563661909
563661909,563661905
13146450006,563661906
563661906,563661905
563661905,13146450008
13146450008,563661904
563661909,563661907
13579391168,6745575819
6745575819,6745575806
6745575806,5134531461
5134531461,12000416985
12000416985,6745575807
6745575807,6745575818
6745575818,6745575811
6745575811,6745575809
6745575809,6957678140
6957678140,6437625449
6437625449,6437625456
6437625456,563661920
563661920,11017296783
11017296783,563661915
563661915,12109758456
12109758456,9835235884
9835235884,7249155324
7249155324,563661916
563661916,563661917
563661917,12109758462
12109758462,10277516988
10277516988,12904111641
11773807754,11773807753
11773807753,11773807752
11773807752,11773807751
11773807751,11773807750
11773807750,6728955400
6728955400,10302340969
10302340969,6728955398
6728955398,12108075445
12108075445,10302340967
10302340967,10703937693
10703937693,563661931
563661931,563661927
563661924,12108027882
12108027882,12109880255
12109880255,563661936
563661936,563661935
563661936,9767010881
9767010881,12109896404
12109896404,6957718014
6957718014,563661925
13769308127,5134531444
5134531444,563661937
563661937,5134531456
5134531456,12108101872
12108101872,563661924
563661924,563661922
563661922,12108054834
12108054834,563661923
563661923,11017346377
11017346377,563661925
563661925,6957678146
6957678146,6957678154
6957678154,563661928
267193295,6576529276
6576529276,6576529275
6576529275,6576529274
6576529274,6576529273
6576529273,13146415099
13146415099,267193245
267193245,9865315019
9865315019,13146450001
13146450001,563659571
563659571,7257605207
7257605207,13347070856
13347070856,6576529244
6576529244,7257605200
7257605200,563661906
563661906,13146450005
13146450005,563659570
563659570,563661907
563661907,6576529245
6576529245,6576529246
6576529246,381510467
381510467,12109949055
12109949055,12109949057
12109949057,267193243
267193243,267193242
267193242,6576529255
6576529255,563661912
563661912,273317191
273317191,6576529254
6576529254,267193241
267193241,267193240
267193240,9794249873
9794249873,267193239
563661933,10703937694
10703937694,12108075452
12108075452,563661934
563661937,6657116966
6657116966,12100564967
12100564967,563661938
563661941,6655403325
6655403325,563661940
6657447407,301037189
301037189,6657447377
6657447377,6657447378
6657447378,6657447379
6657547740,6776599538
6776599538,6776599537
6776599537,3742424989
3742424989,563662827
563662827,3742424990
3742424990,6776599536
6776599536,563662826
563662826,3742424991
3742424991,6776599535
6776599535,9859986637
9859986637,563662824
563662824,3742424992
3742424992,9859986636
9859986636,3742424993
3742424993,6776599543
6776599543,10682481090
10682481090,6776599534
563662821,4264008528
4264008528,4264008532
4264008532,4264008537
4264008537,563662823
563662823,563662818
563662823,563662820
575879721,5802016616
5802016616,5802016614
5802016614,9827095583
9827095583,12989923034
12989923034,1765105593
1765105593,575879724
575879724,1765105512
1765105512,1765105528
1765105528,6918479535
6918479535,7239056268
7239056268,11645300805
11645300805,10310300844
10310300844,10310300850
10310300850,5716610657
5716610657,12788053436
12788053436,1765105545
1765105545,5716610643
267253217,4930107701
4930107701,11799128898
11799128898,4930107702
4930107702,4930107703
267249902,5345583355
5345583355,12247941860
12247941860,1271972183
1271972183,267253232
267253232,943560390
943560390,6636487042
6636487042,4778746942
4778746942,9805344778
9805344778,10264764691
10264764691,267259256
267259256,267253230
267253230,1271972160
1271972160,267253229
267253229,7009786340
7009786340,267253223
370584175,621248462
621248462,621248463
621248463,370584162
370584162,621248454
621248454,621248455
621248455,370584164
370584164,621248456
621248456,370584167
9861910936,11645349782
11645349782,11645349783
11645349783,10680197942
10680197942,883864312
883864312,883864314
883864314,9767010874
9767010874,11645349778
11645349778,9827391482
9827391482,9827391484
9827391484,883864316
883864316,9827391483
9827391483,883881225
883881225,883881243
883881243,883864317
883864317,883864312
883881225,883881251
883881251,883881255
883881255,11645349777
11645349777,883881259
883881259,9827391485
9827391485,9827391487
9827391487,883881263
883881263,9827391486
9827391486,883881243
267250994,13506319763
13506319763,267250993
267250993,267250992
267250992,267250991
267250991,5682467522
5682467522,3749161052
3749161052,5682467521
5682467521,267250990
267250990,5682466820
5682466820,267250989
267250989,267250988
267250988,5434484040
5434484040,267250987
267250987,5434484039
5434484039,267250986
267250986,267250985
267250985,2431986249
2431986249,8499919665
8499919665,267250983
267250983,5434484038
5434484038,5434484037
5434484037,267250982
267250982,5792664579
5792664579,267250981
910549686,309862762
309862762,6436339428
6436339428,309865946
309865946,309865945
309865945,3739060410
3739060410,6436823998
6436823998,5137961061
5137961061,1867171619
1867171619,280740682
6576529284,267193238
267193238,10302298922
10302298922,883864297
883864297,545641378
910549680,910549678
910549670,910549686
910549678,2431986052
2431986052,563659509
563659509,11985043669
11985043669,1765269525
1765269525,563659510
563659510,563659511
563659511,1765269510
910549675,910549669
915368558,915369120
915369120,9867239094
9867239094,915368232
915368232,915368841
915368841,915368025
915368025,915368783
915368783,12679156991
12679156991,915368730
5167333730,12237751526
12237751526,12159111680
12159111680,9874717760
9874717760,5167373444
5167373444,563643194
563643194,13315701481
13315701481,4231806631
4231806631,4231806629
4231806629,4231806625
4231806625,1764163563
1764163563,60890393
915368890,915368458
915368458,915369060
915368558,6929777578
6929777578,915367920
915367920,915368792
915368792,915368393
915368393,915369118
915369118,915368230
5567579629,5567579630
5567579630,5567579631
5567579631,915368457
915368457,5567579632
5567579632,5567579633
5567579633,5567579634
5567579634,5567579635
5567579635,915369131
915368667,915369337
915368517,12157661947
12157661947,12157661945
5567579661,915368381
915368381,5567579671
5567579671,5567579670
5567579670,5567579669
5567579669,915369075
915369075,5567579668
5567579668,5567579667
5567579667,5567579666
5567579666,5567579665
5567579665,915368791
915368791,5567579664
5567579664,5567579663
5567579663,5567579662
5567579662,915368120
915368120,246513647
915369116,5495470061
5495470061,5495470060
5495470060,915368554
915368554,5495470059
5495470059,5495470058
5495470058,915368782
915368782,5495470057
5495470057,5495470056
5495470056,915368109
915368109,5495470055
5495470055,5495470054
5495470054,915368890
915367960,6929824888
6929824888,915368619
915368619,915369342
915369342,915368783
915368730,915368041
915368041,915368845
915368845,915369116
915368510,915369018
915369018,915369271
915369271,915368679
915368679,915367955
915367955,915368838
915368838,915368997
915368997,915368391
915368391,915369117
915369117,915368555
915368555,915368733
915368733,915368044
7188220134,7188220133
7188220133,6560390452
6560390452,6560390453
6560390453,6560390454
6560390454,6560390455
6560390455,6560390456
6560390456,6560390457
6560390457,6560390458
6560390458,6560390459
6560390459,6560390460
6560390460,6560390461
6560390461,6560390462
6560390462,6560390463
6560390463,6560390464
6560390464,6560390465
6560390465,6560390466
6560390466,6560390467
6560390467,6560390468
6560390468,6560390469
6560390469,6560390470
6560390470,6560390471
6560390471,6560390472
6560390472,6560390473
6560390473,6560390474
6560390474,6560390475
6560390475,6560390476
6560390476,6560390477
6560390477,6560390478
6560390478,6560390479
6560390479,6560390480
6560390480,6560390481
6560390481,6560390482
6560390482,6560390484
6560390484,6560396385
6560396385,6560396386
6560396386,6560396387
6560396387,6560396388
6560396388,6560396390
6560396390,6560396391
6560396391,280740936
280740936,6560396392
6560396392,6560396393
6560396393,6560396394
6560396394,6560396395
6560396395,6560396396
6560396396,6560396397
6560396397,6560396398
6560396398,6560396399
6560396399,6560396400
6560396400,6560396401
6560396401,6560396402
6560396402,6560396403
6560396403,6560396404
6560396404,6560396405
6560396405,6560396406
6560396406,6560396407
6560396407,6560396408
6560396408,6560396409
6560396409,6560396410
6560396410,6560396411
6560396411,6560396412
6560396412,6560396413
6560396413,6560396414
6560396414,6560396415
6560396415,6560396416
6560396416,6560396417
6560396417,6560396418
915369068,915368515
915368728,915368553
915368553,915369264
915369264,915368676
915368676,915367933
915368326,5567579703
5567579703,5567579704
5567579704,915369010
915369010,5567579701
5567579701,5567579702
5567579702,5567579700
5567579700,915367960
915368678,5567579645
5567579645,5567579644
5567579644,5567579643
5567579643,915368889
915368889,5567579642
5567579642,5567579641
5567579641,915368320
915369337,316463551
316463551,316066094
915368122,915368626
915368626,915369348
915369348,915368789
915368789,915368119
915368119,915369076
915368253,5567578611
5567578611,5567578610
5567578610,5567578609
5567578609,5567578608
5567578608,915369334
915368894,6114710886
6114710886,915368796
915368796,915368123
915368123,915368900
915368900,915368327
915368327,5487740554
5487740554,915369068
915368944,915369270
915369270,5495470065
5495470065,915368027
915368027,1867171635
1867171635,12679156990
12679156990,5495470064
5495470064,915368519
915368519,5495470063
5495470063,915368734
915368734,915368105
915369202,5567578615
5567578615,5567578614
5567578614,915368623
915368623,5567578613
5567578613,915368843
915368735,915367958
915368608,5567579716
5567579716,5567579715
5567579715,5567579714
5567579714,915369281
915369281,5567579713
5567579713,5567579712
5567579712,5567579711
5567579711,915368121
915368121,5567579710
5567579710,5567579709
5567579709,5567579708
5567579708,915368899
915368899,5567579705
5567579705,5567579706
5567579706,5567579707
5567579707,915368326
915368677,6084384954
12157661944,12157661943
915368105,1549833139
1549833139,915368784
915368784,915368111
915368111,915368897
915368897,915369063
915369063,915368512
915368512,1549833120
1549833120,915368375
267259933,941021273
941021273,12902030503
12902030503,941021462
941021462,12902030502
12902030502,941021646
941021646,941021821
1754729491,11565005047
11565005047,941021877
941021877,1446272075
1446272075,3644214768
941021247,941021441
941021441,1754729543
1754729543,941021625
941021625,1754729544
1754729544,941021936
941021936,1754729539
1754729539,941021381
941021381,941021573
941021573,941021877
941021877,941021235
941021503,941021824
941021824,941021277
941021277,941021467
941021467,941021650
941021650,941021982
941021982,941021376
941021376,941021821
941021821,9843616389
9843616389,9843616388
9843616388,941021857
941021857,941021480
941021480,941021293
3644214768,3644214766
3644214766,3644214767
3644214767,941021485
941021485,3644214769
3644214769,3644214771
3644214771,3644214773
3644214773,941021407
941021407,3644214776
3644214776,3644214777
3644214777,941021439
941021439,3644266980
3644266980,941021619
941021619,1446272069
1446272069,941021932
941021932,941021376
941021376,2729066835
2729066835,941021567
941021485,9852811991
9852811991,9852811992
9852811992,3644347371
3644347371,308888861
941021407,7222755445
7222755445,11283343838
267259326,267259479
267259479,267259480
267259480,267259488
4264402255,4264402261
4264402261,4264402280
4264402280,941021416
941021416,9840615099
9840615099,9840615100
9840615100,9840615101
9840615101,9840615102
9840615102,941021597
941021597,9840615104
9840615104,9840615103
9840615103,11235826436
11235826436,941021898
941021898,4264404815
4264404815,941021341
941021341,11235849943
11235849943,941021538
941021538,4264404820
4264404820,941021845
941021845,4264404819
4264404819,941021295
941021295,941021484
941021484,9864979065
9864979065,4264404824
4264404824,941021681
941021681,10262192450
10262192450,941021252
941021252,301037207
1754729518,1754729512
1754729512,1754729462
1754729462,941021921
941021921,941021366
941021366,1754729514
1754729514,1754729520
1754729520,941021558
941021558,941021867
941021867,941021235
941021480,10264671057
10264671057,4411008102
4411008102,12902013100
12902013100,267259326
621248551,9852864676
9852864676,621248552
621248552,943434380
6657447387,943434388
943434388,943434403
943434403,267609602
943434358,9852864679
9852864679,9852864680
9852864680,943434403
943559908,10991783207
10991783207,9645113093
9645113093,1271983675
1271983675,9843524720
9843524720,9843524719
9843524719,943560455
943560455,9843524718
9843524718,10264741962
10264741962,943559777
943559777,1271983677
1271983677,1271983683
1271983683,1271983680
1271983680,10660490446
267259254,10264580197
10264580197,10264580196
10264580196,6531585510
6531585510,10264580191
10264580191,267259262
267259262,10264580177
10264580177,267259263
943560313,11801983125
11801983125,9843353248
9843353248,7247334403
7247334403,9843224225
9843224225,6553019762
6553019762,13363323227
13363323227,13363323224
13363323224,4231821251
4231821251,10262239742
10262239742,10262239748
10262239748,943559793
943559793,9794237540
9794237540,9843486089
9843486089,6225721619
6225721619,10262247233
10262247233,10262247237
10262247237,943560109
943560109,11621124387
11621124387,10636113351
943560221,943559914
943559914,943559868
943559868,943560121
943560121,9843579527
9843579527,4231821244
4231821244,9843579524
9843579524,943560066
943559829,943560106
943560106,943560264
943560822,10262268209
10262268209,10262239802
10262239802,943559908
943560427,11801983126
11801983126,6576464203
6576464203,6576464200
6576464200,11015451862
11015451862,9843224224
9843224224,6553019761
6553019761,4231821248
4231821248,10262239761
10262239761,10262239777
10262239777,9843524735
9843524735,9843524727
9843524727,562615476
943559832,6438155350
6438155350,10991760786
10991760786,11618423172
11618423172,7258255648
7258255648,10262247228
10262247228,943560109
943560109,10262247230
10262247230,6225721613
6225721613,943560372
943560372,10262239801
10262239801,943559908
943559908,9843486081
9843486081,10262239803
10262239803,6531655536
943560306,3744132367
3744132367,943559791
943559791,267259419
267259419,943559912
943559912,943560217
5345583360,10264741988
10264741988,6436685292
6436685292,10262376351
10262376351,9843555969
9843555969,9843555968
9843555968,943559894
943559894,10262376350
10262376350,6531655529
6531655529,10262211498
10262211498,9843486080
9843486080,9843486084
9843486084,9843486082
9843486082,9843486083
9843486083,943560822
943560162,943559818
943559818,9843616368
9843616368,9843616369
9843616369,267259267
943830713,943831819
943831819,3742428848
3742428848,6485109512
6485109512,943830810
943831179,943830768
943830516,9859986550
9859986550,943831168
943831168,9859986551
9859986551,3745722849
6776599542,6776599540
6776599540,943831203
943831203,563662821
563662821,563662820
563662820,563662816
563662816,3742305413
3742305413,9852864658
943830751,9859986594
9859986594,9859986593
9859986593,3311820161
3311820161,943831331
943831331,3311820163
3311820163,943830930
6657443554,3742305685
3742305685,943831448
943831448,3744426171
3744426171,943831179
943831179,943830683
943830683,3742302420
3742302420,943831750
943831750,9852968151
9852968151,9852968152
9852968152,6645848771
6645848771,3742305562
3742305562,943831164
943830669,12920627367
12920627367,943831779
943831779,943830872
943830872,12920627314
12920627314,943830462
943830462,12920627313
12920627313,12920627315
12920627315,943830350
943830350,12920627340
12920627340,943831288
943831288,943830443
943830443,12920627344
12920627344,943831368
943831368,943831257
943831257,943830866
943830866,943831443
943831443,943831086
943831086,3742302422
3742302422,943831033
943830706,9860276806
9860276806,6680295294
6680295294,943831815
943831448,943830582
943830582,943831113
943830683,943830586
943830586,9852620145
9852620145,9852620144
9852620144,9852620146
9852620146,943830768
943830768,9852620147
9852620147,943831474
943831474,9852620148
9852620148,943830582
943830582,6657443558
308887831,9852864647
9852864647,943830618
943830618,943831523
943831523,943830720
943830720,943831828
943831828,9852864648
9852864648,943831519
943831519,943831159
943831159,9852864649
9852864649,943830979
943830979,9852968150
9852968150,943831245
943831245,9852864650
9852864650,9852864651
9852864651,6657447369
943830578,6680284570
6680284570,3742305537
3742305537,3742305526
3742305526,943830925
943830925,9852428399
9852428399,9852428400
9852428400,3742305511
3742305511,3742305510
3742305510,9826896542
9826896542,9826896540
9826896540,943830509
943830509,9826896541
9826896541,3742305505
3742305505,6680284564
6680284564,943830388
2431986108,11027806795
11027806795,11648447926
11648447926,9854796670
943831037,6657552018
6657552018,943830756
943830756,943831172
943830445,7262908475
7262908475,943830354
943830354,9767010909
9767010909,9767010912
9767010912,9767010913
9767010913,9852811935
9852811935,943830338
943830338,9852864684
6666318682,12247930691
12247930691,9859986553
9859986553,943830484
943830484,9859986552
9859986552,3745722869
3745722869,3745722863
6657447314,943830657
943830657,11540517123
11540517123,3742302402
3742302402,6657447309
6657447309,11540517119
11540517119,6657447310
6657447310,3742302411
3742302411,11540517118
11540517118,11540517116
11540517116,3744426131
3744426131,11540517115
11540517115,6657447294
6657447294,11540517110
11540517110,6657447290
6657447290,6657447291
6657447291,6657447292
6657447292,6657447293
943831203,4264008534
4264008534,4264008538
4264008538,4264008540
4264008540,4264008541
4264008541,943830631
943830631,4264008542
4264008542,4264008543
4264008543,6657547735
6657547735,943831837
943830775,6680797477
6680797477,943831196
943831196,943830706
943830706,943830674
943830674,9860276804
9860276804,9859986526
9859986526,943830595
943830595,9859986527
9859986527,943830917
943830917,943830490
943830490,6680295285
943831242,9852957737
9852957737,6436198953
6436198953,943831482
943831482,6485109516
6485109516,943831772
943830449,943830571
943830571,9767010910
9767010910,9767010911
9767010911,943830347
308884276,3742305481
3742305481,3742305479
3742305479,3643733151
3643733151,9854796655
9854796655,943830987
943830987,11028881395
11028881395,943830551
943830551,9854796656
9854796656,9854796657
9854796657,943875724
943830356,6680284566
6680284566,12921421829
12921421829,943831791
943831791,9859979968
9859979968,943831191
943831191,943830464
943830464,9852428397
9852428397,943831396
943831396,12921421953
12921421953,9852428398
9852428398,943831291
943831291,12921421973
12921421973,9852428396
9852428396,943830883
943830883,9852428395
9852428395,943831372
943831372,12921421889
12921421889,6680284568
6680284568,943831044
943831044,3007872786
3007872786,10302280588
10302280588,943831415
943831415,943831089
943831089,3643755324
3643755324,3643755327
3643755327,3643755328
3643755328,3643755333
3643755333,3643755334
3643755334,3643755335
3643755335,3643755338
3643755338,943830674
943830917,3643755326
3643755326,943830498
943831415,3643755322
3643755322,943830498
943830498,9859979962
9859979962,9859979963
9859979963,9859979964
9859979964,943831502
943831502,3643755326
943876072,1368026332
1368026332,1368026304
1368026304,1368026299
1368026299,943875582
943875582,1196284258
1196284258,943875792
943875792,1368026313
1368026313,1368026293
1368026293,943875747
943875747,1196284250
1196284250,943876023
943876023,1368026302
1368026302,1368026342
1368026342,1368026309
1368026309,943875967
943875967,1196284234
1196284234,943875823
943875823,1368026277
1368026277,1368026276
1368026276,943876162
943876162,1196284244
1196284244,943876072
1749437287,943875751
943875751,11648620893
11648620893,11648620896
11648620896,11648546453
11648546453,6657447325
1869899374,1869899373
1869899373,943876102
370584207,943875567
943943958,6657552005
947950601,9767027237
9767027237,947949998
947950981,10255363536
10255363536,947950700
947950528,6436059338
6436059338,947950078
947950078,9854764029
9854764029,947949973
947949973,9854757716
9854757716,9854764028
9854764028,947950585
947950585,6436119636
6436119636,6982978596
947950078,9854764034
9854764034,9854764018
9854764018,6593517834
947949973,6436119632
6436119632,9767027279
9767027279,9854917352
9854917352,947950538
947950538,9854917353
9854917353,9854917351
9854917351,947950085
11655637399,11655637398
11655637398,9854764046
9854764046,947950939
947950939,9854764047
9854764047,947950310
947950538,6436119630
6436119630,947950202
947950202,9854764080
9854764080,9854764079
9854764079,947950678
947950678,6436186877
6436186877,947950538
947950939,947950757
947950757,11655637400
11655637400,9854764062
9854764062,9854764063
9854764063,947950148
947950928,11655604859
11655604859,9767027233
9767027233,947950981
947950981,947950304
947950304,9854764064
9854764064,947951046
947951046,947950601
947950601,947950492
947950492,9854764065
9854764065,947950033
947950033,947951022
947951022,947950557
947950979,947950600
947950660,947950012
947950012,11655598861
11655598861,947950288
563659644,947950016
947950016,9852527198
9852527198,947950097
947950097,9852527199
9852527199,12880309549
12880309549,9852527200
9852527200,9852527201
9852527201,6435847156
6435847156,11645391548
947950140,9767027236
9767027236,947950622
947950585,9854764021
9854764021,6593517823
947950605,10255352604
10255352604,10255352602
10255352602,10255363534
10255363534,947950660
947950660,947950691
947950691,9854764069
9854764069,947950090
947950090,947950140
947950140,947950848
947950848,9854764068
9854764068,947950216
947950216,947950700
947950700,9767027232
9767027232,11655604856
11655604856,947950938
9074559219,947957996
947957996,6480876016
6480876016,6480876014
6480876014,6480876013
6480876013,6480876012
6480876012,6480876015
6480876015,947957959
947957959,6734558275
6734558275,947957980
947957980,6480876011
6480876011,6480876010
6480876010,6480876009
6480876009,6480876008
6480876008,947958004
947958004,9827041732
9827041732,9827041733
9827041733,947957947
947957947,13307008877
13307008877,947957968
947957968,12919003090
12919003090,4511151385
4511151385,9827041735
9827041735,9827041734
9827041734,4511151386
4511151386,12919003092
12919003092,12919003093
12919003093,12919003094
12919003094,12919003095
12919003095,12919003096
12919003096,12919003097
12919003097,12919003098
12919003098,12919003099
280740678,1867171623
1867171623,2431986014
2431986014,5137961058
5137961058,2431986031
2431986031,5137961064
5137961064,563659506
563659506,8285355078
8285355078,6469711664
6469711664,563659507
563659507,8285355075
8285355075,563659508
563659508,910549680
988038988,11841922698
11841922698,988039006
988039006,988039008
988039008,9767010870
9767010870,2431986126
2431986126,11841922701
11841922701,9861910930
9861910930,267193237
988038990,988039012
988039012,988039011
988039011,5977627148
1191294738,1191294830
1191294830,1191294827
1191294827,1191294662
1191294662,9857987459
9857987459,9857987458
9857987458,1191294810
1191294810,1191294743
1191294743,1191294833
1191294788,1191294764
1191294764,3661513071
1196284249,1368026275
1368026275,1869899356
1196284250,1368026275
1368026275,1196284242
1196284246,1196284262
1196284262,10242766862
10242766862,1196284247
1196284247,1368026295
1368026295,1869899376
1869899376,10242766869
10242766869,1196284235
1196284234,1368026324
1368026324,1869899364
1196284257,1368026349
1368026349,1869899376
1196284263,1368026324
1368026324,1869899353
1196284258,1368026326
1368026326,1196284246
1196284247,1368026326
1368026326,1196284237
1196284235,1196284261
1196284261,5983851456
5983851456,1368026281
1368026281,1368026279
1368026279,1869899364
1869899364,1196284252
1196284252,10242766871
10242766871,1196284255
1196284255,1869899353
1869899353,1196284243
1196284243,1368026327
1368026327,1869899356
1869899356,1196284260
1196284260,10242766870
10242766870,1196284253
1196284253,1196284242
1196284242,1869899373
1869899373,1196284238
1196284238,1196284246
1196284244,1368026349
1368026349,1196284261
562615491,562615490
562615490,7258255642
7258255642,943559793
943559793,10262239740
10262239740,9843486085
9843486085,10262239755
10262239755,10262239787
10262239787,12247941870
12247941870,562615476
562615476,9843579518
9843579518,9843554413
9843554413,9743073670
9743073670,11980204992
11980204992,9743073674
9743073674,943560221
943560221,6436685299
6436685299,11980204981
11980204981,9794237550
9794237550,12247941868
12247941868,6576464215
6576464215,11801983082
11801983082,6351713174
267249905,1271972158
1271972158,12247941862
12247941862,1271972174
1271972174,12247941865
12247941865,1271972182
1271972182,11801983081
11801983081,9794237549
9794237549,11980204974
11980204974,9794237551
9843880940,1271983673
1271983673,1271983675
943830751,12953158472
12953158472,12953158469
12953158469,12953158467
1328248405,1328248380
1328248380,1328248415
1328248415,1328248390
1328248390,1328248368
1328248368,1328248401
1328248401,1328248378
1328248378,1328248413
1328248366,1328248421
1328248421,1328248398
1328248398,1328248375
1328248375,1328248369
1328248369,1328248418
1328248418,1328248394
1328248394,1328248371
1328248371,1328248406
1328248406,1328248384
1328248384,1328248420
1328248420,1328248397
1328248397,1328248374
9835235882,11792915426
11792915426,1328248395
1328248395,13633346699
13633346699,1328248372
1328248372,1328248407
1328248407,1328248385
1328248385,1328248379
1328248379,1328248414
1328248414,1328248389
1328248389,1328248367
1328248367,1328248403
1328248403,1328248381
1328248381,1328248416
1328248416,1328248391
1328248391,1328248387
1328248387,1328248363
1328248363,1328248400
1328248400,1328248377
1328248377,1328248412
1328248412,1328248388
1328248388,1328248366
1328248366,1328248364
1328248364,1328248402
1328248402,1328248396
1328248396,1328248413
1328248413,1328248373
1328248373,1328248408
1328248408,1328248386
1328248386,1328248422
1328248422,1328248399
1328248399,1328248376
1328248376,1328248410
1328248410,1328248404
1328248404,1328248382
1328248382,1328248417
1328248417,1328248393
1328248393,1328248370
1328248370,1328248405
1328248405,1328248383
1368026278,1368026302
1368026281,1368026348
1368026348,1368026276
1368026293,1368026290
1368026323,1368026309
1368026313,1368026338
1368026332,1368026308
1368026299,1368026344
1368026342,1368026327
1368026295,1368026304
1368026279,1368026336
1368026336,1368026277
1368026336,943876028
943876028,1196284263
1196284263,943875823
943875823,1368026323
1368026323,1368026278
1368026278,943875747
943875747,1196284249
1196284249,943875749
943875749,1368026290
1368026290,943876102
943876102,1368026338
1368026338,943875787
943875787,1196284237
1196284237,943875792
943875792,1368026344
1368026344,1368026308
1368026308,943876162
943876162,1196284257
1196284257,943875586
943875586,1368026348
1377836563,9862064712
9862064712,9868064660
9868064660,10262015691
10262015691,6436636041
6436636041,9862064701
9862064701,9862064713
9862064713,10616921925
1377836522,1377836610
1377836610,1377836622
1377836622,9861786449
9861786449,9861786448
9861786448,10262049406
10262049406,9861786447
9861786447,1377836589
1377836589,9861786446
9861786446,10262052620
10262052620,9861786445
9861786445,9861786444
9861786444,1377836544
1377836544,1377836571
1377836571,1377836649
1377836649,1377836549
1377836549,1377836608
1377836608,1377836632
1377836632,1377836600
1377836600,939284650
2805319583,10262071411
10262071411,1377836585
1377836585,6436784634
6436784634,939284657
939284657,1377836577
1377836577,10261858453
10261858453,4231802081
4231802081,10261858446
10261858446,10261858436
10261858436,4231802082
4231802082,1377836605
1377836605,1811703552
1811703552,10261858476
10261858476,10261858483
10261858483,1811703548
1811703548,10262146403
10262146403,10261858501
10261858501,939284651
939284651,6436763709
6436763709,1811703516
1811703516,1377836540
1377836540,4231806589
4231806589,4231806590
4231806590,939284650
939284650,1811703534
1811703534,9861741365
9861741365,10261849299
10261849299,939284643
939284643,9862068925
9862068925,1811703542
1811703542,939284659
939284659,1377836654
1377836654,1811703540
1811703540,6436636039
6436636039,939284658
939284658,10261879712
10261879712,10261879709
10261879709,1811703565
1811703565,9867367341
9867367341,9861738088
9861738088,5306193607
5306193607,1811703549
1811703549,10261879717
10261879717,5306193602
5306193602,1811703556
1811703556,9861738104
9861738104,10261879721
10261879721,1811703546
1811703546,10261879727
10261879727,10756012499
1377836537,1377836563
1377836563,1377836620
1377836620,6436888882
6436888882,6436636045
6436636045,10616921935
1453692200,1453714259
1453714264,1453692198
1453692198,1453714266
1453714278,1453692187
1453714265,1453714278
1453714278,1453714271
1453714271,1453714274
1453714274,1453714272
1453714272,1453714266
1453714266,1453714284
1453714284,1453714259
1453714259,1453714265
1453714274,1453692199
1453758019,6918479534
6918479534,1453758014
1453758014,6436027678
6436027678,1453758029
1453758029,1453757998
1453757998,1453758000
1453758000,1453714280
1453758038,10536842703
10536842703,1453758005
1453758005,1453757996
1453757996,9829951534
9829951534,9829951535
9829951535,1453758023
1453758023,9713050846
9713050846,1453758004
1453758004,9832240831
9832240831,10936691507
10936691507,1453757995
1453757995,1453758018
1453758018,9829951532
9829951532,1453758000
1453758000,9829951533
9829951533,9829976025
9829976025,1453758033
249791841,9832260689
9832260689,2912295520
2912295520,2912295517
2912295517,2912295507
2912295507,2912295508
2912295508,2912295509
2912295509,2912295512
2912295512,2912295513
2912295513,2912295516
2912295516,2912295515
2912295515,2912295514
2912295514,2912295511
267259426,1523205416
1523205416,9843958846
9843958846,9843555989
9843555989,1523205412
1523205412,1523205426
1523205426,9843742110
9843742110,267259435
1549833103,1549833140
1549833140,1549833104
1549833104,1549833148
1549833148,1549833170
1549833170,1549833132
1549833132,1549833096
1549833096,1549833077
1549833077,1549833134
1549833134,1549833067
1549833067,1549833097
1549833097,1549833157
1549833157,1549833152
1549833152,1549833164
1549833164,1549833099
1549833099,1549833092
1549833092,1549833133
1549833133,1549833110
1549833110,1549833106
1549833106,1549833112
1549833112,1549833149
1549833149,1549833158
1549833158,1549833116
1549833116,1549833135
1549833135,1549833079
1549833079,1549833101
1549833101,1549833105
1549833105,1549833102
1549833102,1549833127
1549833127,1549833168
1549833168,1549833136
1549833136,1549833080
1549833080,1549833137
1549833137,1549833084
1549833103,915368105
1549833109,1549833113
1549833113,1549833128
1549833128,1549833161
1549833161,1549833119
1549833084,1549833074
1549833074,1549833165
1549833165,1549833115
1549833115,1549833143
1549833143,1549833122
1549833122,1549833114
1549833114,1549833103
1549833075,1549833131
1549833131,1549833126
1549833126,1549833130
1549833130,1549833123
1549833123,1549833087
1549833087,1549833066
1549833107,1549833093
1549833093,1549833111
1549833111,1549833138
6192089893,6192089894
6192089894,1549833150
1549833150,1549833091
1549833091,1549833121
1549833121,1549833166
1549833166,1549833072
1549833072,1549833153
1549833084,12676185364
12676185364,1549833091
1549833149,1549833118
1549833118,1549833125
1549833125,1549833162
1549833162,1549833151
1549833151,1549833086
1549833086,1549833100
1549833100,1549833070
1549833070,1549833169
1549833169,1549833075
1549833075,1549833141
1549833141,1549833095
1549833095,1549833089
1549833089,1549833114
1549833136,1549833071
1549833071,1549833065
1549833110,1549833083
1549833086,1549833098
1549833098,1549833066
1549833066,1549833160
1549833160,1549833081
1549833081,1549833064
1549833064,1549833109
1549833109,1549833146
1549833146,1549833090
1549833090,1549833119
1549833119,1549833069
1549833069,1549833147
1549833147,1549833084
1549835320,1549835356
1549835356,1549835341
1549835318,1549835383
1549835383,1549835328
1549835328,1549835351
1549835379,1549835336
1549835336,1549835323
1549835323,1549835339
1549835339,1549835381
1549835343,1549835354
1549835354,1549835383
1549835371,1549835340
1549835340,1549835354
1549835354,1549835378
1549835378,1549835347
1549835347,1549835380
1549835380,1549835376
1549835376,1549835316
1549835316,1549835369
1549835369,1549835370
1549835370,1549835329
1549835329,1549835330
1549835330,1549835361
1549835361,1549835335
1549835335,9835234358
9835234358,1549835337
1549835337,9835234357
9835234357,1549835352
1549835352,9835234356
9835234356,9835234355
9835234355,9835234354
9835234354,9835234353
9835234353,1549835358
1549835358,1549835327
1549835327,1549835355
1549835345,1549835376
1549835368,1549835314
1549835314,1549835334
1549835334,1549835313
1549835313,1549835381
1549835381,1549835344
1549835344,1549835322
1549835322,1549835348
1549835348,1549835367
1549835367,1549835332
1549835332,1549835321
1549835321,9835235892
9835235892,9835235891
9835235891,9835235890
9835235890,9835235889
9835235889,1549835374
1549835374,1549835372
1549835372,1549835350
1549835350,1549835379
1549835379,1549835355
1549835316,1549835362
1549835363,1549835316
1549835360,2822365976
2822365976,2822365978
2822365978,1549835312
1549835312,2822365980
2822365980,2822365982
2822365982,2822365983
2822365983,2822365981
2822365981,1549835343
1549835343,2822365979
2822365979,2822365977
2822365977,2822365975
2822365975,1549835341
1549835341,2822365973
2822365973,2822365971
2822365971,2822365970
2822365970,1549835368
1549835368,2822365972
2822365972,2822365974
2822365974,1549835360
1549835312,1549835365
1549835365,1549835373
1549835373,1549835345
1549835345,1549835363
1549835363,1549835382
1549835382,1549835324
1549835324,1549835315
1549835315,1549835359
1549835359,1549835355
1549835355,1549835366
1549835348,1549835349
1549835349,1549835353
1549835353,1549835326
1549835326,1549835374
1549836071,9835714227
9835714227,1549836049
1549836049,4231757298
4231757298,1549836047
1549836047,915368842
9835660257,9835660259
9835660259,1549836040
1549836040,9835660260
9835660260,9835660253
9835660253,1549836060
1549836060,1549836032
1549836032,1549836045
1549836045,1549836034
1549836034,9837623631
9837623631,1549836053
1549836053,1549836050
1549836050,1549836029
1549836029,6725933179
6725933179,6725938386
6725938386,1549836067
1549836067,1549836052
1549836052,1549836031
1549836047,9837623628
9837623628,9837623627
9837623627,9837623624
9837623624,1549836064
1549836064,9837623625
9837623625,9837623626
9837623626,1549836068
1549836068,1549836031
1549836031,1549836070
1549836070,1549836049
1549836690,1549836689
1549836689,5179521926
5179521926,1549836688
1867171634,11831005149
11831005149,1549884827
1549892455,7227097235
7227097235,1549892440
1549892440,9861971804
9861971804,9861971803
9861971803,1549892442
1549892442,1549892434
1549892434,9861971802
9861971802,1549892479
1549892479,9861971801
9861971801,1549892464
1549892464,10246214822
10246214822,7227097238
7227097238,1549892458
1549892458,915368514
1811692179,1811692169
1811692169,9861741328
9861741328,1549892463
1549892463,9861700991
9861700991,1549892460
1549892460,9861700990
9861700990,11775572695
11775572695,1549892481
1549892481,9861700992
9861700992,1549892462
1549892462,9861700993
9861700993,9861700994
9861700994,1549892459
1549892459,9861700995
9861700995,1549892470
1549892470,1549892468
1549892468,6191575237
6191575237,6656748658
6656748658,1549892454
1549892454,1549892427
1549892427,1549892471
1549892456,1549892482
1549892482,9861700989
9861700989,1549892478
1549892478,9861700988
9861700988,9861700987
9861700987,1549892431
1549892431,9861700986
9861700986,1549892429
1549892429,9861700983
9861700983,9861700984
9861700984,9861700985
9861700985,1549892436
1549892436,1549892453
1549892453,1549892426
1549892459,11150161623
11150161623,1549892429
1549892429,6656755536
1549892467,9861741346
9861741346,1549892424
1549892424,9861741345
9861741345,9861741344
9861741344,1549892471
1549892471,9861741347
9861741347,9861741348
9861741348,1549892446
1549892446,5209562473
5209562473,6734341550
6734341550,6120456538
6120456538,5209562474
5209562474,5209562475
5209562475,6908263120
6908263120,6120456547
6120456547,5209562476
1549892466,5567579691
5567579691,5567579690
5567579690,5567579699
5567579699,5567579693
5567579693,5567579692
5567579692,1549892473
1549892473,5567579695
5567579695,5567579694
5567579694,1549892472
1549892472,5567579697
5567579697,5567579696
5567579696,1549892476
1549892476,5567579698
5567579698,1549892432
1549892474,1549892431
1549892431,11150161622
11150161622,1549892481
1549892463,11150161620
11150161620,1549892482
1549892482,9861700979
9861700979,9861700980
9861700980,9861700981
9861700981,1549892474
1549892474,9861700977
9861700977,9861700978
9861700978,6656755536
6656755536,9861700982
9861700982,1549892453
1549892453,1549892425
1549892425,9861741343
9861741343,9861741342
9861741342,9861741341
9861741341,11150161627
11150161627,1549892427
1633262437,9767010898
9767010898,13113964275
13113964275,13113964277
13113964277,13113964281
13113964281,13113964276
13113964276,1633262438
1633262438,5340271718
5340271718,621248537
1633262432,1633262433
1633262433,1633262435
1633262435,9682296134
9682296134,1633262437
1633262436,9682296137
9682296137,1633262434
1633262434,563662810
563662810,6436451292
6436451292,267193167
267193167,267609419
1453714288,12922746054
12922746054,1453714262
1453714262,12922746052
12922746052,6785996676
6785996676,1453757993
1453757993,11151648805
11151648805,11151634803
11151634803,1453714280
1453714280,11151634801
11151634801,1765105570
1765105570,11151634799
11151634799,12272909109
12272909109,9713050847
9713050847,1453714277
1453714277,1453714279
1453714279,1453714269
9841256781,9843627501
9843627501,9843627499
9843627499,9843627502
9843627502,9843598726
9843598726,9843627503
9843627503,9843598740
9843598740,9843598725
9843598725,9843627500
9843627500,9843627504
9843627504,9843598728
9843598728,9843598738
9843598738,1681456845
1681456845,1681456844
1681456844,1681456841
1681456841,9843598746
9843598746,1681456839
1681456839,9843598737
9843598737,1681456836
1681456836,1681456834
1681456834,1681456832
1681456832,1681456829
1681456829,1681456828
1681456828,9843598736
9843598736,1681456833
1681456833,1681456838
1681456838,9843598761
9843598761,1681456831
1681456831,9843598735
9843598735,9843598733
9843598733,9843598734
9843598734,9843598732
9843598732,9843598730
9843598730,9843598729
9843598729,9843598731
9843598731,1681488726
1681456944,1681456951
1681456951,1681457005
1681456893,9843810253
9843810253,9843810252
9843810252,9843810251
9843810251,1681456955
1681456955,9801289742
9801289742,1681457009
1681457009,9801289743
9801289743,1681457027
1681457027,1681457024
1681457024,11279764202
11279764202,1681457042
1681457042,9801289744
9801289744,1681457120
1681457120,1681457143
1681457143,9801289741
9801289741,1681457154
1681457154,1681457158
1681457158,1681457153
1681457153,11279772806
11279772806,1681457149
1681457149,1681457137
1681457137,11279764201
11279764201,1681457138
1681457138,9801289740
9801289740,9801289739
9801289739,1681457161
1681457161,1681457163
1681457163,9801289738
9801289738,1681457159
1681457159,1681457157
1681457157,1681457148
1681457148,1681457144
1681457144,1681457142
1681457142,1681457129
1681457129,1681457125
1681457125,9801289737
9801289737,1681457122
1681457122,1681457124
1681457124,9801289736
9801289736,1681457128
1681457128,1681457136
1681457136,1681457147
1681457147,1681457150
1681457150,1681457151
1681457151,1681457146
1681457146,1681457139
1681457139,1681457126
1681457126,1681457101
1681457101,1681457029
1681457029,1681456990
1681456990,9801289735
9801289735,1681456945
1681456945,1681456937
1681456937,1681456934
1681456934,1681456936
1681456936,1681456944
1681456944,1681456949
1681456949,1681456950
1681456950,1681456948
1681456948,6560390479
1681456950,1681456971
1681456971,1681457118
1681457118,1681457131
1681457131,1681457152
1681457144,1681457160
1681457160,1681457177
1681457177,1681457180
1681457180,1681457184
9843601683,1681456881
1681456881,1681456880
1681456880,1681456879
1681456879,1681456878
1681456878,1681456875
1681456875,9843601684
9843601684,1681456874
1681456874,9843601685
9843601685,1681456873
1681456873,9843601687
9843601687,1681456872
1681456872,9843601686
9843601686,1681456870
1681456870,9843601689
9843601689,1681456868
1681456868,1681456861
1681456861,1681456854
1681456854,1681456849
1681456849,1681456843
1681456843,1681456835
1681456835,1681456827
1681456827,9843601692
9843601692,1681456822
1681456822,9843601693
9843601693,9843601691
9843601691,1681456820
1681456820,9843601690
9843601690,1681456819
1681456819,1681456818
1681456818,1681456817
1681456817,1681456814
1681456814,1681456811
1681456811,1681456809
1681456809,1681456806
1681456806,1681456804
1681456804,1681456801
1681456801,1681456797
1681456797,1681456796
1681456796,1681456794
1681456794,1681456790
1681456790,1681456788
1681456788,1681456786
1681456786,1681456784
1681456784,1681456782
1681456782,1681456780
1681456780,1681456778
1681456778,1681456776
1681456776,1681456772
1681456772,1681456771
1681456771,1681456769
1681456769,1681456767
1681456767,1681456764
1681456764,1681456760
1681456760,1681456749
1681456749,1681456747
1681456747,1681456746
1681456746,1681456743
1681456743,1681456741
1681456741,1681456740
1681456740,1681456738
1681456738,1681456737
1681456737,1681456732
1681456732,1681456731
6225765115,309642857
309642857,309640796
309640796,309640795
309640795,562615466
562615466,309640794
309640794,309640793
309640793,309640792
309640792,2829272968
2829272968,2829272967
2829272967,2829272966
2829272966,562615462
1681488726,9843242489
9843242489,9843242491
9843242491,9843242492
9843242492,9843242493
9843242493,1681488901
1681488901,9843242496
9843242496,9843242495
9843242495,1681488986
1681488986,9843242494
9843242494,9843242488
9843242488,1681489002
1681489002,9843242487
9843242487,1681489015
1681489015,9843242483
9843242483,1681489052
1681489052,9843242481
9843242481,9843242482
9843242482,1681489061
1681489061,9843242480
9843242480,9843242479
9843242479,9843242484
9843242484,1681489054
1681489054,9843242486
9843242486,9843242478
9843242478,9843242485
9843242485,9843242477
9843242477,1681489047
1681489047,9843242470
9843242470,9843242475
1681488873,1681488858
1681488858,1681488841
1681488841,1681488837
1681488837,1681488830
1681488830,1681488820
1681488820,1681488812
1681488812,1681488798
1681488798,1681488784
1681488784,1681488782
1681488782,1681488789
1681488789,1681488790
1681488790,1681488774
1681488774,1681488750
1681488750,1681488732
1681488732,1681488728
1681456817,1681488623
1681488623,1681488694
1681488694,1681488728
1681488728,1681488754
1681488754,1681488804
1681488804,1681488824
1681488824,1681488827
1681488827,1681488832
1681488832,1681488853
1681488853,1681488855
1681488855,1681488867
1681488867,1681488870
1681488870,1681488873
1681488873,1681488894
1681488894,1681488899
1681488899,1681488905
1681488905,1681488915
1681488915,1681488918
1681488918,1681488917
1681488917,9843601688
9843601688,1681456872
12888083153,1681489190
1681489190,1681489189
1681489189,1681489188
1681489188,1681489187
1681489187,1681489186
1681489186,1681489185
1681489185,1681489184
1681489184,1681489183
1681489183,1681489182
1681489182,1681489179
1681489179,1681489178
1681489178,1681489180
1681489180,1681489181
1681489181,1681489177
1681489177,1681489174
1681489174,9843486091
9843486091,1681489173
1681489173,1681489176
1681489176,9843486092
9843486092,1681489175
1681489175,1681489172
1681489172,1681489169
1681489169,1681489151
1681489151,9843486093
9843486093,1681489147
1681489147,1681489144
1681489144,1681489139
1681489139,1681489138
1681456838,9843598762
9843598762,9843598757
9843598757,9843598758
9843598758,1681488808
1681488808,9843598759
9843598759,9843598754
9843598754,1681488834
1681488834,9843598756
9843598756,9843598755
9843598755,1681488861
1681488861,9843598760
9843598760,9843598751
9843598751,9843598749
9843598749,1681488879
1681488879,9843598748
9843598748,9843598750
9843598750,1681488890
1681488890,1681488881
1681488881,9843598811
9843598811,9843598747
9843598747,1681488883
1681488883,9843598753
9843598753,1681488892
1681488892,9843598752
9843598752,1681488897
1681488897,1681488900
1681488900,9843598833
9843598833,1681488903
1681488903,1681488919
1681488919,9843598812
9843598812,9843598813
9843598813,9843598832
9843598832,9843598814
9843598814,9843598815
9843598815,9843598831
9843598831,9843598816
9843598816,9843598817
9843598817,9843598829
9843598829,9843598818
9843598818,9843598830
9843598830,9843598828
9843598828,9843598819
9843598819,9843598820
9843598820,9843598827
9843598827,9843598821
9843598821,9843598822
9843598822,9843598823
9843598823,9843598824
9843598824,9843598825
9843598825,9843598826
1681488902,1681488904
1681488904,9868272436
9868272436,1681488911
1681488750,1681488792
1681488792,1681488806
1681488806,1681488818
1681488818,1681488822
1681488822,1681488827
1681488824,1681488817
1681488817,1681488810
1681488810,1681488796
1681488796,1681488776
1681488776,1681488739
1681488739,1681488718
1681488718,1681488722
1681488722,1681488728
1749437287,943875912
1754592312,2803028596
2803028596,2803032936
2803032936,6062732029
1754729486,1754729488
1754729488,1754729500
1754729500,1754729507
1754729507,1754729558
1754729558,1754729542
1754729542,1754729484
1754729484,1754729487
1754729487,1754729546
1754729546,1754729547
1754729547,1754729549
1754729549,1754729497
1754729497,1754729550
1754729550,1754729551
1754729551,1754729556
1754729556,1754729473
1754729473,1754729486
1754729505,1754729497
1754729467,1754729485
1754729485,3745099604
3745099604,1754729465
1754729465,1754729474
1754729474,1754729481
1754729481,1754729492
1754729492,1754729480
1754729480,3745099610
3745099610,1754729511
1754729507,9767010904
9767010904,1754729485
1754729485,1754729489
1754729489,1754729464
1754729464,1754729476
6742341827,10264384029
10264384029,10264384037
10264384037,10264384017
10264384017,10264384011
10264384011,6213742109
1764089462,345277871
345277871,6436034979
6436034979,9854985704
9854985704,9854985705
9854985705,6436034977
1764163551,10261781502
10261781502,1764163556
1764163556,10261781497
10261781497,1764163526
1764163526,10261781494
10261781494,1764163550
1764163550,10261781469
10261781469,10261781466
10261781466,1764163533
1764163533,10261781461
10261781461,1764163554
1764163554,10261816147
10261816147,10261781457
10261781457,10261781429
10261781426,10261840056
10261840056,4231806611
4231806611,10261816131
10261816131,4231806613
4231806613,10261816204
10261816204,10261816157
10261816157,4231806618
4231806618,10261816161
10261816161,1764163531
1764165555,1764165550
1764165550,6202059587
6202059587,12159147307
12159147307,12159111679
12159111679,6202059586
6202059586,5485189765
1764176539,1811692179
1811692179,9862064699
9862064699,10261879740
10261879740,12094747716
12094747716,1764176517
1764176517,12094747711
12094747711,12094747709
12094747709,12094747712
1811692129,6437500255
6437500255,1811692153
1811692153,11818544116
11818544116,11820352304
11820352304,1811692171
1811692171,11818544114
11818544114,1811692147
1811692147,11804946173
11804946173,11804945364
11804945364,1764176513
1765105593,1765105542
1765105542,2990369110
1765105584,11645316536
11645316536,11645316537
11645316537,1765105599
6436027675,1765105510
1765105510,1765105509
1765105525,10536842702
10536842702,1765105563
1765105563,9827004439
9827004439,9827004442
9827004442,9827004438
9827004438,9827004440
9827004440,1765105538
1765105538,9827004441
9827004441,1765105516
1765105516,9827004437
9827004437,6759289125
6759289125,1765105541
1765105541,6436027677
6436027677,6436027676
6436027676,6759289122
6759289122,1765105597
1765105589,12919028706
12919028706,11647827754
11647827754,1765105605
1765105606,1765105567
1765105528,11651923872
11651923872,11651923873
11651923873,1765105549
1765105549,1765105562
1765105562,11651893641
11651893641,1765105553
1765105553,2506015523
2506015523,1765105550
1765105550,1765105556
1765105556,7239050910
7239050910,7239050891
7239050891,7239050897
7239050897,7239050898
7239050898,11651918128
11651918128,11651918127
11651918127,6538752686
11647860855,7239080087
7239080087,9829951536
9829951536,7239080089
7239080089,11647860854
11647860854,1765105590
1765105543,11647827753
11647827753,1765105503
1765105601,9832864264
9832864264,1765105511
1765105506,1765105567
1765105567,1765105554
1765105554,1765105511
1765105550,7239056266
7239056266,9713031732
9713031732,9713031733
9713031733,6435672442
6435672442,6435878992
6435878992,9827239685
9827239685,1765105581
1765105581,9827239684
9827239684,9827239683
9827239683,2506015521
2506015521,9827239682
9827239682,9827239671
9827239671,2506015519
2506015519,9827239670
9827239670,7238968783
7238968783,11651918126
11651918126,2506015517
1765105512,11645297192
11645297192,1765105601
1765105601,1765105520
1765105520,1765105606
1765105606,12919028705
12919028705,1765105519
1765105519,1765105530
1765105530,1765105503
1765105503,1453758019
1765105505,11645316527
11645316527,1765105599
1765105599,1765105605
1765105605,1765105519
1765105531,1765105556
1765105556,7239050903
7239050903,7239050902
7239050902,6436359123
6436359123,6436359134
6436359134,9827239687
9827239687,1765105580
1765105580,9827239686
9827239686,2506015521
1765105520,9832864265
9832864265,1765105554
1765105554,6918479547
6918479547,1765105576
1765269510,6681358493
6681358493,1765269484
1765269484,1765269497
1765269497,1765269527
1765269527,6681358502
6681358502,1765269541
1765269541,1765269485
1765269485,6655403236
6655403236,1765269512
1765269512,1765269542
1765269484,6655403060
6655403060,6681358494
6681358494,6655403059
6655403059,1765269506
1765269506,11985043671
11985043671,309862880
309862880,12866435385
12866435385,6655403057
6655403057,6526141559
6526141559,309862882
309862882,6655403056
6655403056,11985043673
11985043673,309862883
309862883,9862064645
9862064645,309862884
309862884,6655403055
6655403055,9862064642
9862064642,11672262827
11672262827,309862885
309862885,6576508796
6576508796,13377661880
13377661880,6576508807
6576508807,6655403077
6655403077,6655403078
6655403078,6576508797
1800565240,1800565238
1800565238,1800565243
1800565243,1800565237
1800565237,1800565242
1800565242,1800565254
1800565254,1800565255
1800565255,1800565241
1800565241,1800565256
1800565256,1800565239
1800565239,1800565257
1800565257,9859986549
9859986549,1800565252
1800565252,1800565246
1800578897,1800578900
1800565240,1800578900
1800578900,1800578901
1800578902,1800578897
1800578897,1800578899
1765105505,7247251871
7247251871,7247251872
7247251872,7247251869
7247251869,7247251873
7247251873,9829951531
9829951531,1803838860
1803838860,1803838805
1803838805,11027148006
11027148006,11027148009
11027148009,6716233273
9860388499,6543918031
6543918031,9861971810
9861971810,9860388501
9860388501,11814065120
11814065120,11775572705
11775572705,6543918024
6543918024,11814285266
11814285266,5167356596
1811692147,11775572727
11775572727,1811692132
1811692132,11818544115
11818544115,1811692184
6543918032,11814425239
11814425239,11820352307
11820352307,1811692171
6191575237,6191575238
6191575238,6191575239
6191575239,6191575240
6191575240,6191575241
6191575241,6191575242
1811692129,1811692145
1811692145,1811692119
1811692135,1811692121
5167356598,5160730824
5160730824,5170727727
5170727727,5170727726
5170727726,9861987650
9861987650,5170727725
5170727725,5170727724
5170727724,1811692137
1811692137,1811692175
1811692175,1811692130
1811692130,1811692155
9860388499,11814285265
11814285265,11814425262
11814425262,1811692141
1811692145,11818544122
11818544122,11805188127
11805188127,1811692173
1811692153,1811692173
1811692173,11818544120
11818544120,1811692183
1764176539,9862064700
9862064700,1811703545
1811703545,9861738095
9861738095,1811703529
1811703529,1811703567
1811703567,1811703564
1811703564,11150102597
11150102597,9865166138
9865166138,1811703570
1811703570,1811703559
1811703559,1811703517
1811703517,1811703538
1811703538,1811703568
1811703573,11150090851
11150090851,9867606737
9867606737,9867606736
9867606736,9867606735
9867606735,1811703560
1811703560,11150109811
1811703541,10261858434
10261858434,9861749110
9861749110,1811703539
1811703539,1811703522
1811703522,10261858482
10261858482,10261858469
10261858469,10261858473
10261858473,1811703552
1811703543,1811703536
1811703536,1811703557
1811703557,9862068927
9862068927,9862068926
9862068926,9861741363
9861741363,1811703547
1811703547,9861741364
9861741364,1811703525
1811703525,1811703515
1811703515,6110396115
6110396115,11633584772
11633584772,1811703544
1811703551,11150109806
11150109806,1811703556
1811703554,1811703527
1811703527,10261849279
10261849279,10261849281
10261849281,1811703532
1811703532,1811703569
1811703569,10261849288
10261849288,9861741359
9861741359,1811703543
1811703543,9861741361
9861741361,9861741360
9861741360,9861741362
9861741362,1811703561
1811703561,10261849287
10261849287,9861753619
9861753619,1811703558
1811703558,9861753618
9861753618,10261858492
10261858492,2431986022
2431986022,2431986028
2431986028,10261858481
10261858481,1811703522
915369076,12679156992
12679156992,915369205
915369205,915369268
915369268,915368624
915368624,915369343
915369343,915368788
915368788,915368953
915368953,915368378
915368378,915369072
915369072,1549892457
1549892457,915368514
915368030,13264666431
13264666431,13759078407
13759078407,1549836368
1549836368,915292020
915292020,1825530316
1825530316,915292399
915292399,915291656
915291656,915290811
915290811,915292160
915292160,915291428
915291428,6932055844
6932055844,915292436
915292436,6932055846
6932055846,1825530322
1825530322,307369202
307369202,11799252485
11799252485,10302340977
10302340977,1986129951
1986129951,12690343963
1866007988,9867854555
9867854555,9867854557
9867854557,9867854556
9867854556,9869624089
9869624089,1866007986
1866007986,1866007974
1866007974,9869624088
9869624088,1866007962
1866007962,1866008016
1866008016,1866007946
1866007946,1866007999
1866007999,9867854559
9867854559,9867854558
9867854558,1866007956
1866007956,1866007958
1866007958,1866008018
1866008018,1866007970
1866007970,9867854560
9867854560,1866007978
1866007978,9867854561
9867854561,9867854562
9867854562,1866007960
1866007960,4241079001
4241079001,1866008012
1866008012,1866007976
1866007976,1866007930
1866007930,1866007966
1866007966,1866007953
1866007953,1866007984
1866007984,9867854551
9867854551,1866008003
1866008003,1866007927
1866007927,1866007940
1866007940,1866007981
1866007981,1866007990
1866007990,1866008019
1866008019,1866007928
1866007928,1866007936
1866007936,1866007969
1866007969,1866008022
1866008022,1866008010
1866008010,1866008014
1866008014,9867854552
9867854552,1866007934
1866007934,1866007972
1866007972,1866007942
1866007942,1866008001
1866008001,1866007938
1866007938,1866007943
1866007943,2367722684
2367722684,1866007982
1866007982,9867854554
9867854554,9867854553
9867854553,1867171630
1867171630,4242409298
4242409298,1866007996
1866007996,1866007988
1549884827,6259929990
6259929990,1549884825
1549884825,1867171636
3007872788,308884531
308884531,6680284552
6680284552,6680284554
6680284554,3643755336
3643755336,3742302397
3742302397,943830578
943830578,3643755329
3643755329,10302280592
10302280592,943831044
943831044,10302280595
10302280595,6680284557
6680284557,12921421931
12921421931,943830356
943830356,6680284558
6680284558,9873990909
9873990909,943830388
943830388,6680284561
6680284561,6680284562
6680284562,12921421911
12921421911,3744432425
1870091778,947950600
563661887,947950979
2061627033,2061627134
2061627134,2061627106
2061627106,2061627183
2061627183,2061627197
2061627197,2061627030
2061627030,2061627252
2061627252,2061626966
2061627001,2061627155
2061627062,2061627185
2061627185,2061627021
2061627091,2061627062
2061627062,2061627001
2061627001,2061627183
2061627185,2061627155
2061627155,2061627044
2061627044,2061627197
2061627044,2061627165
2061627165,2061627071
915367960,915368230
915368230,6929777580
6929777580,5567579721
5567579721,915368946
915368946,5567579723
5567579723,915369119
915369119,5567579722
5567579722,915368557
915368557,5567579718
5567579718,5567579720
5567579720,5567579719
5567579719,915369273
915369273,5567579717
5567579717,915368719
915368105,915368959
915368959,915369116
2323525245,10603774783
10603774783,2323525237
2323525237,6576356262
6576356262,2323525236
2323525236,2323525241
2323525241,2323525242
2323525242,2323525271
4914740068,12191985390
12191985390,2323525274
2323525274,2323525273
2323525275,4914740087
4914740087,2323525276
2323525276,2323525277
2323525278,2323525279
2323525267,2323525245
2323525245,2323525244
2323525235,12192097005
12020489104,12191985399
12191985399,12192097056
12192097056,12192097062
12192097062,12192097080
12192097080,2323525296
2323525296,2323525293
2323525293,4914740074
4914740074,4914740048
4914740048,2323525289
2323525289,12191985395
12191985395,12192097082
12192097082,2323525276
1191294743,2327524061
2327524061,2327524059
2327524059,4398506629
1866007969,2367722676
2431986202,3661513054
3661513054,10255012765
10255012765,10255012767
10255012767,3661513038
3661513038,2431986197
2431986197,2431986195
2431986195,9857795526
9857795526,2431986193
2431986193,3661513017
3661513017,9857795530
9857795530,9857795529
9857795529,2431986198
2431986126,10975976025
10975976025,9767010871
9767010871,2431986124
11671638117,11671638118
11671638118,11671638116
11671638116,11671638115
11671638115,11671580640
11671580640,11671638119
11671638119,11671638114
11671638114,11671638113
11671638113,11671638112
11671638112,11671638121
11671638121,11671638111
11671638111,11671638110
11671638110,11671638109
11671638109,11671638108
11671638108,11671638107
11671638107,11671638106
11671638106,11671638105
11671638105,11671638104
11671638104,11671638122
11671638122,11671638103
11671638103,11671638102
11671638102,11671638101
11671638101,11671638100
11671638100,11671638130
11671638130,11671638099
11671638099,6436603637
6436603637,11671638098
11671638098,10975945871
10975945871,11671638096
11671638096,11675145678
11675145678,10975945875
10975945875,11671638097
2431986122,12866424094
12866424094,12866424064
12866424064,12866424068
12866424068,12866424095
12866424095,2431986121
4083435332,9857860369
9857860369,9857860368
9857860368,267251010
267251010,267251009
2431986087,11027836141
11027836141,11027836133
11027836133,11027836146
11027836146,11027836147
11027836147,11027836142
11027836142,3643733149
3643733149,9854796668
9854796668,9854796667
9854796667,9854796666
9854796666,3643733150
3643733150,11027836126
11027836126,9854796665
9854796665,9854796664
9854796664,9854796663
9854796663,2431986110
2990369114,11651923870
11651923870,1765105531
1765105531,2990369111
2990369111,9713031700
9713031700,9713031701
9713031701,9832907236
9832907236,9832907237
9832907237,11651918129
11651918129,6538727983
267193270,267193271
267193271,9862064681
9862064681,563661892
563661892,13377661891
13377661891,563661894
563661894,267193274
267193274,9862064622
9862064622,563661895
563661895,267193275
267193275,9862064623
9862064623,9862064624
9862064624,267193276
267193276,11027100835
11027100835,11985043731
11985043731,2592537267
2592537267,9862064678
9862064678,267193277
267193277,9862064677
9862064677,9862064679
9862064679,9862064680
9862064680,267193278
267193278,7975753231
939284650,1811703524
1811703524,1811703572
1811703572,10261849290
10261849290,1811703554
1811703554,10261849292
10261849292,10261849295
10261849295,1811703531
1811703531,1811703566
1811703566,1811703568
1811703568,5207632937
5207632937,1811703555
1811703555,10261859778
10261859778,9861700970
9861700970,1811703519
1811703519,9861700969
9861700969,1811703553
1811703553,9861700971
9861700971,10261859791
10261859791,1811703535
1811703535,1549892467
4231806598,6525792486
6525792486,6525792487
6525792487,6525792488
6525792488,10261735804
10261735804,6525792489
6525792489,10261781413
10261781413,6525792490
6525792490,6525792491
6525792491,10261781412
10261781412,6525792492
6525792492,2431986032
2431986032,10261781449
10261781449,10261781474
10261781474,10261781477
10261781477,10261781478
10261781478,7245601627
7245601627,7245601620
7245601620,10261798918
10261798918,7245601612
7245601612,10261781482
10261781482,10261781490
10261781490,10261781493
10261781493,10261781489
10261781489,2431986034
2431986034,10261798948
10261798948,7220734422
943560121,10262211508
10262211508,9843579517
9843579517,9843524738
9843524738,9843524737
9843524737,943559795
943559795,4231821247
4231821247,9843524736
9843524736,943560012
943560012,9843212116
9843212116,9843224217
9843224217,11015451857
11015451857,943560066
943560066,11015462179
11015462179,11015452662
11015452662,2431986321
9852428389,3178456101
3178456101,9852542332
9852542332,9852428390
9852428390,3644649515
3644649515,2431986108
2431986120,5766164027
5766164027,9869546441
9869546441,2431986115
2431986115,6439088523
6439088523,2431986109
2431986109,5766164016
5766164016,10701010711
10701010711,2431986094
2431986094,5766164010
5766164010,5766164011
5766164011,9869546446
9869546446,5766164012
5766164012,9869461116
9869461116,9869489717
9869489717,5766164013
5766164013,10610814580
10610814580,5766164014
5766164014,9869489719
9869489719,11059013163
11059013163,9869489718
9869489718,5766164015
5766164015,6439088524
6439088524,5766164016
7245081083,7245102586
7245102586,7247463311
7247463311,7247463314
7247463314,7247463312
7247463312,7245081080
7245081080,7245081078
7245081078,7247463313
7247463313,7245081081
7245081081,7245102592
7245102592,7245102593
7245102593,7247463315
7247463315,7245102594
7245102594,10715964437
10715964437,7245102595
7245102595,7245102596
7245102596,7245081083
2431986044,10248639536
10248639536,2431986048
2431986048,11645082589
11645082589,7245081076
7245081076,10248639533
10248639533,2431986050
2431986050,9854685967
9854685967,3731950242
3731950242,3731950243
6526139731,8285376573
8285376573,6526139732
6526139732,2431986043
2431986043,10248637071
10248637071,7227481030
7227481030,2431986047
2431986047,10248637088
10248637088,10248637091
10248637091,2431986051
2431986051,11135891007
11135891007,7245480311
7245480311,2431986057
2431986057,2431986059
7428442907,2431986216
2431986216,12281756286
12281756286,12281756297
12281756297,2431986212
2431986212,9857786693
9857786693,2431986211
2431986211,2431986217
2431986065,9854685951
9854685951,9854685950
9854685950,2431986072
2431986072,2431986079
2431986079,3744032892
3744032892,9854685953
9854685953,9854685952
9854685952,3744032893
3744032893,2431986086
2431986086,3744032894
3744032894,2431986096
6964140886,6964092573
6964092573,2431986096
4398510560,10254993405
10254993405,2431986255
2431986255,4231387109
4231387109,8982368743
8982368743,2431986256
10261798928,2431986037
2431986037,10261781501
10261781501,10261798952
10261798952,1764163551
1764163551,7245480317
7245480317,10261816139
10261816139,2431986046
2431986046,10261816170
10261816170,10261816149
10261816149,10261816165
10261816165,10261816164
10261816164,3288237562
1811703558,2431986018
2431986018,10261858493
10261858493,9861753617
9861753617,10261858497
10261858497,2431986016
2431986016,10261858495
10261858495,2431986017
2431986017,10261858503
10261858503,10261858485
10261858485,1811703548
6062732019,1754592314
1754592314,2803028593
2803028593,2506019004
5681450601,6656817019
6656817019,9234669609
9234669609,3228472661
3228472661,10254979357
10254979357,5247558848
5247558848,9908819507
9908819507,9857987453
9857987453,2592537499
2592537499,10254979364
10254979364,3228472668
3228472668,12184104418
12184104418,2592537501
2592537267,2592537260
2592537260,11985043744
2637094845,6438498145
6438498145,2637094837
2637094837,2637094831
2637094831,6486326899
4798310789,2637094835
2637094835,2637094833
2637094833,9840856144
9840856144,2637094831
2637094831,6437460013
6437460013,6437460017
6437460017,6438204752
6438204752,9843139875
9843139875,2637094814
2637094814,6437830054
6437830054,7209589253
3007872783,6680284576
6680284576,2697726585
2697726585,2697721891
2697726584,9852968148
9852968148,2697726585
6342496387,2697771085
2697771085,2697771086
2697771086,2697771087
2697771087,2697771088
2697771088,3642421025
3642421025,2697771089
2697771089,2697771090
1549836690,1549836692
1549836692,5179521927
5179521927,1549836684
4776237946,4811281708
4811281708,915368944
9792407222,7605606897
7605606897,9869554088
9869554088,1549839159
1549839159,3858542494
3858542494,412331451
412331451,9867663784
9867663784,9867663786
9867663786,9867663785
9867663785,1549836685
1549836695,9869643866
9869643866,1549836696
1549836696,7222255631
7222255631,1549836693
1549836693,2431986120
2431986120,11152748414
11152748414,1549836690
2697726585,2706818449
2706818449,2706818450
2706818450,2706818451
2706818451,2706818452
2706818452,2706818453
2706818453,2706818454
2706818454,2706818455
2706818455,2706818456
2706818456,2706818457
2706818457,2706818458
2706818458,6918479561
6918479561,2706818459
5716610649,5716610648
5716610648,5716610653
5716610653,5716610654
5716610654,1870091823
1870091823,5716610640
5716610640,1870091815
2715305383,2715305610
2715305610,2715305558
2715305558,2715305749
2715305749,4264404818
4264404818,2715305374
2715305374,2715305714
2715305714,4264404816
4264404816,2715305567
2715305567,2715305762
2715305762,2715305584
2715305584,4264404813
4264404813,9840615105
9840615105,9840615106
9840615106,9840615107
9840615107,2715305621
2715305621,9840615109
9840615109,9840615108
9840615108,9840615111
9840615111,9840615110
9840615110,2715305560
2715305560,9840615112
9840615112,9840615113
9840615113,9843219488
9843219488,9840615114
9840615114,4264402256
4264402256,9840615116
9840615116,9840621318
9840621318,9840615115
9840615115,9840621317
9840621317,2715305585
2715305585,9840621319
9840621319,9840621320
9840621320,4264402245
4264402245,6385251008
6385251008,2715305719
2715305719,9840621321
9840621321,3649138017
3649138017,5638613705
5638613705,9840621323
9840621323,2715305401
2715305401,9840621322
9840621322,4264402241
4264402241,9843437838
9843437838,2715305390
2715305390,9840621325
9840621325,9840621324
9840621324,4264402244
4264402244,6385250772
6385250772,2715305653
2715305653,9840621326
9840621326,2715305508
2715305508,5802016599
5802016599,5802016597
5802016597,5802016598
5802016598,4264402257
4264402257,9840621327
9840621327,2715305612
2715305612,10576227606
10576227606,5802016600
5802016600,5802016601
5802016601,2715305626
2715305626,5802016602
5802016602,5802016603
5802016603,5802016604
5802016604,4264402259
4264402259,2715305725
2715305725,7043370552
7043370552,5802016610
5802016610,9954073690
9954073690,12237961570
12237961570,9843147259
9843147259,9843147243
9843147243,4154369290
4154369290,2715305422
2715305422,9840615078
9840615078,2715305628
2715305628,9840615077
9840615077,2715305404
2715305404,9840615076
9840615076,9840615075
9840615075,9840615072
9840615072,2715305730
2715305730,4264402482
4264402482,2715305565
2715305565,2715305392
2715305392,6646396125
6646396125,5638613709
2715305483,2715305754
2715305754,10261879824
10261879824,2715305570
2715305570,268212559
268212559,2433295642
2433295642,10261879844
10261879844,268212557
268212557,10261879853
10261879853,268212556
268212556,10261879858
10261879858,268212555
268212555,268212554
268212554,2715305596
2715305596,301037244
301037244,4231821246
4231821246,268212553
268212553,6437720641
6437720641,268212552
268212552,301037222
301037222,6436870627
6436870627,268212550
268212550,6660268459
6660268459,268212548
268212548,268212547
268212547,6660268462
6660268462,6660268461
6660268461,6660268460
6660268460,268212545
268212545,6660268464
6660268464,6660268463
6660268463,301037217
301037217,6660268465
6660268465,301037227
301037227,268212544
268212544,13382782065
13382782065,301037212
301037212,301037213
301037213,4231821235
4231821235,6560396394
6560396394,268212543
2715757755,6436851526
6436851526,6436851530
2729066812,10264552809
10264552809,10264318201
10264318201,10264318202
10264318202,10869883006
10869883006,267196303
9852968144,561254896
561254896,2431986184
2431986184,2431986183
2431986183,3644093078
3644093078,2431986185
2431986185,3644093081
7309995824,6657552033
6657552033,2729066737
2729066737,267197941
2697217184,2796856398
6062732003,6062731998
6062731998,10242883113
10242883113,2799279157
2799279157,12037353111
12037353111,6062732006
6062732006,10242883110
10242883110,6062732005
6062732005,6062732019
6062732019,6062732025
6062732025,6062732024
6062732024,12953168418
12953168418,6062732023
6062732023,6062732022
6062732022,6062732021
6062732021,12953168420
12953168420,1754592355
1754592355,6062732010
6062732010,2799290576
2800343062,6062732053
6062732053,6062732047
6062732047,6062732054
6062732054,6062732050
6062732050,6062732055
6062732055,6062732052
6062732052,6062732056
6062732056,2800343062
2800343062,2800343063
562615471,2829272958
2829272958,2829272956
2829272956,2829272952
2829272952,2829272950
2829272950,2829272949
562615471,2829272959
2829272959,309640589
309640589,6438155349
6438155349,9843616408
9843616408,10636113351
10636113351,943559981
943559981,355435734
355435734,943560267
943560267,309640587
309640587,267253220
3644198790,3744313943
3744313943,2729066792
2729066792,3644093111
3644093111,3644093109
3644093109,3644093108
3644093108,3644093105
3644093105,561190255
561190255,11897392632
11897392632,267196344
3644093104,9843742081
9843742081,3644198771
3644198771,2829272943
2829272943,9843742082
9843742082,9843742083
9843742083,3644093085
3644093085,3644093103
3644093103,9843742084
9843742084,3644093111
3644093111,9843742085
9843742085,3644093120
3644093120,3644093212
3644093212,9843742088
9843742088,9843742087
9843742087,3644093215
3644093215,1869899425
1869899425,3644093122
2829272951,7009786347
7009786347,2829272955
2829272955,7009786348
7009786348,2829272960
2829272960,7009786349
7009786349,2829272962
2829272962,562615462
9827041738,2912295492
2912295492,2912295491
2912295491,2912295493
2912295493,10610831247
10610831247,2912295498
2912295498,2912295499
2912295499,2912295500
2912295500,2912295505
2912295505,2912295506
2912295506,2912295507
2912295521,2912295523
2912295523,2912295525
2912295525,2912295524
2912295524,2912295522
2912295522,9827041739
9827041739,2912295519
2912295519,2912295518
2912295518,2912295510
2912295510,2912295501
2912295501,2912295497
2912295497,9827041738
10610831242,1453758031
1453758031,1765105597
1765105597,1765105510
1765105510,1453758019
2697745870,6918479532
6918479532,6918479559
1765105575,2506015515
2506015515,2990369114
2990369114,2990369110
2990369113,11651677055
11651677055,9829951525
9829951525,2990369115
2990369115,9829951524
9829951524,9829951523
9829951523,2990369112
2990369112,9832681719
9832681719,9829951522
9829951522,9713031708
9713031708,2990369111
1765105542,1765105595
3007872780,3742305488
3742305488,11011629669
11011629669,3007872776
3144938702,3144938695
3144938695,3144938672
3144938672,3144938638
3144938638,3144938699
3144938699,3144938515
3144938515,6593517867
6593517867,9854917364
9854917364,6593517868
6593517868,6593517869
6593517869,6593517870
6593517870,6593517871
6593517871,11984980566
11984980566,6593517872
6593517872,6593517873
6593517873,621248356
563659608,3144938644
3144938644,3144938653
3144938653,563659604
563659604,3144938671
3144938671,563659605
563659605,11647852411
11647852411,563659603
563659603,5864324663
5864324663,563659575
563659575,563659567
563659567,11672033764
11672033764,11672033762
11672033762,563659568
563659568,11671998891
11671998891,11671847996
11671847996,563659544
563659544,9861867442
9861867442,3144938666
3144938666,563659546
563659546,910549586
3144938650,5483954671
5483954671,5483954669
5483954669,3144938670
3144938670,5483954668
5483954668,3144938510
3144938510,3144938635
3144938635,5137961074
5137961074,3144938633
3144938633,3144938522
3144938522,3144938675
3144938675,5137961079
5137961079,3144938688
3144938688,3144938704
3144938704,3144938507
3144938507,3144938667
3144938667,3144938525
3144938525,3144938678
3144938678,3144938656
3144938656,3144938648
3144938648,5483954648
5483954648,3144938629
3144938629,5483954647
6576508788,6576508789
6576508789,6576508790
6576508790,6593532597
6593532597,6593532598
6593532598,6593532599
6593532599,6593532600
6593532600,6593532594
6593532594,12000416972
12000416972,3144938697
3144938697,3144938691
3144938691,3144938655
3144938655,3144938676
3144938676,6593532595
563659618,3144938664
3144938664,3144938526
3144938526,3144938692
3144938692,3144938498
3144938498,3144938659
3144938659,563659608
563659608,563659573
563659573,5137961078
5137961078,563659566
563659566,5137961073
5137961073,910549586
910549586,3144938641
3144938641,12000416970
12000416970,3144938661
3144938661,3144938657
3144938657,3144938689
3144938689,3144938516
3144938635,563659547
563659547,563659548
563659548,9861867441
9861867441,3144938651
3144938651,4809590491
4809590491,563659569
563659569,563659577
563659577,11672257760
11672257760,11672257761
11672257761,563659572
563659572,11672324840
11672324840,11672324849
11672324849,11672376182
11672376182,11672300466
11672300466,11672300468
11672300468,273317193
273317193,563659579
563659579,3144938687
3144938687,9852498381
9852498381,563659611
563659611,3144938667
3144938631,3144938679
3144938679,5483954664
5483954664,3144938503
3144938503,5483954665
5483954665,3144938528
3144938528,3144938645
3144938645,5483954667
5483954667,3144938521
3144938521,5483954666
5483954666,3144938519
3144938519,6593532595
6593532595,3144938506
3144938506,3144938701
3144938701,3144938650
6593517863,6593517862
6593517862,11984980565
11984980565,6593517861
6593517861,563661902
563661902,6593517865
6593517865,6593517860
6593517860,6593517866
6593517866,3144938496
3144938705,3144938660
3144938660,3144938694
3144938694,5137961070
5137961070,12000402768
12000402768,3144938517
3144938517,5137961071
5137961071,5137961068
5137961068,5539528880
5539528880,5137961075
5137961075,5137961072
5137961072,1765269539
1765269539,1765269514
3144938528,3144938508
3144938508,3144938690
3144938690,3144938523
3144938523,3144938524
3144938524,12144692207
12144692207,3144938514
3144938514,12000416971
12000416971,6189721089
6189721089,6593532593
6593532593,563661901
563661901,6593532596
6593532596,6576508801
6576508801,6576508802
6576508802,6576508803
6576508803,563659540
3144938642,3144938674
3144938674,3144938513
3144938513,3144938520
3144938520,3144938512
3144938512,3144938685
3144938685,3144938706
3144938706,3144938663
3144938663,3144938501
3144938501,3144938698
3144938698,11647672999
11647672999,3144938683
3144938675,563659577
563659577,6655403045
6655403045,563659576
563659576,6576529264
6576529264,563659570
9826864314,3160777915
308883230,6680295293
6680295293,433484647
433484647,3642431689
3642431689,943831815
943831815,6680295295
6680295295,3642437418
3642437418,5792664534
5792664534,11935409336
11935409336,6680295297
6680295297,3007872789
1681488735,1681488752
1681488752,1681488794
1681488794,1681488839
1681488839,1681488864
1681488864,1681488876
1681488876,1681488902
1681488902,1681488909
1681488909,1681488926
1681488926,1681488933
1681488933,1681488964
1681488964,1681488983
1681488983,1681488985
1681488985,1681488987
1681488987,9868272437
9868272437,1681488990
3209387298,3209387297
3209387297,3209387296
3209387296,3209387295
3209387295,3209387293
3209387293,3209387292
3209387292,3209387291
3209387291,3209387290
3209387290,3209387289
3209387289,3209387287
3209387287,3209387286
3209387286,3209387285
3209387285,3209387283
3209387283,3209387281
3209387281,3209387280
3209387280,3209387278
3209387278,3209387277
3209387277,3209387274
3209387274,3209387273
3209387273,3209387276
3209387276,3209387275
12403288470,3624347912
3624347912,3209386547
3209386547,3209386548
3209386548,3209386549
3209386549,3209386550
3209386550,3209386551
3209386551,3209386552
3209386552,3209386553
3209386553,3209386556
3209386556,3209386559
3209386559,3209387263
3209387263,3209387268
3209387268,3209387269
3209387269,3209387270
3209387270,3209387271
3209387271,3209387272
3209387272,3209387279
3209387279,3209387282
3209387282,3209387284
3209387284,3209387288
3209387288,3209387294
3209387294,3209387298
3209387298,3209387299
3209387299,3624347920
3624347920,3624347921
3624347921,3624347923
3624347923,3624347924
3624347924,3624347926
3624347926,3624347931
3624347931,3624347934
3624347934,3624347937
3624347937,3624347938
3624347938,3624347941
3624347941,3624347944
3624347944,3624347942
3624347942,3624347940
3624347940,3624347939
3624347939,3624347936
3624347936,3624347935
3624347935,3624347932
3624347932,3624347930
3624347930,3624347928
3624347928,3624347927
3624347927,3624347925
3624347925,1681488730
12388953493,3624347916
3624347916,3624347917
3624347917,12388953494
12388953494,3624347918
3624347918,12388953495
12388953495,3624347919
3624347919,3624347922
3624347922,3624347929
3624347929,3624347933
3624347933,12388953500
12388953500,12388953499
12388953499,12388953496
12388953496,12388953498
12388953498,12388953497
12388953497,3624347943
3624347943,3624347945
3624347945,3624347946
3624347946,3624347947
3624347947,12388953512
12388953512,12388953511
12388953511,3624347948
1328248376,3209386554
3209386554,3209386555
3209386555,3209386557
3209386557,3209387261
3209387261,3209387264
3209387264,7030656330
7030656330,7030656329
7030656329,7030656328
7030656328,7030656327
7030656327,3209387267
3217361694,6560396393
6560396393,13382782064
13382782064,13382782063
13382782063,13382782062
13382782062,301037214
301037214,301037218
301037218,301037219
301037219,301037216
301037216,6660268466
6660268466,6660268467
6660268467,301037220
301037220,301037204
301037204,6660268457
6660268457,301037221
301037221,6660268456
6660268456,6660268458
6660268458,6660268455
6660268455,301037223
301037223,4231821240
4231821240,301037205
301037205,4231821242
4231821242,7223150335
7223150335,301037224
301037224,301037225
301037225,301037243
301037243,2715305415
2715305415,301037202
301037202,301037201
301037201,2715305548
2715305548,301037200
301037200,2715305491
2715305491,10261879854
10261879854,301037199
301037199,301037198
301037198,2715305478
2715305478,301037197
301037197,2715305747
2715305747,301037196
301037196,301037211
301037211,268212561
268212561,1869899433
3235491033,3235491034
3235491034,3235491035
3235491035,3235491036
3235491036,3235491037
3235491037,3235491038
3235491038,3235491039
3235491039,3235491040
3235491040,3235491065
3235491065,3235491041
3235491041,3235491042
3235491042,3235491043
3235491043,3235491044
3235491044,3235491045
3235491045,3235491046
3235491046,3235491047
3235491047,3235491056
3235491056,3235491048
3235491048,3235491049
3235491049,3235491050
3235491050,3235491058
3235491058,3235491051
3235491051,3235491052
3235491052,3235491053
3235491053,3235491054
3235491054,3235491055
3235491055,3235491033
5484083378,3235491056
12020245240,3235491058
3235491066,3235491067
3235491067,3235491068
3235491068,3235491069
3235491069,3235491070
3235491070,3235491071
3235491071,3235491078
3235491078,3235491079
3235491079,3235491080
3235491080,3235491081
3235491081,3235491060
3235491060,3235491072
3235491072,3235491073
3235491073,3235491074
3235491074,3235491057
3235491057,3235491075
3235491075,3235491076
3235491076,3235491059
3235491059,3235491077
3235491077,3235491066
2431986051,10261798976
10261798976,10261798971
10261798971,7227481032
7227481032,10261798961
10261798961,10261798978
10261798978,10261798964
10261798964,10261798931
2431986046,7245480310
7245480310,2431986053
2431986053,2431986057
1764163531,9861987660
9861987660,3288237561
3288237561,9861987659
9861987659,3288237562
3288237562,3288237563
3288237563,9767027277
9767027277,3288237564
12258061770,12258061771
12258061771,3466659293
3466659293,3466659294
3643733181,3643733184
3643733184,3643733190
3643733190,9852957731
9852957731,6436203607
6436203607,3643752994
3643752994,3643752995
3643752995,3643752996
3643752996,6680284518
6680284518,3642416675
370583669,6680819993
6680819993,3642408781
3642408769,6680819995
6680819995,3642408780
3642421025,3642421042
3643755350,3642416672
3642416672,9859979949
9859979949,9859979948
9859979948,9859979947
9859979947,6680797474
6680797474,3642416679
3642416688,3642416683
3642408765,6680284526
6680284526,3642408767
3642408773,3642408775
3642408761,3642421059
3642421050,3642408762
3642416684,6680797476
6680797476,3642416687
3642421023,3642421013
3642408779,3642408774
943831293,12105697108
12105697108,6680819998
6680819998,3642421056
3642421068,3642408772
3642421065,9860259242
9860259242,9860259244
9860259244,9860259243
9860259243,3642408770
3642408770,3642408771
3642420998,3642421001
3642421001,9859979952
9859979952,9859979951
9859979951,9859979950
9859979950,10567321015
10567321015,6680797482
6680797482,3642421012
3642416678,3642416681
3642416681,3642416686
3642416690,3642416692
3642416692,3642420993
3642421008,3642421009
3642421009,3642421011
3642421064,3642421065
3642421065,3642421066
3642421009,3642421003
3642421003,9860259247
9860259247,9860259246
9860259246,9860259245
9860259245,3642421004
3642421046,3642421047
3642421047,3642421048
3642421049,6680284524
6680284524,3642421050
3642421050,3642421052
3642421000,3642420999
3642420999,9860259249
9860259249,9860259250
9860259250,9860259248
9860259248,3642416692
3642421022,3642421023
3642421023,3642421024
6680797478,10567396023
10567396023,9859979954
9859979954,9859979955
9859979955,9859979956
9859979956,3642416691
3642416691,3642420994
3642420994,9859979958
9859979958,9859979957
9859979957,9859979953
9859979953,10567344622
10567344622,6680797479
3642416689,9859986540
9859986540,9859986541
9859986541,3642421005
3642421005,9859986542
9859986542,9859986544
9859986544,9859986543
9859986543,3642421002
3642421002,9859986545
9859986545,9859986548
9859986548,3642421007
3642421007,9859986547
9859986547,9859986546
9859986546,3642421006
3642421006,3642421010
9859986537,3642421057
3642421057,9859986536
9859986536,3642421060
3642421060,3642421061
3642421061,3642421063
3642434448,6680820017
6680820017,3642434443
3642431684,3642431685
3642434444,6680820013
6680820013,3642434404
3642434466,3642434482
3642434449,3642434472
3642431689,3642434395
3642434395,3642434397
3642434397,3642434401
3642434460,6680820018
6680820018,3642434446
3642434446,9859979980
9859979980,9859979981
9859979981,3642434445
3642434445,3642434442
3642434442,3642434438
3642431692,3642434408
3642434408,3642434411
3642434411,9859979975
9859979975,3642434409
3642434409,3642434403
3642434403,3642431686
3642434616,6666377297
6666377297,12247930683
12247930683,3642434615
3642434615,9859986554
9859986554,3642434612
3642434612,3642434610
3642434610,3642434611
3642434611,3642434613
3642434613,9859986555
9859986555,9859986556
9859986556,3642434614
3642434432,3642434431
3642434431,3642434428
3642434428,3642434421
3642434421,3642434419
3642434419,3642434420
3642434420,3642434425
3642434425,10536781585
10536781585,3642434426
3642434426,3642434430
3642436888,6680295288
6680295288,3642437398
3642436887,3642436889
3642436885,3642436886
3642437418,3642437416
3642437416,5792664531
5792664531,3642437414
3642437414,5792664533
5792664533,3642437415
3642437415,5792664532
5792664532,3642437417
6680295302,5792664543
5792664543,3642437413
3642437413,5792664546
5792664546,3642437412
3642437412,5792664545
5792664545,3642437411
3642437411,5792664544
5792664544,3642437409
9865315017,267193247
267193247,267193248
267193248,6998127074
6998127074,267193249
267193249,267193250
267193250,267193251
267193251,4810127991
4810127991,9535639557
9535639557,11006929081
11006929081,267193252
267193252,11006956905
11006956905,267193253
267193253,267193236
267193236,13296106594
3642416675,3642416676
3642416676,9859979939
9859979939,9859979940
9859979940,3642416677
3642416677,3642416682
3642416682,9859979946
9859979946,3642416685
3642416685,9859979941
9859979941,3642416680
3642416680,9859979942
9859979942,3642416678
3642416678,9859979945
9859979945,3642416674
3642416674,9859979943
9859979943,9859979944
9859979944,3642416673
3642416673,3642416671
3642420993,6680284519
6680284519,3643753000
273317191,6576529257
6576529257,267193290
267193290,6655403039
6655403039,12000416974
12000416974,273317193
3643755328,3643755325
3643755337,3643755336
3643755327,3643755331
3643755324,3643755323
3643755329,3643755330
3643755332,3643755335
3643755338,3643755349
3643755322,3643755321
3643755346,9859979959
9859979959,9859979961
9859979961,9859979960
9859979960,3643755340
3643755340,3643755334
3643755333,3643755339
3643755339,3643755342
3643761205,10975976066
10975976066,12109986546
12109986546,3643761197
3643761196,3643761198
3643761198,3643761199
3643761199,3643761200
3643761200,3643761201
3643761201,3643761202
3643761202,3643761203
3643761203,12109986545
12109986545,12109986547
12109986547,3643761204
249791204,267196276
3644093099,3644093097
3644093097,3644093095
3644093095,3644093094
3644093094,3644093096
3644093096,3644093098
3644093098,3644093100
3644093112,3644093142
267197939,2729066739
2729066739,2729066741
2729066741,9852864672
9852864672,2729066760
3744313591,11578349070
11578349070,9860259218
9860259218,9860259217
9860259217,9860162716
9860162716,9860162715
9860162715,9860162714
9860162714,9860162713
9860162713,9860162712
9860162712,9860162711
9860162711,3644092999
3644092999,3644093015
3644093015,3644093018
3644093018,3644093016
3644093016,3644091687
3644093208,9857635688
9857635688,3644093211
3644093211,3644093206
3644093206,3644093202
3644093202,3644093203
3644093203,3644093209
3644093209,3644093243
561190179,3644093120
3644093120,3644093118
3644093118,3644093114
3644093114,561190205
561190205,3644093112
3644093112,561190260
561190260,2729066791
2729066791,3644093130
561254907,10869881006
10869881006,3644093135
3644093135,3644093137
3644093137,3644093132
3644093132,3644093125
3644200297,3644198789
3644198789,3644198781
3644198781,3644198779
3644198779,3644198778
3644198778,3644198780
3644198780,3644198786
3644198786,3644198792
3644198792,3644200298
3644200298,3644200303
3644200303,3644200307
3644200307,3644200310
3644200310,3644200311
3644200311,3644200309
3644200309,3644200306
3644200306,3644200301
3644200301,3644200297
3644200298,3644200302
3644198790,3644198791
3644198791,3644200297
941021439,941021503
941021503,267259946
3644266686,3644266670
3644266670,3644266803
3644266803,3644265389
3644265389,3644265383
3644265383,3644265384
3644265384,3644265390
3644265390,3644266806
3644266806,3644266672
3644266672,3644266691
3644266691,3644266900
3644266900,3644266925
3644266925,3644266948
3644266948,3644266952
3644266952,3644266951
3644266951,3644266947
3644266947,3644266919
3644266919,3644266899
3644266899,3644266686
3644266691,941021407
3644266807,3644266668
3644266895,3644266976
3644266976,9865646862
9865646862,3644266981
3644265381,3644265310
3644265310,9865646865
9865646865,3644265308
3644266669,3644266671
3644266671,12902030501
12902030501,3644266673
3644266673,3644266686
3644266805,3644266673
3644266673,3644266893
3644266893,3644266974
3644266974,3644266982
3644266974,3644266975
3644266975,3644266977
3644266977,3644266834
3644266834,3644266979
3644266979,3644266980
3644266899,3644266893
3644266893,3644266692
3644266692,12902030501
12902030501,3644266804
3644266804,3644266805
3644266805,3644266670
3644266978,3644266671
3644266671,3644265311
3644265311,3644265310
3644265310,3644265309
3644265309,3644266807
3644266807,3644266973
3644266973,3644266976
3644266976,3644266978
3644266897,3644266669
3644266669,3644265382
3644265382,3644265381
3644265381,3644265380
3644265380,3644266668
3644266668,3644266894
3644266894,3644266895
3644266895,3644266897
3644266947,3644266834
3644266834,941021932
3644214768,3644265389
3644433261,5561975422
3644433266,3644433275
10264706922,3644433267
3644433267,3644433268
3644433268,3644433276
3644433276,3644433281
3644433281,10264706921
3644433276,3644433275
3644433275,3644433274
3644433274,3644433280
3644433280,10264706918
10264706918,3644433279
3644433279,3644433273
3644433273,10264706919
10264706919,3644433272
3644433262,9195166212
9195166212,10264706920
10264706920,3644433264
3644433264,3644433260
3644433260,3644433261
3644433261,3644433263
3644433263,3644433265
3644433265,3644433266
3644433266,3644433268
3644427506,3644427508
3644427508,3644427511
3644427511,3644427514
3644427514,3644427516
3644427515,9214974882
9214974882,10264672416
10264672416,10264628387
10264628387,3644427516
3644427516,3644427518
3644427518,9843616387
9843616387,3644427517
3644427517,3644427512
3644427512,9843616386
9843616386,9843616385
941021467,267259947
556803776,556804166
556804166,3644198791
3644198791,3644198774
3644198774,3644198772
3644483565,3644483564
3644483564,3644198770
3644198770,3644198769
3644483566,3644483568
3644483568,3644483570
3644483570,3644483569
3644533743,9852527172
9852527172,9852527173
9852527173,9852527174
9852527174,3644533731
3644533731,9852527175
9852527175,3644533715
3644533715,9852527176
9852527176,3644533714
3644533714,3644533713
3644533713,3644533709
3644533709,3644533707
3644533707,9852527177
9852527177,3644533702
3644533702,3644533701
3644533701,3644533700
3644533700,9852527180
9852527180,3644533699
3644533699,11648367987
11648367987,3644533698
3644533696,3644533708
3644533708,3644533711
3644533711,3644533712
3644533712,3644533710
3644533710,11648375251
11648375251,267193179
3644649518,3644649516
3644649516,6481240760
6481240760,3644649515
3644649515,9852428391
3644649542,3644649516
3178456101,3644649539
3644649539,3644649536
3178456102,9852542333
9852542333,9767027265
9767027265,3644649540
3644649540,6481240761
6481240761,3644649542
9852542317,9852542318
9852542318,9852542319
9852542319,9852542320
9852542320,9852542321
9852542321,943830711
943830711,9852527216
9852527216,3644649544
3644649544,9852527215
9852527215,9852527214
9852527214,3644649545
3644649545,9852527213
9852527213,3644649547
3644649547,3742305544
3648432990,3648432988
3648432988,3648432984
3648432984,3648432978
3648432978,3648432976
3648432976,3648432974
3648432974,3648432975
3648432975,3648432977
3648432977,3648432979
3648432979,3648432987
3648432987,3648432989
3648432989,3648432990
267249908,10262384353
10262384353,3648432971
3648432971,3648432974
3661513023,3661513025
3661513025,3661513027
3661513027,9857635685
9857635685,3661513030
3661513030,3661513031
3661513031,3661513032
3661513032,3661513033
3661513033,3661513053
3661513053,10255012756
10255012756,3661513052
3661513052,9857635683
9857635683,9857635684
9857635684,3661513022
3661513054,10264318190
10264318190,10264318188
10264318188,3661513057
3661513024,3661513021
3661513020,3661513022
3661513022,9857635686
9857635686,3661513023
3661513038,9857795523
9857795523,9857795525
9857795525,2431986197
3661513017,3661513021
3661513021,3661513028
3661513028,9857795527
9857795527,9857795528
9857795528,3661513029
3661544595,3661544601
3661544591,3661544589
3661544593,11007431926
11007431926,12920653490
12920653490,11007431934
11007431934,3661544592
3661544597,11007241847
11007241847,11007241834
11007241834,11007241816
11007241816,3661544595
3661544595,3661544594
3661544605,11007431922
11007431922,3661544593
3661544593,11007431952
11007431952,11007431933
11007431933,12920656818
12920656818,3661544596
267197928,11007431932
11007431932,3661544605
3661544605,3661544604
3661544604,9859986534
9859986534,9859986535
9859986535,3661544602
3661544602,11007431925
11007431925,11007431929
11007431929,11007431931
11007431931,3661544590
3661544590,11007431936
11007431936,11007431937
11007431937,3661544592
11007241842,11007241815
11007241815,3661544603
3661544603,9859986532
9859986532,9859986533
9859986533,9859986531
9859986531,3661544597
3661544597,11007241849
11007241849,3661544591
3661544591,11007241854
11007241854,3661544588
3731950235,11645007492
11645007492,3731950239
3731950239,9854685966
9854685966,9854685965
9854685965,3731950236
3731950236,9854685964
9854685964,3731950237
3731950240,11645007493
11645007493,3731950241
3734063089,3734063083
3734063097,3734063089
3734063089,3734063086
3739060401,9861821191
9861821191,3739060398
3739060398,10254891672
10254891672,1764159495
1764159495,10254891670
10254891670,10254891668
10254891668,1764159509
1764159509,9767122048
9767122048,1764159481
1764159481,1764159455
1764159455,1764159510
1764159510,9861821140
9861821140,1764159502
1764159502,1764159458
1764159458,1764159496
1764159496,1764159487
1764159487,11644697971
11644697971,1764159491
1764159491,1764159478
1764159478,1764159468
1764159468,1764159469
1764159469,1764159498
1764159498,1764159525
1764159525,1764159444
1764159444,9861819322
9861819322,1764159446
1764159446,1764159484
1764159484,1764159460
1764159460,9861819323
9861819323,9861819324
9861819324,1764159472
1764159472,1764159461
1764159461,9861819321
9861819321,1764159464
1764159464,1764159504
1764159504,1764159474
1764159474,9861819329
9861819329,9861821148
9861821148,1764159454
1764159454,1764159497
1764159497,10197041966
10197041966,1764159434
1764159434,9861821150
9861821150,9861821149
9861821149,1764159505
1764159505,1764159441
1764159441,9861821152
9861821152,1764159485
1764159485,9861821151
9861821151,1764159448
1764159448,3739060389
3739060389,9861821154
9861821154,9861821153
9861821153,3739060390
3739060390,3739060391
3739060391,3739060392
3739060392,9861821155
9861821155,3739060393
3739060393,9861821156
9861821156,3739060394
3739060394,9861821158
9861821158,9861821157
9861821157,10254899938
10254899938,10254899925
10254899925,10254899924
10254899924,10254899905
10254899905,4233512117
4233512117,10248673243
10248673243,3739060396
3739060396,10254899890
10254899890,9861821164
9861821164,10254899877
10254899877,9861821165
9861821165,9861821166
9861821166,10254899868
10254899868,3739060399
3739060399,10254899860
10254899860,9861879573
9861879573,9861821173
9861821173,10254899824
10254899824,3739060403
3739060403,9861821167
9861821167,10254899815
10254899815,9861821172
9861821172,9861821168
9861821168,3739060405
3739060405,10254899810
10254899810,9861821169
9861821169,9861821171
9861821171,9861821170
9861821170,3739060406
3739060406,10254891689
10254891689,3739060408
1116427585,9853189369
9853189369,3739060397
3739060397,9853189368
9853189368,6752784660
6752784660,13271997043
13271997043,3739060400
3739060400,3739060404
3858542494,3858542492
3858542492,3858542491
3858542491,9867707040
9867707040,9867707039
9867707039,3858542490
3858542490,3858542489
3858542489,9867707041
9867707041,3858542488
3858542488,9867707043
9867707043,9867707044
9867707044,9867707045
9867707045,9867707042
9867707042,9867707046
9867707046,3739899977
3739899977,3739899819
3739899819,9869515822
9869515822,3739899822
3739899822,9867707047
3739919758,9867854574
9867854574,9867854576
9867854576,9867854575
9867854575,3739919754
3739919754,3739919753
3739919753,3739919750
3739919750,3739919748
3739919748,3739919746
3739919746,3739919745
3739919745,3739919743
3739919743,3739919736
3739919736,3739919735
3739919843,3739919832
3739919832,9867854570
9867854570,3739919822
3739919822,9867854571
9867854571,3739919805
3739919805,9867854569
9867854569,9867854568
9867854568,9867854567
9867854567,3739919779
3739919779,3739919751
3739919751,3739919749
3739919749,3739919747
3739919747,3739919742
3739919742,3739919732
3739919732,9867854588
9867854588,3739919731
3739919731,9867854589
9867854589,3739919733
3739919733,3739919736
3739919854,3739919851
3739919851,3739919850
3739919850,3739919848
3739919848,9867854572
9867854572,3739919844
3739919844,3739919843
3739919843,3739919793
3739919793,3739919761
3739919761,3739919760
3739919760,3739919759
3739919759,3739919755
3739919755,9867854573
9867854573,3739919756
3739919756,3739919757
3739919757,3739919758
3739919758,3739919762
3739919762,3739919847
3739919845,3739919853
3739919755,3739919749
3739919857,3739919859
3739919859,7244946434
7244946434,9867707066
9867707066,3739919860
3739919860,7244946439
7244946439,7244946433
7244946433,9869970744
9869970744,9869970745
9869970745,9869970740
9869970740,9869970748
9869970748,9869970743
9869970743,9869970746
9869970746,9869970747
9869970747,9869970742
9869970742,9869970741
9869970741,7244946438
7244946438,7244946437
7244946437,9867883801
9867883801,7244946436
7244946436,9869970737
9869970737,9869970738
9869970738,9710817931
9710817931,9869970736
9869970736,9869970735
9869970735,9869970734
9869970734,9869970733
9869970733,9869970725
9869970725,9869970726
9869970726,9869970727
9869970727,9869970728
9869970728,9869970732
9869970732,9869970729
9869970729,9869970730
9869970730,9869970731
3557609083,3739919725
3739919725,3739919735
3739919852,3739919853
3739919853,3739919859
3739919822,9867854566
9867854566,9867854565
9867854565,3739919826
3739919826,3739919846
412331976,9868032729
9868032729,3739919858
3739919858,9867707071
9867707071,9867707067
9867707067,3739919857
3739919857,9867707070
9867707070,9867707069
9867707069,9867707068
9867707068,3739919855
3739919855,3739919854
3739919854,3739919845
3739919845,3739919842
3739927066,9867707099
9867707099,9867707098
9867707098,3739927064
3739927064,3739927068
3739927068,3739927105
3739927105,9867707097
9867707097,3739927119
3739927119,9867707096
9867707096,9867707094
9867707094,9867707095
9867707095,3739927351
3739927351,9867707093
9867707093,3739927362
3739927362,9867707091
9867707091,9867707092
9867707092,9867707090
9867707090,9867707089
9867707089,9867707088
9867707088,3739927386
3739927386,9867707087
9867707087,9867707086
9867707086,9867707085
9867707085,3739927375
3739927375,9867707084
9867707084,3739927396
3739927396,9867707083
9867707083,9867707080
9867707080,3739927402
3739927402,9867707081
9867707081,9867707082
9867707082,3739927400
3739927400,9867707078
9867707078,9867707079
9867707079,3739927379
3739927379,9867707076
9867707076,9867707075
9867707075,9867707077
9867707077,9867707074
9867707074,9867707073
9867707073,9867707072
9867707072,3739927404
3739927404,3739927389
9867712738,11021381722
11021381722,3739927056
3739927403,3739927389
3739927389,3739927338
3739927075,3739927074
3739927074,3739927079
3739927079,3739927081
3739927081,3739927083
3739927083,3739927090
3739927090,3739927098
3739927098,3739927108
3739927108,3739927116
3739927116,3739927330
3739927330,3739927339
3739927339,3739927348
3739927348,3739927358
3739927358,3739927361
3739927361,3739927365
3739927365,3739927367
3739927367,3739927368
3739927368,3739927364
3739927364,3739927360
3739927360,3739927357
3739927357,3739927347
3739927347,3739927338
3739927338,3739927329
3739927329,3739927115
3739927115,3739927107
3739927107,3739927097
3739927097,3739927089
3739927089,3739927082
3739927082,3739927080
3739927080,3739927078
3739927078,3739927075
412332065,3739927058
3739927058,9867707107
9867707107,3739927057
3739927057,9867707103
9867707103,9867712738
9867712738,9867707108
9867707108,3739927055
3739927055,9867707106
9867707106,9867707105
9867707105,9867707104
9867707104,9867712739
9867712739,9867712740
3739927079,9867707102
9867707102,9867707101
9867707101,3739927066
3739927066,9867707100
9867707100,3739927063
3739927063,3739927062
11021328899,11021328901
11021328901,11021328898
11021328898,11021328897
11021328897,11021328896
11021328896,3739927053
3739927053,3739927054
3739927054,3739927056
3739927056,3739927059
3739927059,9867663814
9867663814,9867663815
9867663815,3739927060
3739927060,11021328900
11021328900,9867712748
9868032760,3739927062
3739927062,9867712748
9867712748,9867707116
9867707116,9867707114
9867707114,9867707115
9867707115,5162499773
5162499773,11021328899
11021328899,9867712746
9867712746,9867712745
9867712745,412332053
412332053,412332052
412332052,7230648319
7230648319,412332051
412332051,2061627115
2061627115,2061627021
2061627021,2061627071
2061627071,2061627007
947950599,6964092576
6964092576,6191441142
6191441142,6657116898
563662817,3742305661
3742305661,943831779
943831779,943831086
7305381085,7305381087
9852968145,3742305519
3742305519,6657447341
6657447341,3742305533
3742305533,7305381087
3742305377,3742305381
3742305381,3742305388
3742305388,3742305396
3742305396,3742305399
3742305399,3742305404
3742305404,3742305407
3742305407,3742305405
3742305405,3742305403
3742305403,3742305398
3742305398,3742305394
3742305394,3742305387
3742305387,3742305380
3742305380,3742305376
3742305376,3742305373
3742305373,3742305374
3742305374,3742305377
3742305698,3742305700
3742305700,3742305703
3742305703,3742305705
3742305705,3742305708
3742305708,3742305710
3742305710,3742305712
3742305712,3742305713
3742305713,3742305711
3742305711,3742305709
3742305709,3742305706
3742305706,3742305704
3742305704,3742305701
3742305701,3742305699
3742305699,3742305697
3742305697,3742305696
3742305696,3742305698
3742305406,3742305411
3742305411,3742305414
3742305414,3742305418
3742305418,3742305424
3742305424,3742305730
3742305730,3742305727
3742305727,3742305422
3742305422,3742305415
3742305415,3742305412
3742305412,3742305409
3742305409,3742305400
3742305400,3742305393
3742305393,3742305389
3742305389,3742305391
3742305391,3742305397
3742305397,3742305406
3742305419,3742305726
3742305726,3742305733
3742305733,3742305736
3742305736,3742305739
3742305739,3742305742
3742305742,3742305748
3742305748,3742305749
3742305749,3742305744
3742305744,3742305740
3742305740,3742305737
3742305737,3742305734
3742305734,3742305728
3742305728,3742305420
3742305420,3742305417
3742305417,3742305416
3742305416,3742305419
3742305363,3742305361
3742305361,3742305362
3742305362,3742305364
3742305364,3742305366
3742305366,3742305368
3742305368,3742305370
3742305370,3742305375
3742305375,3742305382
3742305382,3742305386
3742305386,3742305384
3742305384,3742305378
3742305378,3742305372
3742305372,3742305369
3742305369,3742305367
3742305367,3742305365
3742305365,3742305363
3742305690,6657443553
3742305714,3742305707
3742305568,3742302401
3742305382,3742305735
3742305715,3742305691
3742305626,943831443
3742302418,3742302420
3742305423,3742305359
3742302407,3742302402
3742305744,6657443557
3742302421,3742302411
3742305403,6657443555
3742305741,3742305410
3742305547,3742302405
3742305669,12780123949
12780123949,3742305689
3742305711,6657443559
6657443559,3742305717
3742302419,3742302422
3742302422,3742305625
3742305665,3742305666
3742305666,3742305680
12779104950,12779104995
12779104995,12779104984
12779104984,12779104970
12779104970,3742305646
3742305675,3742305670
3742305670,9852813040
9852813040,9852813041
9852813041,3742305685
3742305745,3742305725
3742305725,3742305678
3742305644,3643753000
3643753000,9852957730
9852957730,3643752995
3742305473,3742305475
3742305475,6039038575
6039038575,5484083383
5484083383,6169030296
6169030296,6039038577
6039038577,3742305482
3742305482,6039038576
6039038576,3742305484
3742305537,3742305565
3742305565,9852428394
9852428394,9852428393
9852428393,3742305572
3742305572,6680284571
6680284571,3742302397
3742305397,3742305371
3742305371,3742305673
3742305673,3742305679
3742305644,3742305665
3742305665,3742305357
3742305357,3742305725
3742305695,3742305732
3742305732,3742305423
3742305423,3742305750
3742305750,3742305716
3742305562,3742305561
3742305561,3742305564
3742305564,3742305569
3742305569,6657447314
3742305489,3742305492
3742305492,5484083385
5484083385,3742305494
3742305494,5484083384
5484083384,3742305497
3742305497,3742305503
3742305660,3742305648
3742305648,3742305647
3742305647,3742305645
3742305645,3742305644
3742305358,3742305379
3742305379,3742305390
3742305390,3742305392
3742305392,6657447371
6657447371,3742305383
3744432425,3742305504
3742305504,3742305501
3742305501,3742305498
3742305498,5484083386
5484083386,3742305499
3742305499,3742305500
3742305500,3742305502
3742305510,3742305509
3742305509,3742305508
3742305508,9826896543
9826896543,3742305507
3742305507,3742305506
3742305506,3742305505
3742305511,3742305512
3742305512,9852428402
9852428402,3742305513
3742305513,3742305514
3742305514,9852428401
9852428401,3742305518
3742305518,3742305526
3742305357,3742305680
3742305680,3742305678
3742305678,3742305660
3742305660,3742305656
3742305656,3742305658
3742305658,3742305659
3742305659,3742305661
3742305676,3742305687
3742305687,3742305688
3742305688,3742305690
3742305690,3742305356
3742305356,3742305355
3742305355,3742305677
3742305677,3742305675
3742305675,3742305671
3742305671,3742305676
563659648,3742314072
3742314072,3742314075
3742314075,3742314077
3742314077,5137961083
5137961083,5137961087
5137961087,3742314094
3742314094,3742314097
3742314097,3742314100
3742314100,621248519
3742314099,3742314098
3742314098,3742314096
3742314096,563659661
563659661,5137961085
5137961085,5137961081
5137961081,3742314076
3742314076,3742314074
3742314074,3742314073
3742314073,3742314071
3742314071,563659651
3742314077,563659652
563659652,9852498330
9852498330,563659654
563659654,12836186263
12836186263,563659657
563659657,3742314095
3742314095,563659659
563659659,3742314094
3742396955,314505972
314505972,910356582
910356582,314505969
1870091862,3007872778
3007872779,6680284559
6680284559,3007872782
3007872782,3742305503
3742305503,3744432426
3744432426,6680284564
6680284564,6680284565
6680284565,6680284566
6680284566,6680284567
6680284567,6680284568
6680284568,6680284570
6680284570,6680284571
6680284571,6680284555
6680284555,6680284549
6680284549,5484083394
1762989529,3742418040
3742418040,11917919918
11917919918,12246298444
12246298444,10255011726
10255011726,3742418045
3742418045,3742418046
3742418046,3742418047
943830970,3742428848
943830970,9852957733
9852957733,308887830
9852811937,9852864690
9852864690,9852811938
9852811938,9852811939
9852811939,9852811940
9852811940,943830648
943830648,9767010908
9767010908,943830571
943830571,943830354
943830354,943830426
943830426,6576015909
6576015909,943831119
943831119,943831482
943831482,943831819
6436232487,13214712479
13214712479,13214712480
13214712480,13214712481
13214712481,13754581415
13754581415,13113964279
13113964279,3742427710
3742427710,13754562387
13754562387,3742427704
3742427704,12780247328
12780247328,3742427697
3742427697,12780232900
12780232900,12780247316
12780247316,9852812016
9852812016,12780247306
12780247306,6436232487
6657447327,943830669
943830669,12779104976
12779104976,3742305642
3742305642,6657447330
7305381089,7305381085
2431986096,6191441139
943434358,9852864678
9852864678,9852864677
9852864677,943434388
3744089286,3744089287
3744089285,3744089286
3744089288,3744089291
3744089291,3744089296
3744089296,3744089301
3744089301,3744089304
3744089304,3744089309
3744089309,3744089314
3744089314,3744089316
3744089316,3744089317
3744089317,3744089320
3744089320,3744089319
3744089319,3744089315
3744089315,3744089310
3744089310,3744089307
3744089307,3744089300
3744089300,3744089295
3744089295,3744089292
3744089292,3744089287
943434358,1446272076
1446272076,3744089283
3744089283,3744089285
3744132365,3744132363
3744132366,3744132365
267259418,3744132366
3744132364,3744132363
3744132363,3744132362
3744132362,9843958843
9843958843,3744132359
3744132359,3744132354
3744132354,3744132352
3744132352,3744132353
3744132353,3744132355
3744132355,3744132361
3744132361,3744132364
3744281540,3744281543
3744281465,3744281475
3744281460,3744281468
3744281458,3744281462
3744281448,3744281442
3744281442,3744281441
943830979,9852968149
9852968149,1870091886
1870091886,6436658260
6436658260,9852957738
9852957738,943831242
3744281439,3744281435
3744281435,3744281431
3744281433,3744281438
3744281438,3744281443
3744281436,3744281434
3744281434,3744281427
3744281446,3744281440
3744281440,3744281437
6657447451,3744281479
3744281479,3744281483
3744281483,9852957754
9852957754,3744281550
3744281555,3744281543
3744281543,3744281538
3744281538,3744281500
3744281500,3744281498
3744281498,9852957753
9852957753,9852957752
9852957752,9852957751
9852957751,9852957750
9852957750,9852957749
9852957749,9852957748
9852957748,9852957747
9852957747,9852957746
9852957746,9852957745
9852957745,9852957744
9852957744,9852957743
9852957743,3744281509
3744281500,3744281499
3744281499,9852957758
9852957758,3744281503
3744281503,3744281529
3744281529,3744281534
3744281534,9852957757
9852957757,3744281538
943831242,3742428831
3742428831,9852957736
9852957736,943830822
943830822,9852957735
9852957735,943830713
943830713,9852957734
9852957734,943831825
943831825,943830970
3744281553,3744281548
3744281548,3744281540
3744281540,3744281532
3744281532,9852957756
9852957756,3744281511
3744281511,3744281509
3744281509,9852957755
9852957755,3744281507
3744281507,6657447395
3644093241,7104795543
7104795543,7104795542
7104795542,3744313960
3744313960,4314063399
4314063399,3744313957
3744313957,3744313956
3744313956,6720409814
6720409814,6720409811
3744426131,3744426171
3744432425,1870091862
3744432434,3744432436
3744432432,3744432433
3744432430,3744432431
3744432428,3744432429
3744432443,3744432435
3745099610,10302340973
10302340973,3745099609
3745099607,3745099612
1754729492,3745099607
3745099607,3745099608
1754729465,3745099602
3745099602,9767010902
9767010902,9852929814
9852929814,9852957723
9852957723,9852957729
9852957729,3745099601
3745099602,9852811990
9852811990,9852811989
9852811989,3745099603
3745099603,9852811978
9852811978,3745099608
3745099611,3745099609
3745099609,9852811960
9852811960,3745099606
3745099606,3745099605
3745099605,3745099604
11007095215,11816215888
11816215888,11007095214
11007095214,11007095213
11007095213,11007095212
11007095212,11007095211
11007095211,11007095210
11007095210,11007095209
11007095209,11007095208
11007095208,11007095207
11007095207,11007095206
11007095206,11007095205
11007095205,11007073704
11007073704,11007073703
11007073703,11007073702
11007073702,3745701811
3745701811,3745701815
3745701815,11007095225
11007095225,3745701812
3745701812,11816215894
11816215894,11007095215
11007095215,11007095218
11007095218,6666318655
3745701797,11007192841
11007192841,11007192833
11007192833,3745701823
3745701823,9857635691
9857635691,9857635692
9857635692,11007192825
11007192825,11007192832
11007192832,11007192823
11007192823,3745701822
3745701822,9857635689
9857635689,9857635690
9857635690,3745701821
3745701821,11007149003
11007149003,3745701805
3745701805,3745701792
3745701792,9859986653
9859986653,9859986654
9859986654,9859986652
9859986652,11007192821
11007192821,11007192820
11007192820,11007192809
11007192809,9859986649
9859986649,9859986651
9859986651,9859986650
9859986650,3745701797
3745701805,3745701807
3745701807,11007192842
11007192842,3745701808
3745701808,3745701809
3745701809,3745701817
3745701817,3745701819
3745701819,3745701820
3745701820,3745701821
3745722833,3745722840
3745722840,3745722846
3745722846,3745722849
3745722849,3745722854
3745722854,3745722858
3745722858,3745722864
3745722864,3745722866
3745722866,3745722865
3745722865,3745722863
3745722851,12247930687
12247930687,3745722847
3745722847,6666377300
3745722825,3745722827
3745722827,12247930666
12247930666,6666377299
6666377299,3745722834
6666377302,3745722868
3745722868,12247930688
12247930688,3745722869
3745722831,3642408775
3642408775,943831293
943831293,12247930680
12247930680,943831249
3745729188,3745729208
3745741981,3745741974
3745741974,3745741969
3745741969,3745741965
3745741965,3745741964
3745741964,3745741966
3745741966,3745741971
3745741971,3745741973
3745741973,3745741977
3745741977,3745742004
3745742004,7612154303
3745741999,3745742000
3745742000,3745742001
3745742001,3745741998
3745741998,3745741995
3745741995,3745741991
3745741991,3745741988
3745741988,9861689346
9861689346,3745741985
3745741985,3745741979
3745741975,3745741954
9859986618,12247930668
12247930668,9859986620
9859986620,9859986619
9859986619,3745742011
3745742011,12247930674
12247930674,6776599549
6776599549,3742424993
3745741973,3745741968
3745741968,3745741962
3745741962,3745741959
3745741959,3745741956
3745741970,3745741972
3745741972,3745741977
3745741977,3745741981
3745741981,3745741984
3745741984,3745741986
3749161031,11655073048
11655073048,10264321676
10264321676,10264321679
10264321679,3749161032
3749161032,9858009558
9858009558,6881693099
6881693099,10264321674
10264321674,6881693098
3749161047,6745443995
6745443995,6643541585
3749161013,3749161015
3749161016,10264318192
10264318192,3749161014
3749161017,267253204
3749161007,3749161004
3749161020,10255012744
10255012744,3749161018
3749161003,13681529711
13681529711,10976051083
10976051083,3749161002
3749161002,6742341822
6742341822,3749161001
3749161005,6742341824
6742341824,3749161006
3749161006,10976051082
10976051082,3749161008
3749161040,3749161042
3749161042,9858009557
9858009557,3749161041
3749161041,3749161039
13296489355,5777602005
5777602005,3749161027
3749161027,10264384050
10264384050,3749161026
3749161026,10264384047
10264384047,3749161025
3749161025,3749161024
3749161024,10264384048
10264384048,3749161022
3749161037,6531439585
6531439585,3749161038
3749161038,9858009541
9858009541,3749161036
3749161036,3749161035
3749161035,9858009540
9858009540,3749161034
3749161034,6531439591
6531439591,3749161033
3749160997,9857795535
9857795535,9857795536
9857795536,9857795538
9857795538,9857795537
9857795537,3749161000
3749161000,3749161001
3749161001,10994096927
10994096927,3749161005
3749161005,9857795532
9857795532,9857795531
9857795531,3749161011
3749161011,3749161010
3749161010,9857795533
9857795533,9857795534
9857795534,3749160997
3749161051,10264328242
10264328242,10264334465
10264334465,3749161049
3749161049,3749161048
3749161048,9858009554
9858009554,3749161045
3749161045,3749161044
3749161044,3749161043
3749161043,9858009555
9858009555,9858009556
9858009556,10264321669
10264321669,3749161042
11939765551,10264409700
10264409700,3749161022
3749161022,10264409699
10264409699,9858009519
9858009519,9858009518
9858009518,3749161021
3749161021,3749161028
3749161028,9858009520
9858009520,9858009521
9858009521,3749161029
3749161029,10264384045
10264384045,3749161030
3749161030,6742341827
4009890690,10250129777
10250129777,4009890689
4009890689,10250129762
10250129762,7284367223
7284367223,7284367226
7284367226,7284367221
7284367221,7284367218
7284367218,7284367210
4083435379,4083435371
4083435371,9857860373
9857860373,9857860374
9857860374,4083435373
4083435373,9857860372
9857860372,10264272307
10264272307,9857860371
9857860371,4083435377
4083435377,10264272303
10264272303,10248624599
10248624599,4083435380
4083435373,4083435364
4083435364,9857860375
9857860375,4083435361
4083435361,9857860376
9857860376,4083435356
4083435356,4083435351
1191294687,4083435347
4083435347,4083435351
4083435351,4083435354
4083435354,10264303921
10264303921,10264303910
10264303910,4083435378
4231387109,4231387111
4231387111,10055294047
10055294047,4398506629
4231757298,9835673014
9835673014,4231757297
4231806645,4231806640
4231806640,4231806639
4231806639,9861987657
9861987657,9861987658
9861987658,4231806637
4231806637,4231806633
4231806633,4231806632
4231806632,4231806630
4231806630,10261840069
10261840069,10261840074
10261840074,4231806629
4231806648,4231806641
4231806625,10261840075
10261840075,4231806627
4231806609,10261816202
10261816202,10261819511
10261819511,10261816208
10261816208,11176419163
11176419163,4231806613
4231806646,4231806651
4231806631,11853836156
11853836156,4231806635
4231806617,9861987661
9861987661,4231806621
4231806621,9861987662
9861987662,4231806616
4231806623,9861987663
9861987663,4231806624
4231806624,9861987664
9861987664,10261816196
10261840050,10261819512
10261819512,4231806604
4231806604,10261840054
10261840054,4231806601
4231806597,11625856974
11625856974,4231806596
4231806596,10261858504
10261858504,11625856975
11625856975,4231806589
10261816193,10261816200
10261816200,4231806614
4231806614,4231806609
4231806609,4231806605
4231806605,10261840060
10261840060,10261840058
10261840058,11176419159
11176419159,4231806598
4231806605,10261840059
10261840059,9861895619
9861895619,9861895620
9861895620,9861895624
9861895624,4231806607
4231806607,9861895621
9861895621,9861895622
9861895622,9861895623
9861895623,4231806606
4231806606,4231806604
1811703557,4231806610
4231806610,10261840081
10261840081,10261840083
10261840083,4231806602
4231806602,10261858432
10261858432,4231806600
4231806600,1811703541
1811703541,4231806594
4231806594,4231806593
4231806593,4231806591
4231806591,10261840086
10261840086,10261858451
10261858451,4231802088
4231802088,4231802086
4231802086,10261840090
10261840090,10261840088
10261840088,4231802083
4231806602,4231806608
4231806608,9861749104
9861749104,9861749103
9861749103,9861749102
9861749102,10261840084
10261840084,10261840082
10261840082,4231806612
4231806612,9861749101
9861749101,9861749100
9861749100,9861749099
9861749099,10261840076
4231806600,9861749105
9861749105,9861749106
9861749106,10261840085
10261840085,4231806603
4231806603,9861749107
9861749107,9861749108
9861749108,9861749109
9861749109,4231806599
4231806599,4231806594
10261816195,4231806623
4231806623,4231806620
4231806620,9861987666
9861987666,9861987665
9861987665,4231806617
4231806617,4231806615
4231806643,4231806635
4231806635,4231806630
4231806630,10261840073
10261840073,4231806627
4231806627,4231806619
4231806650,4231806647
4231806647,4231806644
4231806644,4231806638
4231806638,4231806633
4231806614,10261816199
10261816199,4231806615
4231806615,4231806616
4231806616,11176419161
11176419161,4231806618
6466354701,6466354704
6466354704,9861987652
9861987652,9861987653
9861987653,9861987651
9861987651,4231806643
4231806643,4231806644
4231806644,4231806645
4231806645,4231806646
4231806646,4231806648
4231806648,4231806649
4231806649,4231806652
4231821241,6660268454
4231821239,4231821241
4231821241,7247641494
7247641494,4231821243
4231821243,7247641497
7247641497,7247622682
7247622682,7247622683
7247622683,7247622684
7247622684,7247641485
7247641485,7247641489
7247641489,7247641488
7247641488,7247641487
7247641487,7247641486
7247641486,7247641496
7247641496,7247641495
7247641495,7247641490
7247641490,7247641491
7247641491,7247641492
7247641492,7247641493
7247641493,7247641494
6436870627,4231821240
4231821240,4231821239
4231821239,4231821238
4231821238,4231821237
4231821237,4231821236
4231802088,11626655998
11626655998,4231806592
9861821196,3739060395
3739060395,4233512118
4233512118,3739060394
3739060413,9861821174
9861821174,3739060408
3739060408,9861821175
9861821175,4233512125
4233512125,9861821176
9861821176,4233512124
4233512124,10248673020
10248673020,4233512123
4233512123,9861821178
9861821178,9861821177
9861821177,10248673209
10248673209,4233512122
4233512122,9861821179
9861821179,9861821181
9861821181,9861821180
9861821180,4233512121
4233512121,4233512119
4233512119,4233512118
2367722676,4241078996
4241078996,9867854547
9867854547,9867854548
9867854548,4241078997
4241078997,9867854543
9867854543,9867854546
9867854546,9867854545
9867854545,4241078998
4241078998,9867854544
9867854544,4241078999
4241078999,9867854563
9867854563,4241079000
4241079000,9867854564
9867854564,4241079001
4242409298,4242580618
4242580618,4242409299
4242409299,4242409300
4242409300,4242409301
4242409301,4242409302
4242409302,4242409303
4242409303,4242409304
4242409304,4242409306
4242409306,4241078996
1866007960,4243939318
4243939318,4243939319
4243939319,4243939320
4243939320,4243939321
4243939321,4243939322
4243939322,4243939323
4243939323,4243939324
4243939324,4243939325
4243939325,4243939326
4243939326,4243939327
4243939327,4243939328
4243939328,4243939329
4243939329,4243939330
4243939330,4243939331
4243939331,4243939332
4243939332,5409138928
5409138928,5409136161
5409136161,5409138929
5409138929,4243939333
4243939333,9862064674
9862064674,4243939334
4243939334,5409138930
5409138930,4243939335
4243939335,5409138932
5409138932,4243939340
4243939340,5409138931
5409138931,4243939336
4243939336,6543845351
6543845351,4243939339
4243939339,4243939337
4243939337,5409138936
5409138936,5409138935
5409138935,5409138934
5409138934,5409138933
5409138933,5409093992
5409093992,4243939338
4243939338,6466184747
4243939322,4243939693
4243939693,4243939694
4243939694,4243939695
4243939695,4243939699
4243939699,4243939696
4243939696,4243939700
4243939700,9867854550
9867854550,9867854549
9867854549,4243939697
4243939697,4243939698
4243939698,4243939701
4243939701,4243939335
5170712876,5161051382
5161051382,1866007988
5485189765,12676198651
12676198651,5464573101
4264008538,4264008536
4264008536,9852864655
9852864655,9852864654
9852864654,9852864653
9852864653,9852864652
4264008534,4264008533
4264008539,4264008540
4264008531,4264008532
4264008545,4264008546
4264008535,4264008537
4264008527,4264008528
4264008544,12108049468
12108049468,12108049469
12108049469,4264008547
4264402277,4264402273
4264402273,4264402271
4264402271,4264402269
4264402269,4264402265
4264402265,4264402264
4264402264,9843191362
9843191362,9843191363
9843191363,4264402266
4264402286,4264402284
4264402284,4264402282
4264402282,4264402283
4264402283,9843191359
9843191359,4264402285
4264402285,4264402287
4264402287,4264404789
4264404789,4264404791
4264404791,9843191360
9843191360,4264404793
4264402277,4264402281
13368811070,13368811069
13368811069,4264402280
4264402266,4264402262
2637094852,6554874762
6554874762,4264404809
13368811071,4264404798
4264404798,9841431449
9841431449,9841232576
9841232576,4264404805
4264404806,9841232575
9841232575,4264404805
4264404805,9841232585
9841232585,9841232584
9841232584,4264404801
4264402285,13368811056
13368811056,13368811064
13368811064,9841002595
9841002595,9841002593
9841002593,4264402279
4264402279,9841002594
9841002594,9843191377
9843191377,9843191364
9843191364,9843191369
9843191369,9843191389
9843191389,9843191371
9843191371,4264402262
6487130959,9855654571
9855654571,4427780067
4427780067,4427780062
4427780062,9843147268
9843147268,9841232588
9841232588,4427780026
4427780026,9841232587
9841232587,9841232586
9841232586,4264404812
4264404812,4264404806
4264404806,4264404804
5638613707,5638611214
5638611214,5638611213
5638611213,4264402248
4264402248,5638611212
5638611212,4264402250
4264402250,4264402253
4264402253,5638611211
5638611211,4264402254
4264402254,4264402255
4264404840,9855292014
9855292014,4427780064
4427780064,9855291990
9855291990,4427780047
4427780047,4427780023
4427780023,4427779994
4427779994,9841256775
9841256775,9841256777
9841256777,4264404811
4264404811,9841256776
9841256776,9841256774
9841256774,9841232606
9841232606,4264404810
4264404810,9841232605
9841232605,9841232604
9841232604,4264404808
4264404808,9841232603
9841232603,9841232615
9841232615,9841232612
9841232612,4264404807
4264404807,9841232613
9841232613,9841232614
9841232614,9841232610
9841232610,4264404803
4264404803,9841232611
9841232611,9841232608
9841232608,9841232607
9841232607,4264404802
4264404802,9841232609
9841232609,4264404800
4398510566,4398510569
4398510561,4398510560
4398510565,4398510568
2431986249,4398510559
4398510559,2431986255
4231387111,4398510562
4398510562,4398510564
4398510570,4398510567
4398510567,4398510566
4398510566,4398510565
4398510565,4398510564
4398510564,4398510563
4427779867,9841409614
9841409614,9841409615
9841409615,9841409616
9841409616,9841410517
9841410517,4427779856
4427779856,9841410519
9841410519,4427779854
4427779854,9841410518
9841410518,4427779850
4427779850,4427779848
4427779848,9841410520
9841410520,4427779839
4427779839,9841410521
9841410521,4427779832
4427779832,9841410522
9841410522,9841410523
9841410523,4427779835
4427779839,4427779834
4264404811,4427779849
4264404807,9841409612
9841409612,9841382544
9841382544,4427779874
4427779874,9843801985
9843801985,9841382543
9841382543,9841382547
9841382547,9841382546
9841382546,4427779884
4427779884,9841382545
9841382545,9841382550
9841382550,9841382549
9841382549,4427780000
1762989519,249786850
249786850,1762989529
1762989529,267196275
267196275,1762989520
1762989520,10255011782
10255011782,3742418043
3742418043,267196274
267196274,5681450571
5681450571,1762989513
1762989513,5681450570
5681450570,249786848
6666317458,10255011779
10255011779,1762989511
1762989511,249786857
249786857,1762989545
5793542073,10264542476
10264542476,10562070728
10562070728,6094231898
6094231898,6531578618
6531578618,12744307258
12744307258,267253203
267253203,10264580203
10264580203,11607465285
11607465285,7262926241
5792664481,5792664527
5792664527,267259281
267259281,5792664526
5792664526,5792664525
5792664525,5792664524
5792664524,10264555490
10264555490,267259265
267259278,621248436
621248436,5483954458
5483954458,267259277
267259277,621248437
621248437,267259251
9794237537,621248438
621248438,5483954456
5483954456,267259276
267259276,6720393108
5345583358,267253222
267253222,7009786339
7009786339,267253223
395135064,10303750899
10303750899,10264741954
10264741954,267253217
6742341851,267196294
267196294,267196295
267196295,6742341860
6742341860,3661513058
3661513058,1763887407
1763887407,267196296
267249927,5484083368
5484083368,267249928
267249928,5484083369
5484083369,267249929
267249929,5484083370
5484083370,267249930
267249930,5484083371
5484083371,3742418077
3742418077,5484083372
5484083372,267249931
267249931,5484083373
5484083373,3742418073
267249923,5484083364
5484083364,267249925
267249925,5484083365
5484083365,267249926
1271972156,5485189744
5485189744,267249906
267249906,5485189745
5485189745,1271972179
1271972179,5485189746
5485189746,267249907
267249907,5485189747
5485189747,267249908
267249908,911712614
911712614,3648432969
3648432969,267249909
267249909,267249910
267249910,5485189748
5485189748,267249911
267249903,5485189741
5485189741,267249904
267249904,5485189742
5485189742,267249905
267249905,5485189743
5485189743,1271972156
5345583358,267253231
267253231,5345583363
5345583363,5345583334
5345583334,5345583362
5345583362,5345583330
5345583330,5345583361
5345583361,10264741987
10264741987,5345583354
5345583354,5345583360
5345583360,5345583359
5345583359,267253233
267253233,12247941861
12247941861,5345583356
5345583356,5345583357
5345583357,267249903
267249900,5485189762
5485189762,267249901
267249901,5485189761
5485189761,267249902
5483954454,621248439
621248439,5483954453
5483954453,267259275
267259275,5483954452
5483954452,5792664521
5792664521,267259274
267253224,267253225
266807277,6552780476
6552780476,267259476
267259476,267259482
267259482,6225765092
6225765092,355435732
6720409826,5483954469
5483954469,267196302
267196302,267196303
267196303,5483954468
5483954468,8750357806
8750357806,5483954467
5483954467,267196304
4511151701,4511151699
2912295529,2912295528
2912295528,4511151699
4511151699,13253714542
13253714542,4511151708
4511151708,4511151707
4511151707,9827045995
9827045995,4511151706
4511151706,4511151705
4511151705,4511151704
4511151704,4511151703
4511151703,9827045994
9827045994,4511151702
4511151702,4511151701
4511151701,13253714541
13253714541,4511151700
4231802083,11626655995
11626655995,4231802085
4231802085,9861753643
9861753643,9861753642
9861753642,9861753641
9861753641,10261840089
10261840089,10261840092
10261840092,4231806592
4231806592,10261840087
10261840087,4231806595
4231806595,9861753640
9861753640,9861753639
9861753639,11626656000
11626656000,4231806593
4776237940,4811281900
4811281900,4776237941
4776237941,4776237942
4776237942,5341268643
5341268643,4776237943
4776237943,4828111768
4828111768,4776237944
4776237944,9867663783
10978022886,4811281706
4811281706,4811281705
4811281705,4811281704
4811281704,4811281703
4811281703,4811281702
4811281702,4811281701
1681456867,9840856195
9840856195,9840856200
9840856200,9840856199
9840856199,4798310809
4798310809,4798310808
4798310808,9840856193
9840856193,9840856192
9840856192,9840856194
9840856194,9840856191
9840856191,9840856190
9840856190,4798310806
4798310806,9840856189
9840856189,9840856187
9840856187,9840856188
9840856188,9840856184
9840856184,9840856185
9840856185,4798310804
4798310804,9840856186
9840856186,9840856183
9840856183,9840856181
9840856181,4798310803
4798310803,9840856182
9840856182,9840856180
9840856180,4798310802
4798310802,9840856179
9840856179,9840856178
9840856178,9840856173
9840856173,9840856177
9840856177,10303750905
10303750905,9840856176
9840856176,9840856174
9840856174,9840856175
9840856175,9840856171
9840856171,9840856172
9840856172,4798310801
4798310801,9840856170
9840856170,9841452150
9841452150,9840856169
9840856169,9840856164
9840856164,9841452161
9841452161,9840856166
9840856166,9840856168
9840856168,9840856165
9840856165,9840856167
9840856167,4798310800
4798310800,9840856162
9840856162,9840856163
9840856163,9840856161
9840856161,9840856159
9840856159,4798310799
4798310799,9840856160
9840856160,9840856152
9840856152,4798310798
4798310798,4798310797
4798310797,9840856151
9840856151,9840856155
9840856155,9840856154
9840856154,4798310796
4798310796,9840856153
9840856153,4798310795
4798310795,9840856156
9840856156,4798310794
4798310794,9840856157
9840856157,4798310793
4798310793,9840856150
9840856150,9840856149
9840856149,9840856158
9840856158,4798310792
4798310792,9840938197
9840938197,9840856147
9840856147,9840938196
9840938196,9840856148
9840856148,9840938198
9840938198,9840856146
9840856146,4798310791
4798310791,6486326899
6486326899,4798310790
4798310790,4798310789
4798310789,6437936528
6437936528,6437936527
6437936527,6438498132
6438498132,6437936526
6437936526,6437936525
6437936525,9840856145
9840856145,6437936524
4808285378,9857860415
9857860415,6552977584
6552977584,4808285377
4808285377,9843958838
9843958838,6553008988
6553008988,267259246
6657547752,12247930692
12247930692,4808432985
4808432985,9859986601
9859986601,9859986600
9859986600,9859986596
9859986596,9859986597
9859986597,9859986599
9859986599,9859986598
9859986598,4808432984
4808432984,4808432983
4808450520,4808450519
4808450519,4808450518
4808450518,9843742099
4809558302,4809558289
4809558292,9862064638
9862064638,9862064640
9862064640,9862064639
9862064639,4809558291
4809558291,4809558290
4809558289,9862064635
9862064635,4809558292
4809558292,9862064637
9862064637,9862064636
9862064636,4809558293
4809558310,4809558299
4809558299,9862064627
9862064627,9862064626
9862064626,9862064625
9862064625,4809558298
4809558298,4809558297
4809558297,9862064630
9862064630,9862064629
9862064629,9862064628
9862064628,4809558289
4809558289,9862064631
9862064631,9862064634
9862064634,9862064633
9862064633,9862064632
9862064632,4809558296
4809558296,11645298016
11645298016,4809558295
4809558295,11645298007
11645298007,11645298008
11645298008,11645298009
11645298009,11645298010
11645298010,11645298011
11645298011,11645298012
11645298012,11645298013
11645298013,11645298014
11645298014,11645298015
11645298015,11645298016
4809558307,4809558308
4809558308,4809558309
4809558309,6576505245
6576505245,12866435410
12866435410,4809558310
4809558310,4809558311
4809558311,4809558312
4809558312,4809558313
4809558313,4809558314
4809558314,4809558300
4809558300,4809558301
4809558301,6576505246
6576505246,4809558302
4809558302,4809558303
4809558303,4809558304
4809558304,4809558305
4809558305,4809558306
4809558306,6576505244
6576505244,4809558315
4809558315,4809558307
4809590473,4809590472
4809590477,4809590474
4809590478,4809590477
4809590477,4809590476
4809590476,4809590475
4809590486,4809590484
4809590484,4809590483
4809590491,11671841392
11671841392,4809590487
4809590487,9862064685
9862064685,9862064687
9862064687,9862064686
9862064686,4809590490
4809590490,9862064682
9862064682,9862064684
9862064684,9862064683
9862064683,4809590489
4809590489,4809590478
4809590478,11671841369
11671841369,4809590473
4809590473,4809590488
4809590488,11671841376
11671841376,11671841391
11671841391,11671841375
4810127984,4810127985
4810127991,10975948946
10975948946,9862064651
9862064651,9862064652
9862064652,9862064653
9862064653,4810127990
4810127990,4810127989
4810127989,9862064649
9862064649,9862064650
9862064650,4810127988
4810127988,4810127984
4810127984,9862064654
9862064654,9862064655
9862064655,9862064656
9862064656,4810127987
4810127987,4810127986
4776237948,4776237947
4776237947,4776237946
4811281697,4811281691
4811281691,4811281690
6436851706,6436851707
6436851707,6436851708
6436851708,12047180718
12047180718,6436851709
6436851709,10978022888
10978022888,10978022887
10978022887,6436851710
6436851710,12047180712
12047180712,4811281707
4811281707,10978022886
10978022886,4811281701
4811281701,4811281699
4811281699,7047751863
7047751863,4811281698
4811281698,4811281697
4811281697,4811281696
4811281894,11843066121
11843066121,9867854540
9867854540,11843066175
11843066175,4811281893
4811281893,11843066172
11843066172,11843038959
4811281900,4811281899
4811281899,10988933808
10988933808,4811281898
4811281898,4811281894
4811281894,11843038968
11843038968,4811281897
4811281897,4811281896
4828111767,4828111766
4828111766,12016319482
4776237944,4828111767
4828111767,4828111770
4828111770,1549884829
1764163531,6110406827
6110406827,6110406828
6110406828,1764163552
1764163552,4231806628
4231806628,4231806626
4231806626,10261840063
10261840063,4231806622
4231806622,9861859016
9861859016,10261816178
10261816178,4231806619
4231806619,6436786515
6436786515,1764163563
267251008,10264303946
10264303946,13187660251
13187660251,4881456028
4914740087,4914740068
4914740068,4914740045
4914740045,4914740074
5339323513,4930107696
4930107696,4930107695
4930107695,4930107692
355435732,5339323512
5134531444,5134531445
5134531445,5134531443
563661922,5134531458
5134531445,9852968157
9852968157,5134531451
5134531452,5134531459
5134531459,5134531458
5134531458,5134531457
5134531457,9852968158
9852968158,9852968159
9852968159,5134531456
5134531448,5134531447
5134531447,9852968155
9852968155,9852968156
9852968156,5134531446
5134531454,5134531448
5134531448,5134531450
5134531451,5134531450
5134531450,5134531446
5134531446,5134531449
563661923,12000416984
12000416984,12000416986
12000416986,5134531452
5134531458,11017343503
11017343503,5134531455
5134531455,9852968153
9852968153,9852968154
9852968154,5134531454
5134531454,5134531453
5134531461,5134531460
5134531460,5134531452
9868032695,5162504633
5162504633,5162504634
5162504634,2061627033
2061627033,5162504635
5162504635,6191682804
6191682804,6191682803
6191682803,6191682802
6191682802,6191682801
6191682801,6191682798
6191682798,6191682797
6191682797,9867707065
9867707065,6191682796
6191682796,6191682800
6191682800,6191682799
6191682799,5162504636
5167333725,5167333726
5167333726,11814425254
11814425254,11814425241
11814425241,11814425252
12237754715,12237754719
12237754719,12159147308
12159147308,5167333736
5167333736,12237751527
12237751527,5167333735
5167333735,12237754718
12237754718,12237754717
12237754717,12159111680
5167356596,1811692141
1811692141,1811692139
1811692139,11814425256
11814425256,1764176513
1764176513,11815133984
11815133984,10222989597
1811692181,5167356597
5167356597,5167356598
5167356598,6760233480
6760233480,6760233477
6760233477,11837272867
11837272867,1764165555
1764165555,11837272868
11837272868,11837277569
5167373439,6120456544
6120456544,5167373440
5167373441,5167373439
5167373442,5167373440
5167373441,563643195
5167373442,5167373444
11837272866,11837272865
11837272865,6202055583
6202055583,10570992854
10570992854,6202055575
6202055575,6760233481
6760233481,6202055576
6202055576,6202055577
6202055577,9861700967
9861700967,6543918023
6543918023,9861700966
9861700966,6202055578
6202055578,12159111689
12159111689,9861700965
9861700965,6202055579
6202055579,9861700963
9861700963,6202055580
6202055580,9861700962
9861700962,6202055581
6202055581,12159111699
12159111699,9874717729
9874717729,268212039
268212039,268212038
268212038,9861700958
9861700958,1764176559
1764176559,9861700957
9861700957,1811692143
1811692143,9861700955
9861700955,268212037
268212037,5207632936
5207632936,268212035
268212035,12094747710
12094747710,9861741319
9861741319,12094747712
12094747712,9861741321
9861741321,10261879728
10261879728,1811703573
1811703573,268212034
268212034,268212033
268212033,1811703571
1811703571,268212029
268212029,268212026
268212026,10756012499
10756012499,1764176557
1764176557,268212024
268212024,6436636043
6436636043,268212023
268212023,9868064662
9868064662,1377836526
1377836526,268212022
268212022,268212021
268212021,268212020
268212020,1377836565
1377836565,10262015659
10262015659,268212018
268212018,1764176541
1764176541,268212017
268212017,1377836616
1377836616,268212015
268212015,9868064659
9868064659,1764176524
1764176524,1377836548
1377836548,268212014
268212014,9868064655
9868064655,1377836629
1377836629,268212012
268212012,6436096501
6436096501,268212011
268212011,5170712898
5170712898,5170712867
5170712880,6436653010
6436653010,6436653009
6436653009,6436653008
6436653008,6436653007
6436653007,6436653006
6436653006,6436653005
6436653005,6436653004
6436653004,6436653003
6436653003,9867603584
9867603584,6436653002
6436653002,4242580617
4242580617,6436653001
6436653001,6436653000
6436653000,6436652999
6436652999,10810639408
10810639408,6436652998
6436652998,6436652997
6436652997,6436652996
6436652996,6436652995
6436652995,6436652994
6436652994,6436652993
6436652993,9869624090
9869624090,6436652992
6436652992,6436652991
6436652991,6436652990
1811692155,9861738086
9861738086,9861738085
9861738085,1811692159
1811692159,1811692151
1811692151,1811692116
1811692116,9861738084
9861738084,1811692177
1811692177,1811692166
1811692166,9862064675
9862064675,12928039515
12928039515,1811692168
5179520908,5179520909
5179520909,13523951875
13523951875,5179521968
5179521968,5179521953
5179521953,5179520911
5179520911,5179521954
5179521954,5179521966
5179521966,5179520912
5179520912,5179520913
5179520913,5179520914
5179520914,5179532127
5179532127,9840219128
9840219128,5179520915
5179520915,9835660255
9835660255,9835660254
9835660254,9835714229
9835714229,5179520916
5179520916,9835672963
9835672963,9840673021
9840673021,9835672962
9835672962,9835672961
9835672961,5179520917
5809063041,6666318651
6666318651,6666318650
6666318650,11816215869
11816215869,7782913607
7782913607,11007192806
11007192806,11007149001
11007149001,3745701816
3745701816,11007192805
11007192805,3661544619
3661544619,6666318649
6666318649,5809063035
5809063035,910451595
910451595,267196276
267196276,6666318646
6666318646,1870091900
1870091900,6689054519
6689054519,267075196
5207632937,5207632938
5207632938,9861700968
9861700968,5207632939
5207632939,5207632940
5207632940,5207632941
5207632941,5207632942
5207632942,1764176539
1811703535,5207633231
5207633231,5207633232
5207633232,5207633233
5207633233,5207633234
5207633234,10261859771
10261859771,5207632942
5306193607,11150109808
11150109808,12094747708
12094747708,12094747703
12094747703,5306193606
5306193606,9861738093
9861738093,9861738094
9861738094,9861738092
9861738092,9861738090
9861738090,5306193605
5306193605,9861738091
9861738091,9861738089
9861738089,5306193604
5306193604,11150109813
11150109813,12094747706
12094747706,12094747707
12094747707,12094747708
5339323482,5339323481
5339323481,11565005062
11565005062,5339323476
5339323476,5339323480
5339323480,11565005059
11565005059,5339323479
5339323479,5339323478
5339323478,5339323477
5339323497,5340271716
5340271716,5339323484
5339323484,5339323496
5339323496,5339323495
5339323495,5339323494
5339323494,9852812000
9852812000,5339323493
5339323493,5339323492
5339323492,5339323491
5339323491,5339323490
5339323490,12221314402
12221314402,12221314406
12221314406,5339323489
5339323489,5339323488
5339323488,5339323482
5339325445,11565005056
11565005056,5339325444
5339325444,11565005067
11565005067,5339323504
5339323504,5339325443
5339325443,5339325442
5339325442,5339323507
5339323507,5339323508
5339323508,5339323509
5339323509,5339325441
5339325441,5339323510
5339323510,5339325440
5339325440,9843524744
9843524744,5339325439
5339325439,5339325438
5339325438,5339325437
5339325437,5339325436
5339325436,5339325435
5339325435,5339325434
5339325434,5339325433
5339325433,5339325432
5339325432,5339325431
5339325431,5339325430
5339325430,5339325429
5339325429,5339325428
5339325428,5339325427
5339325427,5339325426
5339325426,5339325425
5339325425,5339325424
5339325424,5339325423
5339325423,5339325422
5339325422,12096969368
12096969368,5339325421
5339325421,5339323520
5339323520,5339323519
5339323519,12096969388
12096969388,11876633593
11876633593,5339323518
5339323518,5339323517
5339323517,5339323516
5339323516,5339323511
5339323511,11876633591
11876633591,11875926239
11875926239,5339323515
5339323515,11875926252
11875926252,11875926231
11875926231,5339323514
5339323514,11875926247
11875926247,12096969360
12096969360,5339323513
4776237945,12016319489
12016319489,7047751844
4776237940,563643165
563643165,9867663783
9867663783,4776237945
915368681,12237302320
12237302320,12237302330
12237302330,4776237940
316066094,915368681
9843616378,9843616379
9843616379,5345583331
5345583331,5345583332
5345583332,5345583330
5345583335,5345583333
5345583333,5345583334
5345583339,5345583336
5345583336,267253231
5345583351,5345583331
5345583331,5345583335
5345583335,5345583340
5345583340,5345583339
5345583339,5345583349
5345583349,9843555971
9843555971,5345583348
5345583348,5345583347
5345583347,8676806046
8676806046,5345583345
5345583345,5345583328
5345583328,5345583344
6636487042,5345583354
5345583354,5345583329
5345583329,5345583350
5345583350,9843524724
9843524724,9843524723
9843524723,5345583353
5345583353,9843524721
9843524721,5345583352
5345583352,9843524722
9843524722,5345583351
5345583351,10264741986
10264741986,5345583350
267609419,5483954636
5483954636,621248524
621248524,5483954635
5483954635,6655403337
6655403337,621248523
621248523,5483954634
5483954634,6655403333
6655403333,5483954633
5483954633,621248522
621248522,5483954629
5483954629,267609418
267609418,5483954630
5483954630,621248521
621248521,5483954632
5483954632,621248520
621248520,5483954631
5483954631,3742314099
563659651,563659621
563659621,5483954660
5483954660,6655403182
6655403182,563659619
563659619,5483954661
5483954661,6655403174
6655403174,5483954654
5483954654,563659617
563659617,5483954655
5483954655,621248471
621248471,563659618
3144938516,3144938668
3144938668,3144938652
3144938652,3144938702
3144938702,5483954672
5483954672,3144938665
3144938665,5483954673
5483954673,3144938496
3144938496,3144938703
3144938703,3144938649
3144938649,5483954674
5483954674,3144938505
3144938505,3144938705
267249912,5485189734
5485189734,5485189750
5485189750,5485189735
5485189735,267249913
267249913,5485189736
5485189736,5485189751
5485189751,5485189737
5485189737,267249914
5179521923,4776237946
412331452,9792407245
9792407245,315999024
315999024,9792383712
9792383712,6439051565
6439051565,7047751867
5339323486,5339323499
5339323499,5339323498
5339323498,11565005068
11565005068,5339323504
5339323505,5339323486
5339323486,11565005057
11565005057,5339323477
5339325445,11565005058
11565005058,5339323499
5339323499,5339323505
4245921145,5409121025
5409121025,5409121024
5409121024,6929824885
6929824885,915368558
308883156,308883233
308883233,6680820008
6680820008,308883232
308883232,6357559110
6357559110,308883231
308883231,3642434430
3642434430,433484648
433484648,433484650
433484650,308883230
5681450598,1762989507
1762989507,5681450580
5681450580,1762989533
1762989533,6702715292
249783293,12247930682
12247930682,5485952480
5485952480,5485952486
5485952486,1869716849
1869716849,5485952497
5485952497,267198388
5792664578,8499919671
8499919671,2431986256
2431986256,8982433112
8982433112,8982438642
8982438642,10055294046
10055294046,2327524055
2327524055,6383120542
6383120542,249783293
308883230,6357559118
6357559118,308883229
308883222,6357559116
6357559116,308883156
267197888,267197889
267197889,7612154303
7612154303,267197890
267197890,267197891
267197891,7086574338
7086574338,267197893
267197893,7086574337
7086574337,267197894
267197894,267197895
267197895,6681148297
6681148297,267197897
267197897,267197898
267250981,5681450605
5681450605,12247930700
12247930700,5809063021
5809063021,5432771966
5432771966,1191294838
1191294838,10255160418
10255160418,10255160421
10255160421,10255160427
10255160427,267251576
267251576,10255160425
10255160425,5434484028
5434484028,6436532340
6436532340,267251583
267251583,267250980
267250980,5434484051
5434484051,5434484034
5434484034,6437715964
6437715964,267250979
267250979,5434484050
5434484050,1309626444
1309626444,267250978
5434484027,5432771965
5432771965,5681450588
5681450588,5432771964
5432771964,5681450590
5681450590,5432771963
5432771963,5681450589
5681450589,5432771962
5434484041,12247930697
12247930697,12247930696
12247930696,5792664580
5792664580,5434483913
5434483913,5434483912
5434483912,5434483911
5434483911,5434483910
5434483910,10254996210
10254996210,5434483909
5434483909,5434483908
5434483908,5434483907
5434483907,5434483906
5434483906,5682466816
5682466816,5434483905
5434483905,5682466815
5682466815,5434483904
5434483904,5682466814
5682466814,5434483903
5434483903,5682466813
5682466813,5434483902
5434483902,5682466819
5682466819,5434483901
5434483901,5682467523
5682467523,5434483900
5434483900,5434483899
5434483899,5434483898
5434483898,5682466817
5682466817,5682466818
5682466818,5434483897
5434483897,13506319764
13506319764,5434483896
5434484027,12247930699
12247930699,5681450599
5681450599,5434484041
1870091842,2697745870
2697745870,1870091843
1870091843,6918479560
6918479560,2799279151
2799279151,10242883144
10242883144,2799203079
2799203079,2800811770
2800811770,10242883139
10242883139,308892881
5464573101,4245921145
309647191,6202055584
6202055584,915369272
915369272,6412437960
563162051,280740686
1867171624,6110396123
6110396123,6436643521
6436643521,10261840093
10261840093,280740696
280740696,6110396118
6110396118,280740686
267259328,11806603448
11806603448,6720393104
6720393104,6720393102
6720393102,267259417
267259417,943560196
943560196,5483954444
5561975427,6773338032
6773338032,267259411
267259411,6773338033
6773338033,3644427506
3644427506,6773338034
6773338034,267259410
267259410,6773338035
6773338035,267259409
5483954459,267259279
267259279,5483954460
5483954460,267259278
267196296,12278452804
12278452804,5483954471
5483954471,267196298
267196298,5483954472
3644093241,6720409811
6720409805,6720409804
6720409804,6720409803
6720409803,12106007250
12106007250,12247930670
12247930670,12106007251
12106007251,12106007246
355435736,5483954486
5483954486,267197924
267197924,5483954488
5483954488,8750357803
8750357803,267197923
267197923,5483954487
5483954487,8750357800
8750357800,267197922
267197922,5484083821
5484083821,621248422
621248422,5484083822
5484083822,6720409805
267197936,267197937
267197937,621248435
621248435,267197938
267197938,267197939
267197939,5483954493
5483954493,267197940
267197940,5483954494
5483954494,267197941
267197941,3644091674
3644091674,3644091673
3644091673,267197943
621248504,5483954517
5483954517,433484629
433484629,5483954518
5483954518,6657447376
6657447376,5483954519
5483954519,6657447379
6657447379,621248505
621248505,5483954520
5483954520,433484627
433484627,6657447436
621248537,621248538
621248538,5339323497
1633262432,267609419
3742314099,5483954628
5483954628,267609417
267609417,5483954627
5483954627,621248519
563659648,5483954658
5483954658,563659650
563659650,5483954659
5483954659,563659651
563659618,621248472
621248472,5483954657
5483954657,563659609
563659609,5483954647
3144938650,3144938527
3144938527,3144938677
3144938677,3144938693
3144938693,3144938516
3144938705,3144938647
3144938647,5483954662
5483954662,3144938632
3144938632,5483954663
5483954663,3144938636
3144938636,3144938631
1765269481,1765269493
1765269493,6681358497
6681358497,1765269522
1765269522,6681358498
6681358498,1765269489
1765269489,6681358495
6681358495,1765269510
10542997947,3744432460
3744432460,6680797469
6680797469,6680797462
6680797462,5484083395
5484083395,3744432453
3744432453,5484083396
5484083396,433484657
433484657,3744432446
3744432446,433484663
433484663,3007872788
308884930,5484083416
5484083416,308884933
308884933,5484083419
5484083419,308885274
308885274,5484083417
5484083417,308884938
308884938,5484083418
5484083418,308884939
308884939,6657547748
6657547748,5484083401
5484083401,308884941
308884941,5484083402
5484083402,621248495
621248495,5484083403
5484083403,370583672
370583672,5484083404
5484083404,621248496
621248496,5484083405
5484083405,308884943
267197944,267197945
267197945,267197946
267197946,267197947
267197947,267197930
267197943,5483954500
5483954500,5483954496
5483954496,267197944
267197925,355435736
5483954472,267196299
267196299,5483954470
5483954470,267196300
5485189721,5485189760
5485189760,5485189739
5485189739,5485189759
5485189759,5485189738
5485189738,267249900
267249914,5485189752
5485189752,5485189754
5485189754,5485189753
5485189753,267249915
267249902,5485189756
5485189756,5485189757
5485189757,5485189755
5485189755,267249903
915368566,5567579655
5567579655,5567579654
5567579654,5567579653
5567579653,5487740551
5487740551,5567579652
5567579652,5567579651
5567579651,5567579650
5567579650,5567579647
5567579647,5487740552
5487740552,5567579646
5567579646,5567579649
5567579649,5567579648
5567579648,5487740553
5487740553,7045485585
7045485585,7045485586
7045485586,7045485587
7045485587,5487740554
5339323477,266809501
266809501,6625612746
6625612746,266809746
266809746,2715757755
2715757755,11799184401
11799184401,11773807746
11773807746,6657116993
6657116993,266809747
246518184,9835234362
9835234362,11773807747
11773807747,11799184400
11799184400,246518185
246518185,246518186
246518186,5339325445
1453758016,9833052713
9833052713,9827044674
9827044674,1765105602
1765105602,10559272153
10559272153,9832681728
9832681728,1453758040
1453758040,10536842699
10536842699,9833195397
9833195397,9827044675
9827044675,1453758001
1453758001,9827044676
9827044676,1765105588
1765105588,1453758031
1453758016,5716610637
5716610637,1870091783
1870091783,249791841
1870091815,5484083382
5484083382,1870091791
1870091791,1870091785
1870091785,5716610631
5716610631,5716610630
915369012,5495470051
5495470051,5495470050
5495470050,915368460
915368460,5495470049
5495470049,915369132
915369132,5495470048
5495470048,5495470047
5495470047,915368609
915368609,5495470046
5495470046,5495470045
5495470045,915368794
915368794,5495470044
5495470044,915368122
915368944,12157661948
12157661948,58061203
5484083380,267249918
267249918,3661513062
3661513062,267249923
267249926,5484083367
5484083367,621248446
621248446,5484083366
5484083366,267249927
910549672,6189721087
6189721087,10288932366
5539528880,910549672
5434483896,9794183554
5561970218,5561970217
267259329,5561975422
267259326,5561970219
5561970219,5561970220
5561970220,5561975421
5483954444,5561975423
5561975421,10264706923
10264706923,5561970218
5561970218,5561975422
5561975422,5561975424
5561975424,9195214417
9195214417,5561975423
267259328,5561975427
5561975423,5561975425
5561975425,5561975426
5561975426,6720393103
6720393103,6720393101
6720393101,5561975427
3007872776,1870091837
3007872780,3007872778
3007872778,308884530
915368552,915369221
915369221,915368670
915368670,915367926
915367926,915368253
915368515,915368510
915368843,915368234
915368234,5567578612
5567578612,915368253
915368122,5567578617
5567578617,5567578616
5567578616,915368552
5567579621,5567578620
5567578620,5567578619
5567578619,5567578618
5567578618,915368243
915368243,5567579628
5567579628,5567579629
915368844,5567579623
5567579623,5567579622
5567579622,5567579621
915368044,915368039
915368039,5567579627
5567579627,915368844
915369131,5567579624
5567579624,5567579625
5567579625,5567579626
5567579626,915368608
915368513,915368726
915368726,915368044
915368618,915368844
915368320,915368958
915368958,5567579640
5567579640,5567579639
5567579639,5567579638
5567579638,5567579637
5567579637,915368383
915368383,915368618
915369268,915368678
915369121,915368677
915367933,5567579660
5567579660,5567579659
5567579659,915369000
915369000,5567579658
5567579658,915368449
915368449,5567579657
5567579657,5567579656
5567579656,915369121
915368376,915369070
915369070,5567579675
5567579675,5567579674
5567579674,5567579673
5567579673,5567579672
5567579672,915368513
915369197,5567579676
5567579676,5567579677
5567579677,5567579678
5567579678,915368615
915368615,5567579679
5567579679,5567579680
5567579680,5567579681
5567579681,915369341
915369341,5567579682
5567579682,5567579683
5567579683,5567579684
5567579684,915368948
915368948,5567579687
5567579687,5567579688
5567579688,5567579686
5567579686,5567579689
5567579689,5567579685
5567579685,915368376
915368667,6660490736
6660490736,915368464
915368464,12679156986
12679156986,915369197
1549892432,1549892438
1549892438,1549892422
1549892422,1549892457
915369131,5567579636
5567579636,1549892444
1549892444,1549892421
1549892421,1549892466
915368719,915368681
308887830,308887829
621248519,5483954646
5483954646,267609416
267609416,5483954645
5483954645,621248518
621248518,6657116970
60890393,563162055
267197934,5483954492
5483954492,621248434
621248434,5483954491
5483954491,267197935
267197935,267197936
267249920,5484083379
5484083379,267249921
267249921,12020245240
12020245240,5484083381
5484083381,267249922
267249922,5484083380
345234471,345234473
345234473,11801983129
11801983129,9843353250
9843353250,7247334404
7247334404,9843283754
9843283754,562615490
562615490,9794237538
9794237538,943559832
5638613707,941021451
941021451,4264402246
4264402246,5638613706
5638613706,941021544
941021544,9840615098
9840615098,9840615097
9840615097,4264402252
4264402252,9843219487
9843219487,4264402255
5638613706,4264402245
5638613708,2637094909
2637094909,5638613652
5638613652,2637094904
2637094904,4264402483
4264402483,9855407451
9855407451,2637094876
2637094876,9855407455
9855407455,9840621328
9840621328,9840615073
9840615073,9840615074
9840615074,9840621329
9840621329,9840621330
9840621330,941021290
941021290,9840615079
9840615079,9840615080
9840615080,941021837
941021837,4427779834
4427779834,9840615081
9840615081,2637094838
2637094838,9840615082
9840615082,9840615083
9840615083,4264404800
4264404800,6735320211
6735320211,9840615084
9840615084,5802016609
5802016609,941021521
941021521,5802016608
5802016608,5802016606
5802016606,4264402260
4264402260,5802016605
5802016605,5802016607
5802016607,941021326
941021326,941021884
941021884,9840615091
9840615091,9840615085
9840615085,9840615090
9840615090,4264402258
4264402258,9840615089
9840615089,9840615086
9840615086,941021587
941021587,9840615088
9840615088,9840615087
9840615087,941021393
941021393,9843219466
9843219466,9840615093
9840615093,4264402247
4264402247,9840615092
9840615092,941021950
941021950,9840615095
9840615095,4264402242
4264402242,9840615096
9840615096,9840615094
9840615094,941021630
941021630,4264402243
4264402243,5638613707
249786848,5681450598
5681450600,6383120543
6383120543,5681450601
5681450601,6077979124
6077979124,10254979371
10254979371,5681450602
5681450602,8982438638
8982438638,8982438639
8982438639,10100923876
10100923876,5681450603
5681450603,10254979369
10254979369,5681450604
5681450604,5809063022
5809063022,5809063020
5432771962,6436602305
6436602305,10255100651
10255100651,10255100668
10255100668,5681450594
5681450594,6539240957
6539240957,5681450591
5681450591,12247935602
12247935602,6631313344
6631313344,5681450596
5681450596,6631313364
6631313364,6631313377
6631313377,6631352487
6631352487,5681450592
5681450592,5681450597
5681450597,5681450598
5681450605,5681450599
5681450581,5681450582
5681450582,5681450583
5681450583,5681450584
5681450584,5681450585
5681450585,5681450586
5681450586,5681450600
2677421761,7047751853
7047751853,4828111757
4828111757,9840209055
9840209055,1549836688
1549836688,1549836684
1549836684,9840209065
9840209065,6642389417
6642389417,9840209067
9840209067,395135061
5716610640,5716610639
5716610649,5716610647
5716610647,9832260698
9832260698,5716610646
5716610646,6630634303
6630634303,2506015517
2506015517,5716610645
5716610645,11651893630
11651893630,5716610644
5716610644,5716610639
5716610639,5716610643
5716610657,9826879287
9826879287,9826879285
9826879285,5716610656
5716610656,9826879286
9826879286,6884771564
6884771564,5716610655
3007872779,1870091862
3007872778,11935424215
11935424215,3007872776
308884530,3007872779
2431986109,5766164035
5766164035,5766164017
5766164017,5766164029
5766164029,5766164018
5766164018,5766164019
5766164019,9869489726
9869489726,9869489725
9869489725,5766164020
5766164020,5766164021
5766164021,9869489727
9869489727,9840209058
9840209058,5766164022
5766164022,9840209060
9840209060,9840209061
9840209061,9869489728
9869489728,9840209062
9840209062,9840209063
9840209063,9840209056
9840209056,9840209064
9840209064,9840209057
9840209057,5766164023
5766164023,5766164024
5766164024,5766164025
5766164025,5766164026
5766164026,2431986109
5766164027,5766164028
5766164028,5766164026
5766164018,5766164030
5766164029,5766164031
5766164031,9869489724
9869489724,5766164034
5766164034,5766164032
5766164032,5766164033
5766164035,10701010714
10701010714,5766164036
5766164036,9869489723
9869489723,9869489722
9869489722,5766164037
5766164037,9869489721
9869489721,9869489720
9869489720,5766164038
5766164038,5766164039
1549835318,5766329647
5766329647,5766329648
5766329648,9837577109
9837577109,5766329649
5766329649,9837577110
9837577110,5766329650
5766329650,5766329651
5766329651,5766329652
5766329652,5766333349
5766333349,5766333253
5766333253,5766333254
5766333254,5766333255
5766333255,5766333256
5766333256,5766333257
5766333257,5766333258
5766333258,5766333259
5766333259,5766333260
5766333260,5766333261
5766333261,5766333340
5766333340,5766333262
5766333262,5766333263
5766333263,5766333339
5766333339,5766333338
5766333338,5766333264
5766333264,5766333265
5766333265,5766333266
5766333266,5766333267
5766333267,5766333268
5766333268,5766333269
5766333269,5766333270
5766333270,7249663813
7249663813,5766333271
5766333271,9837623632
9837623632,5766333272
5766333272,5766333294
5766333294,9840219126
9840219126,5766333273
5766333273,5766333274
5766333274,5766333275
5766333275,5766333276
5766333340,5766333346
5766333346,5766333343
5766333343,5766333341
5766333341,5766333342
5766333343,9840219122
9840219122,9840219123
9840219123,5766333344
5766333344,5766333345
5766333345,9840219117
9840219117,9840219121
9840219121,9840219120
9840219120,9840219118
9840219118,9840219119
9840219119,5766333346
5766333341,5766333347
5766333347,5766333348
5766333349,12163204403
12163204403,5766333350
5766333350,5766333351
5766333351,5766333352
915368510,915369202
5792664486,5792664485
5792664485,5792664484
5792664484,5792664483
5792664483,5792664482
5792664482,5792664481
267259269,10264595418
10264595418,267259268
267259268,267259267
267259267,267259266
267259266,5792664493
5792664493,5792664492
5792664492,5792664491
5792664491,10264595419
10264595419,5792664490
5792664490,5792664489
5792664489,5792664488
5792664488,5792664509
5792664515,5792664514
5792664514,5792664487
5792664487,5792664513
5792664513,5792664512
5792664512,5792664511
5792664511,5792664510
5792664510,5792664509
5792664521,10264640762
10264640762,10264640759
10264640759,10264640747
10264640747,267259280
267259280,5792664515
5792664509,6720393105
6720393105,5792664504
5792664504,5792664503
5792664503,5792664502
5792664502,5792664501
5792664501,5792664500
5792664500,5792664499
5792664499,5792664498
5792664498,5792664497
5792664497,5792664496
5792664496,5792664495
5792664495,5792664494
5792664494,9794237530
267259265,5792664516
5792664516,5792664517
5792664517,5792664522
5792664522,5792664518
5792664518,5792664519
5792664519,5792664520
5792664520,5792664508
5792664540,5792664539
5792664539,5792664538
5792664538,5792664537
5792664537,5792664536
5792664536,5792664535
5792664535,6680295296
5792664542,13164267446
13164267446,5792664541
5792664579,5792664578
5792664581,6643541586
6643541586,5792664580
13439866813,13439866809
13439866809,5799521445
5799521445,9179109961
9179109961,5799521438
5799521438,6436650499
267251003,5799521561
5799521452,10248624587
10248624587,5799521451
5799521451,9857860401
9857860401,9857860400
9857860400,9857860399
9857860399,9857860398
9857860398,9857860397
9857860397,9857860387
9857860387,9857860396
9857860396,5799521449
5799521554,5799521452
5799521452,10248624590
10248624590,5799521553
5799521445,6776599576
6776599576,5799521448
5799521448,5799521440
5799521440,5799521441
5799521441,5799521442
5799521442,5799521443
5799521443,5799521444
5799521444,267251003
5799521565,5799521564
5799521564,5799521563
5799521563,5799521556
5799521556,5799521562
5799521562,5799521560
5799521560,10264303919
10264303919,5799521561
5799521561,5799521558
5799521558,5799521557
5799521557,10991487930
5799663728,5799663723
5799663723,5799663722
5799663722,5799663727
5799663727,10248624600
10248624600,5799663724
5799663724,5799663721
5799663721,5799663726
5799663726,5799663725
5799663735,5799663730
5799663730,5799663733
5799663733,5799663732
5802016591,267259248
5802016610,5802016609
5802016611,5802016612
5802016616,5802016611
5802016611,5802016615
5681450599,5809063023
5809063023,5432771962
5809063020,5681450605
267250981,5792664578
5809063022,6666317450
6666317450,6666317451
6666317451,5809063021
5809063053,5809063054
5809063054,5809063055
5809063055,5809063056
5809063056,6666318662
5864324652,5864324647
5864324647,5864324646
5864324646,5864324645
5864324645,5864324651
5864324651,5864324650
5864324650,5864324649
5864324649,5864324648
5864324648,5864324644
5864324644,5864324662
5864324662,5864324661
5864324661,5864324660
5864324660,5864324659
5864324659,5864324658
5864324658,5864324657
5864324657,5864324656
5864324656,5864324655
5864324655,5864324654
5864324654,5864324664
5864324664,5864324653
5864324653,5864324652
5864324645,11647720554
11647720554,5864324663
5864324664,5864324665
5864324665,5864324666
5864324666,5864324667
5864324667,5864324668
5864324668,5864324669
5864324644,5864324670
5864324670,5864324671
5864324671,5864324672
5864324672,5864324673
5864324673,5864324674
5864324674,5864324675
5864324675,5864324676
5977627148,11006946382
11006946382,988039010
988039010,5977627144
5977627144,11006946384
11006946384,5977627145
5977627145,11006946383
11006946383,5977627146
5977627146,5977627142
5977627139,5977627149
6062732000,6062731997
6062731997,6062731999
6062731999,6062731998
6062732003,6062732002
6062732002,6062732001
1754592339,6062732028
6062732028,12059120104
12059120104,2506019004
2506019004,6062732018
6062732018,6062732029
6062732029,6062732027
6062732027,12953168435
12953168435,10242883131
10242883131,6062732030
6062732030,10232104911
10232104911,10243774150
10243774150,6062732033
6062732033,10242883119
10242883119,6062732017
6062732017,10232127622
10232127622,10242883128
10242883128,6918479557
308892881,10242883146
10242883146,6062732013
6062732013,6062732014
6062732014,6062732015
6062732015,6918479542
6918479542,6918479543
6918479543,6062732039
6062732039,10242883112
10242883112,10242883111
10242883111,10242883110
1754592314,6062732035
6062732035,6062732034
6062732034,10232104912
10232104912,6062732033
6062732033,10232127624
10232127624,6062732031
6062732031,10242883134
10242883134,6062732032
6062732043,6062732041
6062732041,6062732002
6062732053,10242883116
10242883116,6062732043
6062732043,6918479537
6062732048,12918575674
12918575674,6062732047
6062732047,6062732046
6062732046,6062732045
6062732045,10242883141
10242883141,6062732044
6062732050,6062732049
1754592312,6062732035
6062732035,6062732036
6062732036,10242883132
10242883132,10242883133
10242883133,6062732037
6062732037,6062732038
6062732038,6062732039
6062732039,6062732040
6062732040,12918575675
12918575675,6062732052
6062732052,6062732051
6084384954,915368566
6436643080,6110396107
6110396107,6110396103
6110396103,6110396104
6110396104,6110396105
6110396105,9861753624
9861753624,9861753625
9861753625,6110396106
6110396109,6110396113
6436786517,6110396110
6110396110,6110396112
6110396111,6110396112
6110396113,6110396112
6110396108,10261841017
10261841017,6436643071
6436643071,6110396115
6110396115,6908263117
6908263117,12252780670
12252780670,12252780661
12252780661,6908263118
6908263118,6908263120
6114710886,6114710885
6114710885,1549835366
6120456540,5167333725
6120456543,5167373439
6120456545,6120456544
6120456547,6120456546
6189721015,6189721025
6189721025,6189721024
6189721029,6189721026
6189721031,6189721030
6189721030,6189721029
6189721029,6189721028
6189721028,6189721027
6189721027,6189721014
6189721044,6189721034
6189721034,6189721033
6189721042,6189721041
6189721041,6189721025
6189721025,6189721040
6189721040,6189721039
6189721039,6189721034
6189721034,6189721038
6189721038,6189721037
6189721037,6189721032
6189721032,6189721036
6189721036,6189721035
6189721035,6189721030
6189721030,6189721042
6189721068,6189721032
6189721032,6189721027
6189721027,6189721043
6189721074,6189721072
6189721072,6189721071
6189721071,6189721070
6189721070,6189721069
6189721069,6189721068
6189721068,6189721067
6189721067,6189721066
6189721066,6189721065
6189721065,6189721064
6189721064,6189721073
6189721073,6189721063
6189721063,6189721062
6189721062,6189721033
6189721033,6189721061
6189721061,6189721060
6189721060,6189721059
6189721059,6189721058
6189721058,6189721057
6189721057,6189721056
6189721056,6189721055
6189721055,6189721054
6189721054,6189721015
6189721015,6189721075
6189721075,6189721053
6189721053,6189721052
6189721052,6189721051
6189721051,6189721050
6189721050,6189721049
6189721049,6189721048
6189721048,6189721047
6189721047,6189721031
6189721031,6189721046
6189721046,6189721045
6189721045,6189721074
6189721086,6189721085
6189721085,6189721084
6189721084,6189721083
6189721083,6189721082
6189721082,6189721081
6189721081,6189721080
6189721080,6189721079
6189721079,6189721078
6189721078,6189721077
6189721077,6189721076
6189721088,6189721087
6189721090,6593532593
6189721098,6189721091
6189721091,6189721086
6189721086,6189721090
6189721090,6189721076
6189721076,6189721097
6189721097,6189721096
6189721096,6189721095
6189721095,6189721088
6189721088,6189721094
6189721094,6189721093
6189721093,6189721092
6189721092,6189721091
6191328950,3644649544
2912295495,9827041736
9827041736,6191370926
6191370926,6737646118
6737646118,6737646117
6737646117,6737646114
6737646114,6737646119
6191441142,6961442935
6961442935,6191441141
6191441141,9854685954
9854685954,9854685955
9854685955,2431986095
11805188120,11820352303
11820352303,6543918032
6543918032,11814425259
11814425259,11814285259
11814285259,1811692139
1811692139,6202055576
6191682798,6191682795
6191682795,6191682794
6191682794,6191682793
6191682793,6191682792
6191682792,9869629349
9869629349,6191682791
6191682791,6191682790
6191682790,6191682789
6191682789,6191682788
6191682788,6191682787
6191682787,6191682786
6191682786,6191682785
6191682785,6191682803
9869971702,6192009290
6192009290,6192009291
6192009291,6192009292
6192009292,9951107362
9951107362,9951107361
9951107361,9951107360
6213742109,3742418071
6213742119,6213742109
6213742115,10267150458
10267150458,6213742106
6213742106,6213742120
6213742120,6213742118
6224287701,5792664540
1870091862,6404197721
6404197721,3742305496
3742305496,3742305502
3742305502,6680284574
6680284574,6680284573
6680284573,3007872783
3007872783,6680284575
6680284575,6680284579
6680284579,6680284583
6680284583,943830490
943830490,3642437398
3642437398,9713029512
9713029512,6680295289
6680295289,6680295290
6680295290,6224287701
267197860,938641806
938641806,1800585963
1800585963,6224287703
6224287703,6681142073
6681142073,6681142072
6681142072,6681142071
6681142071,11250806061
11250806061,6681142070
6681142070,11250806053
11250806053,6681142069
6681142069,6681142067
6681142067,943876043
943876043,6681142066
6681142066,6681142065
6681142065,6681142064
6681142064,6224287702
6224287702,5792664542
5792664542,11935409330
11935409330,3007872789
308890384,6680295297
6680295297,11935409329
11935409329,3642437417
3642437417,6681142058
6681142058,6681142059
6681142059,3642431684
3642431684,3642431692
3642431692,6681142068
6681142068,3642434400
3642434400,3642434414
3642434414,12863825863
12863825863,943875795
943875795,6681142060
6681142060,6681142061
6681142061,6681142062
6681142062,6681142063
6681142063,1800585966
1800585966,6169030297
6169030297,267197875
267197875,6680820028
6680820028,1800585962
1800585962,6680820027
6680820027,267197867
6225721613,6225721614
6225721614,6225721615
6225721615,6225721616
6225721616,6225721617
6225721617,6225721618
6225721618,6225721620
6225721620,10262247240
10262247240,10262247247
10262247247,6225721619
4930107700,13093899465
13093899465,267253220
4930107692,11799128899
11799128899,10303750895
10303750895,395135064
267249911,5485189732
5485189732,5485189749
5485189749,5485189733
5485189733,267249912
6259929990,6259929989
6259940706,6259940707
6259940710,6259940706
6259940708,6259940707
9794237535,10264764694
10264764694,10198906991
10198906991,10264764677
10264764677,10264764675
10264764675,9843555976
9843555976,9843555974
9843555974,10264764664
10264764664,10264764661
10264764661,10198906978
10198906978,10264764673
10264764673,5802016583
5802016583,5802016581
5802016581,6720393130
6467719940,12159111686
12159111686,9861891813
9861891813,267193217
267193217,12159147301
12159147301,12237754720
12237754720,12237754716
12237754716,12159147310
12159147310,5167333730
3744313582,5483954477
5483954477,267197919
267197919,5483954475
5483954475,267197918
6385250778,9841332841
9841332841,9841332840
9841332840,9841332850
9841332850,6385250777
6385250777,6385250776
6385250776,9841332853
9841332853,9841332852
9841332852,9841332856
9841332856,9841332854
9841332854,9841332855
9841332855,6385250775
6385250775,9841332849
9841332849,9841332848
9841332848,6385250774
6385250999,9843255718
9843255718,9843242511
9843242511,6385250985
6385250985,9843242510
9843242510,9843242512
9843242512,9843242513
9843242513,6385250784
6385250784,9843242514
9843242514,9843242515
9843242515,9843242508
9843242508,6385250783
6385250783,9843255717
9843255717,9843242507
9843242507,9843242516
9843242516,6385250782
6385250782,6385285484
9843342511,9843242473
9843242473,9843242472
9843242472,9843242471
9843242471,6385250990
6385250990,6385250989
6385250989,6385250988
6385250988,6385250987
6385250987,9843342502
9843342502,6385250986
6385250986,9843242459
9843242459,9843242460
9843242460,6385250994
6385251007,6385251006
6385251006,9841332845
9841332845,9841332830
9841332830,9841332832
9841332832,6385251005
6385251005,9841332831
9841332831,6385251004
6385251004,6385285484
6385285484,6385251003
6385251003,6385286487
6385286487,6385251002
6385285484,6385285483
6385285483,6385285482
6385285482,9843342485
9843342485,9843342486
6385286487,9841332847
9841332847,6385286486
6385286486,9841332846
9841332846,6385286485
6385287942,9841332835
9841332835,6385287941
6385287941,9841332833
9841332833,9841332834
9841332834,6385287940
6385287940,9843437837
9843437837,6385287939
6385287939,9743023368
9743023368,9843437836
9843437836,9841332836
9841332836,6385287938
6385287938,9843437835
9843437835,6385287937
6385287937,9841332837
9841332837,6385287936
6385287936,9841332838
9841332838,6385250778
6404197721,6404197722
6404197722,6404197720
6404197720,3742305501
267197930,621248433
621248433,267197931
308884954,5484083414
5484083414,433484637
433484637,5484083415
5484083415,308884930
308884943,5484083406
5484083406,308884945
308884945,5484083407
5484083407,308884948
433484659,5484083387
5484083387,5484083398
5484083398,3744432463
3744432463,5484083397
5484083397,10542997947
3007872788,5484083392
5484083392,433484656
433484656,5484083393
5484083393,3744432437
3744432437,5484083391
5484083391,433484655
433484655,5484083394
1870091837,1870091835
6412437960,915368558
915368514,915369350
6435672439,6435672438
6435672438,6435672437
6435672437,6435672436
6435672436,9827089036
9827089036,6435672435
6435672435,6435672434
6435672434,6435672433
6435672433,6435672432
6435672432,6435672431
6435672431,6435672430
6435672430,9827089037
9827089037,6435672429
6435672429,6435672428
6435672428,6435672441
6435847145,6435847144
6435847155,6435847163
947950097,6435847163
6435847163,6435847148
6435847148,6435847146
6435847146,6435847147
6435847147,6435847162
6435847162,6435847145
6435847145,6435847161
6435847161,6435847149
6435847149,6435847151
6435847151,6435847150
6435847150,6435847152
6435847152,6435847153
6435847153,6435847154
6435847154,6435847160
6435847160,6435847159
6435847159,6435847158
6435847158,6435847157
6435847157,6435847144
6435847144,6435847155
6435847155,6435847156
6435672428,9832681721
9832681721,6435878992
6435878993,6435672436
1765105549,7239056270
7239056270,9832864267
9832864267,6435878993
6435878993,6435878994
6436027676,6436027675
6436027675,1453758014
6436027678,9832240828
9832240828,6436027677
3643733181,6436034159
943831086,3643733181
6436034977,9854985703
9854985703,9854985702
9854985702,6436034976
6436034976,6436034975
6436059338,6436059337
6436059337,6436059336
6436059336,6436059335
6436059335,9854764032
9854764032,9854764031
9854764031,6436059334
6436059334,6436059333
6436068098,13253714571
13253714571,6734054815
6734054815,13253714558
13253714558,6734054807
6734054807,7239097281
7239097281,6734054814
6734054814,6734054808
6734054808,6734054813
6734054813,6734054805
6734054805,7239132802
7239132802,6734054812
6734054812,6734054811
6734054811,6749431148
6749431148,6734054810
6734054810,6734054809
6734054809,3742305475
6436068102,6436068098
6436068100,13253714563
13253714563,13253714566
13253714566,6436068102
6436119631,6436119630
6436119633,6436119631
6436119631,6436119632
6436119636,6436119633
6436119633,6436119635
6436119635,11647561822
11647561822,6436119634
6436119634,947950202
947950202,9854764027
6436186877,6436186876
947950678,6436186879
6436186879,6436186878
6436198953,6436198952
6436198952,6576015907
6436203608,6436203607
1191294827,4231387111
6436339426,10254891678
10254891678,10254891674
10254891674,6436339416
6436339426,11135925310
11135925310,11644750000
11644750000,6436339425
6436339425,6436339424
6436339424,9861821188
9861821188,6436339423
6436339423,6436339422
6436339422,6436339421
6436339421,6436339420
6436359134,7238968770
7238968770,6436359133
6436359133,6436359132
6436359132,6436359131
6436359131,6436359130
6436359130,6436359129
6436359129,6436359128
6436359128,6436359127
6436359127,6436359126
6436359126,6436359125
6436359125,6436359124
6436359124,7238968772
7238968772,6436359123
6436408280,6436408279
6436408279,6436408278
6436408278,6436408277
6436408277,6436408276
6436408276,267250993
947950306,9767122096
9767122096,9852813029
9852813029,6436451292
9861910928,10975955803
10975955803,6436536503
6436536503,6436536502
6436536502,6436536501
6436536501,6436536496
6436536496,6436536500
6436536500,6436536499
6436536499,6436536498
6436536498,6436536497
6436536497,10975955798
10975955798,10975955799
10975955799,10975955800
10975955800,10975955801
10975955801,10975955804
10975955804,10975955802
6436552643,11135945378
11135945378,9854685969
9854685969,9854685968
9854685968,6436552644
6436552644,11135945379
11135945379,6436552645
6436602305,6884438659
6884438659,6436602304
6436602304,6436602301
6436602301,6436602300
6436602300,6436602303
6436602303,10255160412
10255160412,6436602302
6436603635,11671642374
11671642374,11671642380
11671642380,6436603636
6436603636,11671640960
11671640960,10975945872
10975945872,10975945876
10975945876,10975945873
6436603637,11671641816
11671641816,11671640959
11671640959,6436603636
3749161049,6436618076
6436618076,6436618075
6436618075,10264334459
10264334459,6436618074
6436618074,13681392892
13681392892,6436618073
6436625363,6436625364
6436625364,6436625365
6436625365,6436625366
6436625366,6436625367
6436625367,6436625368
6436625368,6436625369
6436636038,6436636044
6436636040,10262015614
10262015614,6436636038
6436636038,9862068919
9862068919,10616921928
6436636042,10262015610
10262015610,6436636040
6436636040,6436636041
6436636045,9868064661
9868064661,6436636042
6436636042,10261971385
10261971385,6436636044
6436636044,10616921931
4231806597,11176302399
11176302399,1811703524
6436643083,6436643079
6436643079,9861753627
9861753627,10261841019
10261841019,9861753626
9861753626,6436643078
6436643078,6436643077
6436643077,9861753628
9861753628,6436643076
6436643076,6436643075
6436643075,9861753629
9861753629,6436643074
6436643074,9861753630
9861753630,9861753631
9861753631,6436643073
6436643073,6436643072
6436643072,9861753633
9861753633,9861753634
9861753634,9861753632
9861753632,6436643071
6110396104,6436643491
6436643491,6436643490
6436643490,6436643489
6436643489,6436643488
6436643488,6436643487
6436643487,10261841014
10261841014,6436643486
6436643486,6436643485
6436643485,6436643084
6436643084,6436643083
6436643083,6436643082
6436643082,9861753637
9861753637,9861753638
9861753638,6436643081
6436643081,9861753635
9861753635,9861753636
9861753636,6436643080
6110396106,6436643492
6436643492,6436643493
6436643493,6436643494
6436643494,6436643495
6436643495,6436643496
6436643496,6436643497
6436643497,6436643498
6436643498,6436643499
6436643499,6436643500
6436643500,6436643501
6436643501,10261840108
10261840108,6436643502
6436643502,6436643503
6436643503,6436643504
6436643504,6436643505
6436643505,6436643506
6436643506,6436643507
6436643507,6436643508
6436643508,6436643509
6436643509,6436643510
6436643510,6436643511
6436643511,6436784632
6436784632,6436643512
6436643512,6436643513
6436643513,9861753644
9861753644,6436643514
6436643514,6436643515
6436643515,10261841012
10261841012,6436643516
6436643516,9861753645
9861753645,9861753646
9861753646,6436643517
6436643517,9861753647
9861753647,9861753648
9861753648,9861753649
9861753649,10261840097
10261840097,6436643518
6436643518,9861753650
9861753650,6436643519
6436643519,6436643520
6436658262,6436658260
943831370,6436658264
6436658264,6436658263
6436658263,6436658262
6436658262,6436658261
6436675439,6436675438
6436675438,6436675437
6436675437,6436675436
6436675436,6436675435
6436675435,6436675434
6436675434,6436675433
6436675433,267259963
6436685293,6436685290
6436685296,6436685295
6436685295,6436685294
6436685294,10262376352
10262376352,6436685293
6436685293,11980204977
1549892467,10261859803
10261859803,6436690026
6436690026,6436690025
6436690025,9861700975
9861700975,6436690030
6436690030,9861700974
9861700974,6436690024
6436690024,6436690027
6436690027,9861700973
9861700973,6436690028
6436690028,9861700972
9861700972,9861741335
9861741335,6436690029
6436690029,10261859776
10261859776,1764176539
6436726990,6436823999
6436823999,6436726989
6436726989,9865224314
9865224314,6436726988
6436726988,6436726987
6436726987,9861821131
9861821131,6436726986
6436726986,6436726985
6436726985,6436726884
6436726884,6436726883
6436726883,6436726882
6436726882,6436726881
6436726881,9861821130
9861821130,6436726880
6436726880,10261758301
10261758301,6436726878
6436726997,6436726996
6436726996,6436726995
6436726995,9861821193
9861821193,6436726994
6436726994,6436727000
6436727000,6436726993
6436726993,9861821192
9861821192,6436726992
6436726992,6436726991
6436726991,6436726990
6436339427,6436726999
6436726999,9861821195
9861821195,6436726998
6436726998,6436726997
6436726990,6436726997
4231806596,6436763711
6436763711,10261860110
10261860110,9861753620
9861753620,9861753621
9861753621,6436763710
6436763710,11625856976
11625856976,6436763709
6436786515,10261816186
10261816186,10261816185
10261816185,10261816187
10261816187,6436786517
6436786523,10261816192
10261816192,6436786522
6436786522,9861987668
9861987668,9861987667
9861987667,6436786521
6436786521,6436786520
6436786520,6436786519
6436786519,6436786518
6436786518,10261816189
10261816189,6436786517
6436786517,10261816190
10261816190,6436786516
6436821127,9843616383
9843616383,9843616384
9843616384,6436821126
6436821126,9794237533
9794237533,6436821125
6436823999,6436823998
6436851706,6436851704
6436851704,6436851703
6436851703,6436851702
6436851702,6436851701
6436851701,1549833138
6436851526,10989081874
10989081874,6436851525
6436851525,6436851524
6436851524,6436851523
6436851523,6436851522
6436851522,6436851521
6436851521,6436851520
6436851520,6436851519
6436851519,6436851518
6436851518,6436851528
6436851530,9852498327
9852498327,6436851529
6436851529,9767010892
9767010892,6436851528
6436851528,6657116990
6657116990,6436851527
6436888882,6674459291
6674459291,10262015622
10262015622,10262015636
10262015636,6436888881
6436888881,9867606743
9867606743,9867606742
9867606742,9867606741
9867606741,6436888880
6436888880,10262015689
10262015689,6436888879
6437397301,11655555569
11655555569,6437397300
6437397300,6437397299
6437397299,7257565257
7257565257,6437397297
6437397297,6437397296
6437397296,6437397295
6437397295,6437397294
6437397294,6437397293
6437500255,11820352305
11820352305,3543700049
6438155350,11621124390
11621124390,10991849351
10991849351,10991849343
10991849343,10991849326
10991849326,9843616409
9843616409,10991849339
10991849339,9843616403
9843616403,10991849333
10991849333,10991849330
10991849330,6438155349
6438177285,11668948984
11668948984,6438173884
6438173884,6438173883
6438173883,9861987625
9861987625,6438173882
6438173882,6438173881
6438173881,6438173880
6438173880,9861987644
9861987644,6438173879
6438173879,9861987643
9861987643,6438173878
6438173878,9861987642
9861987642,9861987641
9861987641,6438173877
6438173877,6438173876
6438173876,9861987640
9861987640,9861987639
9861987639,9861987638
9861987638,6438177292
6438172345,6438172344
6438172344,6191682788
5162504635,6438172347
6438172347,6438172346
6438172346,6438172345
6438172345,2061627106
6438789576,6438789575
6438789575,6438789574
6438789574,6438789573
6438789573,6438789572
6438789572,6438789571
6438789571,6438789570
6438789570,6438789569
6438789569,6438789568
6438789568,6438789567
6438789567,6438789566
6438789566,9867663802
9867663802,6438789565
6438789565,6438789564
6438789564,12102517177
12102517177,6438789563
6438789563,6438789562
6438789562,6438789561
6438789561,6438789560
6438789560,6438789559
6438789559,9867663804
9867663804,9867663803
9867663803,6438789558
6438789558,12102517178
12102517178,6438789557
6438789557,9867663805
9867663805,6438789556
6438789556,6438789555
6438789555,6438789554
6438789554,6438789553
6438789553,9867663806
9867663806,6438789552
6438789552,6438789551
6438789551,9867663807
9867663807,6438789550
6438789550,6438789549
6438789549,6438789548
6438789548,9867663808
9867663808,6438789547
6438789547,6438789546
5766164010,6439051568
6439051568,6439051567
6439051567,9869461115
9869461115,6439051566
6439051566,7047751859
7047751859,11152748413
2431986094,10701010716
10701010716,5766164036
6439088524,6439088523
943831249,6666377295
6666377295,12247930681
12247930681,9713020378
9713020378,943831433
11780481159,9835660258
9835660258,9835660256
9835660256,9835714228
9835714228,1549836043
1549836043,9840673020
9840673020,5179520917
5179520917,7047751854
7047751854,10302280605
10302280605,316376880
915369350,6467719940
6481240761,6481240760
6481240760,6481240759
6484704096,9713031724
9713031724,6484704095
6485009727,6485009721
6485109516,6485109515
6485109515,6485109514
6485109514,6485109513
6485109513,6485109512
1549833128,6485846087
6485846087,6485846086
6485846086,6485846085
6485846085,6485840884
6485840884,1549833122
6485918171,6485918165
6485918169,9869629330
9869629330,9869629329
9869629329,6485918168
6485918168,9869629328
9869629328,6485918167
6485918167,9869629326
9869629326,9869629327
9869629327,6485918166
6485918166,6485918165
6485918165,9869629323
9869629323,9869629324
9869629324,9869629325
9869629325,9867712741
6485918177,9869629343
9869629343,6485918176
6485918176,9869629338
9869629338,9869629342
9869629342,6485918175
6485918175,6485918174
6485918174,9869629341
9869629341,9869629340
9869629340,9869629339
9869629339,6485918173
6485918173,6485918172
6485918172,9869629335
9869629335,9869629334
9869629334,9869629336
9869629336,9869629337
9869629337,6485918171
6485918171,9869629331
9869629331,9869629332
9869629332,9869629333
9869629333,6485918170
3739919753,9868064676
9868064676,9868064675
9868064675,3739919744
3739919744,6486171466
6486171466,6486171460
6486171460,6486171465
6486171465,6486171461
6486171461,6486171464
6486171464,6486171463
6486171463,6486171462
9867712743,6486188417
6486188417,9867712717
9867712717,9867712718
9867712718,9867712719
9867712719,6486188418
6486188418,9867712720
9867712720,9867712746
11221827507,11221827508
11221827508,11221827509
11221827509,6490452310
6490452310,6490452309
6490452309,6490452308
6490452308,6490452307
6490452307,6490452306
6490452306,6490452305
6490452305,6490452304
6490452304,6490452303
6490452303,6490452302
6490452302,6490452301
6490452301,6490452300
6490452300,6929824892
6929824892,6929824889
6929824889,11221827506
11221827506,6929824899
6929824899,6929777582
6929777582,6929777584
6526141563,6526141562
6526141562,6526141561
6526141561,9862064641
9862064641,6526141560
6526141560,12866435405
12866435405,6526141559
6657447424,9852864683
9852864683,3744089281
3744089281,943434380
943434380,943434399
943434399,1446272076
1446272008,9852864682
9852864682,9852864681
9852864681,1446272036
1446272036,943434399
6531439591,9858009537
9858009537,9858009536
9858009536,6531439590
6531439590,10255001395
10255001395,9858009545
9858009545,9858009544
9858009544,6531439589
6531439589,6531439588
6531439588,9858009542
9858009542,9858009543
9858009543,6531439587
6531439587,6531439586
6531439586,9858009538
9858009538,9858009539
9858009539,10255001382
10255001382,9859541721
9859541721,10255001384
10255001384,6531439585
6531473581,6531473580
6531473580,10264328240
10264328240,6531473579
6531585510,11607465286
6531655536,9843616376
9843616376,9843616377
9843616377,6531655535
6531655535,6531655534
6531655534,6531655533
6531655533,6531655532
6531655532,6531655531
6531655531,6531655530
6531655530,6531655529
6536938684,6536938675
6536938675,12966165290
12966165290,6536938674
6536938674,6536938673
6536938673,6536938672
6536938672,3739060412
3739060412,9861879569
9861879569,9861879561
9861879561,9861879562
9861879562,3739060414
3739060414,9861879568
9861879568,9861879563
9861879563,9861879564
9861879564,3739060416
3739060416,9861879565
9861879565,9861879566
9861879566,9861879567
9861879567,3739060415
3739060415,3739060413
3739060413,3739060411
3739060411,9861821187
9861821187,9861821186
9861821186,9861821185
9861821185,9861821183
9861821183,9861821189
9861821189,9861821184
9861821184,3739060407
3739060407,3739060402
3739060402,9861821182
9861821182,9861821198
6536966886,10254899825
10254899825,10254899836
10254899836,6536966885
6536966885,6536938684
6536938684,12966165285
12966165285,9861879560
9861879560,6536938683
6536938683,12966165284
12966165284,9861879559
9861879559,6536938682
6536938682,9861879558
9861879558,10254899844
10254899844,6536938681
6536938681,9861879557
9861879557,9861879556
9861879556,12966173109
12966173109,6536938680
6536938680,13341894256
13341894256,6536938679
6536938679,12966173106
12966173106,6536938678
6536938678,9861840834
9861840834,6536938677
6536938677,10254960452
10254960452,6536938676
6536938676,10248673241
10248673241,4233512116
10242883147,12559469345
12559469345,6538752686
6538760819,6538760818
6538760818,6538760817
6538760817,6538760816
6538760816,6538760815
6538760821,6538760820
6538760825,6538760824
6538760824,12920633216
12920633216,6538760822
6539240963,6539240957
6543918021,6543918020
6543918020,6543918019
6543918019,1549892462
6543918028,6543918023
6543918028,6543918027
6543918027,6543918026
6543918026,9861971807
9861971807,9861971806
9861971806,6543918024
6543845351,6543845350
6543845350,6543845346
6543845346,6543845344
6543845344,6543845345
6543845345,6543845349
6543845349,6543845343
6543845343,6543845348
6543845348,6543845347
1811692166,6543845353
3661513071,9179118868
9179118868,6553008987
6553008987,10262384319
10262384319,6553008986
6553008986,6553008985
6553008985,9857874022
9857874022,6552977584
7188220133,6554718353
6554718353,6554718352
6554718352,6554718351
6554718351,6554718350
6554718350,6554718349
6554718349,3624347911
3624347911,6554718348
6554718348,6554718345
6554718345,6554718344
6554718344,6554718343
6554718343,6669134691
6669134691,13540185197
6554874763,11235849941
11235849941,11235849940
11235849940,6554874762
268212537,280740915
280740915,301037246
301037246,268212536
268212536,301037247
301037247,280740913
280740913,268212534
268212534,268212533
268212533,268212532
268212532,280740860
280740860,280740845
280740845,12388953596
12388953596,268212530
268212530,12388953589
12388953589,280740821
280740821,280740818
280740818,268212529
268212529,280740804
280740804,280740802
280740802,280740794
280740794,268212527
268212527,280740791
280740791,268212526
268212526,268212525
268212525,268212524
268212524,6554718353
6554718353,268212523
268212523,268212522
268212522,268212521
268212521,268212520
268212520,12258061770
12258061770,268212519
268212519,268212518
268212518,268212517
268212517,6554718341
6554718341,915368894
6576015914,6576015913
6576015913,6576015912
6576015912,6576015911
6576015911,6576015910
6576015910,6576015909
6576015909,6576015908
6576015908,6576015907
6576015907,6576015906
6576015906,6576015905
6576015905,9684753363
9684753363,943831286
943831286,6657443537
6657443537,6657443538
6657443538,6657443539
6657443539,6657443540
6576356262,6576356260
6576464209,6731661050
6731661050,6745406216
6745406216,6576464210
6576464210,10262310930
10262310930,10262310933
10262310933,6745406231
6745406231,6731661027
6731661027,6576464211
6576464211,10262384348
10262384348,6576464212
6576464212,10262384343
10262384343,6576464213
6576464213,12247941866
12247941866,6576464214
6576464214,562615475
562615475,11801983080
11801983080,9794237549
6576505283,6576505284
6576505284,6576505282
6576505282,267193293
267193293,13146415094
13146415094,13377661886
13377661886,13377661896
13377661896,6593532602
6593532602,3643733148
3643733148,6593532603
6593532603,267193295
6576529272,6593532606
6593532606,13347070857
13347070857,9862064670
9862064670,6593532605
6593532605,13377661898
13377661898,6593532604
6593532604,13146415095
13146415095,6593532601
6593532601,6576508785
6576508785,6576508786
6576508786,563659537
563661928,13300787342
13300787342,6957678147
6957678147,563661921
563661921,563661920
563661920,6745575821
6745575821,6576535187
6576535187,267193239
6576535188,6576529247
6576529247,6576529248
6576529248,6576529249
6576529249,6576529250
6576529250,6576529251
6576529251,6576529252
6576529252,6576529253
6576529253,6576529256
6576529256,6576529257
6576529257,6576529258
6576529258,6576529259
6576529259,6576529260
6576529260,6576529261
6576529261,6576529262
6576529262,6576529263
6576529263,6576529264
6576529264,6576529265
6576529265,13146450004
13146450004,13146450006
13146450006,13146450003
13146450003,6576529266
6576529266,13347070855
13347070855,6576529267
6576529267,13146415100
13146415100,6576529268
6576529268,6576529269
6576529269,13146415098
13146415098,9862064669
9862064669,6576529270
6576529270,9862064668
9862064668,12743987686
12743987686,6576529271
6576529271,12743987682
12743987682,6576529272
6554718342,6576529277
12718180640,6576529278
6576529278,6576529279
6576529279,6576529280
6576529280,6576529281
6576529281,6576529282
6576529282,6576529283
6576529283,9861910939
9861910939,6576529284
6576529284,6576535185
6576535185,6576535186
6576535186,11017296781
11017296781,267193239
267193239,6576535188
6576535188,12109798585
12109798585,6576535189
6576535189,12109781538
12109781538,6576535190
6576535190,6576535198
6576535198,6576535191
6576535191,6576535192
6576535192,6576535194
6576535194,6576535195
6576535195,6576535196
6576535196,563659587
309859085,6593517805
6593517805,6593517804
6593517804,9854933640
9854933640,9880746251
9880746251,6593517806
6593517806,267193355
267193355,6593517808
6593517808,6681264973
6681264973,6681264974
6681264974,6681264975
6681264975,267193307
6593517809,6681264977
6681264977,6593517810
6593517810,6593517811
6593517811,11808826362
11808826362,6593517812
6593517812,6593517813
6593517813,10657610045
10657610045,6593517814
6593517814,6593517815
6593517815,6593517816
6593517816,6593517817
6593517817,6593517818
6593517818,6593517820
6593517820,6593517819
6593517819,309859087
6593517829,11655564357
11655564357,11655564792
11655564792,6593517830
6593517830,11655564820
11655564820,6593517831
6593517831,6593517823
6593517823,9854764030
9854764030,6593517832
6593517832,11655741022
11655741022,11655741015
11655741015,6593517836
6593517836,947950622
947950622,6593517837
6593517837,9854764036
9854764036,6593517834
6593517834,6593517838
6593517838,947949998
947949998,6593517839
6593517839,6593532607
6593532607,6593532608
6625612746,7249183103
7249183103,6625612745
6625612745,9852498326
9852498326,9852498325
9852498325,6625612744
6625612744,6625612743
6625612743,6436851530
5716610654,6630634303
6631313384,6631352485
6631352485,6631313374
6631313374,6631352486
6631352486,6631352487
6631313351,6631313344
6631313358,6631313346
6631313346,5681450596
6631313359,6631313358
6631313358,6631313357
6631313357,6631313349
6631313349,6631313356
6631313356,6631313355
6631313355,6631313354
6631313354,6631313353
6631313353,6631313352
6631313352,9859541722
9859541722,6631313351
6631313351,6631313350
6631313364,6631313359
6631313359,6631313363
6631313363,6631313362
6631313362,6631313361
6631313361,6631313360
6631313369,9858009529
9858009529,9858009528
9858009528,6631313368
6631313368,6631313367
6631313367,6631313366
6631313366,9858009530
9858009530,6631313365
6631313381,6631313348
6631313348,6631313373
6631313373,6631313369
6631313369,6631313365
6631313365,6631313372
6631313372,9858009523
9858009523,6631313371
6631313371,9858009525
9858009525,9858009524
9858009524,6631313370
6631313370,6631313384
6631313377,6631313375
6631313375,6631313376
6631313376,6631313378
6631313384,6631313378
6631313378,6631313383
6631313383,9858009526
9858009526,6631313382
6631313382,6631313381
6631313381,9858009527
9858009527,6631313380
6631313380,6631313379
6636468150,12976787770
12976787770,6636468147
6636468147,6636468146
6636468146,6636468149
6636468149,9883191555
9883191555,6636468148
12759543510,6745444003
6745444003,6745444002
6745444002,6745444001
6745444001,6745444000
6745444000,6745443999
6745443999,6745443998
6745443998,6745443997
6745443997,3749161047
6643539681,6643539680
6643539683,6643539682
6643541586,10254996215
10254996215,6643539683
6643539683,6643539681
6643539681,6643539679
6643539679,6643541585
6643541585,6643539684
6645848774,6645848773
6645848773,6645848769
6645848769,6645848772
6645848772,6645848768
6645848768,6645848770
6645848770,6645848771
6655403378,11648405041
11648405041,11648392187
11648392187,6645848777
6645848777,11648392191
11648392191,6645848776
6645848776,11648405040
11648405040,6645848775
6645848775,6645848780
6645848780,9852620150
9852620150,9852620149
9852620149,6645848779
6645848781,11648405039
11648405039,11648392194
11648392194,11648371018
11648371018,11648392193
11648392193,6645848780
6645848780,9852620151
563659585,6655403035
6655403035,6655403036
6655403036,11001404244
11001404244,6655403037
6655403037,7257565809
7257565809,6655403038
6655403038,6655403039
6655403039,6655403040
6655403040,6655403041
6655403041,8985751329
8985751329,6655403043
6655403043,6655403044
6655403044,6655403045
6655403045,6655403046
6655403046,6655403047
6655403047,6655403048
6655403048,6655403050
6655403050,6655403051
6655403051,6655403052
6655403052,6655403030
6655403030,11671841375
11671841375,13146415092
13146415092,6655403079
6655403079,6655403080
6655403080,6655403081
6655403081,6655403082
6655403082,563659539
6655403106,6655403105
6655403105,6655403104
6655403104,6655403103
6655403103,11001404245
11001404245,6655403102
6655403102,6655403101
6655403101,6655403100
6655403100,6655403099
6655403099,6655403098
6655403098,6655403097
6655403097,563659647
6655403155,6655403156
6655403156,6655403157
6655403157,6655403158
6655403158,6655403159
6655403159,6655403160
6655403160,6655403161
6655403161,6655403162
6655403162,6655403163
6655403163,6655403164
6655403164,6655403165
6655403165,12000416977
12000416977,13579391173
13579391173,13579391171
13579391171,6655403166
6655403166,12000416975
12000416975,6655403167
6655403167,6655403168
6655403168,6655403169
6655403169,11001404246
11001404246,6655403170
6655403170,6655403171
6655403171,6655403172
6655403172,6655403173
6655403182,6655403183
6655403183,6655403184
6655403184,6655403185
6655403185,6655403186
6655403186,6655403203
6655403203,6655403204
6655403204,6655403205
6655403205,6655403206
6655403206,11808669628
11808669628,6655403207
6655403207,6655403208
6655403208,6655403209
6655403234,6655403233
6655403233,6655403232
6655403232,11808669632
11808669632,6655403231
6655403231,6734433835
6734433835,6655403230
6655403230,6655403235
6655403235,6655403229
6655403229,6655403228
6655403228,6655403227
6655403227,6655403226
6655403226,6734433827
6734433827,6655403225
6655403225,6655403224
6655403224,6655403223
6655403223,11540517136
11540517136,6655403222
6655403222,6655403221
6655403221,6655403220
6655403220,6655403219
6655403260,6655403259
6655403259,6655403258
6655403258,6655403257
6655403257,6655403256
6655403256,6655403255
6655403255,6655403254
6655403254,6655403253
6655403253,6655403252
563659629,6655403284
6655403284,6655403283
6655403283,6655403282
6655403282,6655403281
6655403281,11808669633
11808669633,6655403279
6655403279,6655403280
6655403280,5247558863
5247558863,563659602
563659602,267193353
267193353,12880227958
12880227958,947950352
947950352,11808826355
11808826355,11808826338
11808826338,563659601
563659601,11808826336
11808826336,6655403277
6655403277,11808826347
11808826347,11808826334
11808826334,563659598
563659598,11808826332
11808826332,947950265
947950265,11808826330
11808826330,563659600
563659600,11808826328
11808826328,11808826327
11808826327,6655403276
6655403276,11808826302
11808826302,6655403275
6655403275,11984980563
11984980563,267193352
267193352,6655403247
6655403247,6681264978
6681264978,6655403248
6655403248,563659565
6655403316,6655403317
6655403317,6655403318
6655403318,11808669630
11808669630,6655403319
6655403319,9852527179
9852527179,6655403320
6655403320,6655403321
6655403321,6655403322
6655403322,6655403323
6655403323,6655403324
6655403324,6655403325
6655403325,6655403326
6655403326,6655403327
6655403327,6655403328
6655403328,6655403329
6655403329,6655403330
6655403330,6655403331
6655403331,6655403332
6655403337,6655403338
6655403338,6655403339
6655403339,6655403340
6655403340,12144692238
12144692238,6655403342
6655403342,6655403341
6655403341,6655403343
6655403343,6655403344
6655403344,6655403345
6655403345,6655403346
6655403346,6655403347
6655403347,6655403348
6655403348,6655403359
6655403359,6655403360
6655403360,6655403361
6655403361,6655403364
6655403364,6655403365
6655403365,6655403366
6655403366,6655403367
6655403367,6655403368
6655403368,13253573823
13253573823,6655403369
6655403369,6655403370
6655403370,6655403371
6655403371,13253573828
13253573828,6655403372
6655403372,9852813022
9852813022,9767122089
9767122089,6655403373
6655403373,13253573807
13253573807,6655403374
6655403374,6655403376
6655403376,6655403375
6655403375,6655403378
9861700990,11150161621
11150161621,11150161619
11150161619,1549892478
1549892468,11150161625
11150161625,1549892436
1549892436,11150161626
11150161626,6656748658
1549892470,11150161624
11150161624,1549892429
6656755536,6656755535
6656755535,9861700976
9861700976,6656755534
6656755534,11150161628
11150161628,6436690030
6656817022,6656817021
6656817021,6656817017
6656817017,6656817018
6656817018,6656817016
6656817016,6656817020
6656817020,6656817019
6657105384,6657116885
6657116885,7009786331
7009786331,6657116886
6657116886,6657116887
6657116887,6657116889
6657116889,6657116892
6657116892,6657116890
6657116890,6657116891
6657116891,6657116894
6657116894,6657116895
6657116895,6657116896
6657116896,6657116897
6657116897,6657116898
6657116898,6657116899
6657116899,6657116900
6657116900,6657116901
6657116901,12142082392
12142082392,6657116902
6657116902,6657116903
6657116903,12142082398
12142082398,6657116904
6657116904,6657116905
6657116905,6657116906
6657116906,6657116907
6657116907,6657116908
6657116908,6657116909
6657116909,6657116910
6657116910,6657116911
6657116911,6657116912
6657116912,6657116913
6657116913,6657116914
6657116914,6657116915
6657116915,6657116916
6657116916,6657116917
6657116917,6657116919
6657116919,6657116920
6657116920,12000402766
12000402766,6657116921
6657116921,6657116922
6657116922,6657116923
6657116923,6657116924
6657116924,6657116925
6657116925,309859090
6437625449,6438627727
6438627727,12109750325
12109750325,6438627726
6438627726,12109750327
12109750327,6438627728
6438627728,6438627729
6438627729,12109750326
12109750326,6438627730
6438627730,6437625456
6437625456,6437625455
6437625455,6657116946
6657116946,6657116947
6657116947,6657116948
6657116948,6657116949
6657116949,12866414586
12866414586,6657116950
6657116950,6657116939
6657116939,6437625449
6657223844,13357894692
13357894692,9852527185
9852527185,9852527184
9852527184,6657223845
6657223845,13357894691
13357894691,13357894690
13357894690,6657223846
6657223846,6657223847
6657223847,9852527186
9852527186,6657223848
621248528,6657443535
6657443535,6657443534
6657443534,6657443536
6657443536,9852864684
9852864684,9852957732
9852957732,6436198951
6436198951,9852811936
9852811936,943830426
943830426,7262908477
7262908477,6657552022
6657552022,943831783
6657443548,6657443549
6657443549,6657443550
6657443550,11540517108
11540517108,6657443551
6657443551,6657443552
6657443552,6657443553
6657443553,6657443554
6657443554,6657443555
6657443555,6657443556
6657443556,6657443557
6657443557,6657443558
6657443558,6657443559
6657443559,10274753530
10274753530,6657443560
6657443560,12780643609
12780643609,6657443561
6657443561,6657443562
6657443562,6657443563
6657443563,6657443564
6657443564,6657443565
6657443565,621248533
301037183,6657447295
6657447295,6657447296
6657447296,6657447297
6657447297,6657447298
6657447298,11540517111
11540517111,6657447301
6657447301,6657447299
6657447299,6657447300
6657447300,11540517114
11540517114,6657447302
6657447302,6657447303
6657447303,11540517117
11540517117,6657447304
6657447304,6657447305
6657447305,6657447306
6657447306,6657447307
6657447307,11540517120
11540517120,6657447308
6657447308,6657447312
6657447312,11540517124
11540517124,6657447314
6657447336,6657447337
6657447337,6657447338
6657447338,7305369883
7305369883,7305369882
7305369882,6657447339
6657447339,6657447340
6657447341,6657447342
6657447342,6657447343
6657447343,6657447344
6657447344,7305369881
7305369881,6657447345
308887831,6657447361
6657447361,308887832
6657447375,6657447374
6657447374,6657447373
6657447373,6657447372
6657447372,11540517069
11540517069,6657447371
6657447371,6657447370
6657447370,6657447369
6657447369,6657447368
6657447368,6657447367
6657447367,6657447366
6657447366,11140469074
11140469074,6657447365
6657447365,6657447364
6657447364,6657447362
6657447362,6657447361
6657447361,6657447360
6657447360,6657447359
6657447359,6657447363
6657447363,6657447358
6657447358,6657447357
6657447357,5483954511
6657447407,6657447400
6657447400,6657447399
6657447399,6657447396
6657447396,6657447395
6657447395,6657447394
6657447394,6657447393
6657447393,6657447390
6657447421,6657447420
6657447420,6657447419
6657447419,6657447422
6657447422,6657447418
6657447418,6657447417
6657447417,6657447416
6657447416,6657447415
6657447415,6657447414
6657447414,6657447413
6657447413,267197938
267197891,6657551991
6657551991,6657551990
6657551990,6657551989
6657551989,6657551988
6657551988,6657551987
6657551987,6657551986
6657551986,7257441794
7257441794,6657551985
6657551985,6657547784
6657547784,6657547783
6657547783,10931543516
10931543516,6657547782
6657547782,6657547781
6657547781,6657547780
6657547780,6657547779
6657547779,6657547778
308888616,9852811959
9852811959,943830449
943830449,943830445
943830445,6657552005
6657552005,943831172
943831172,6657552008
6660490737,6660490738
6660490738,6660490739
6660490739,6660490740
6660490740,6660490741
6666317455,6666317454
6666317454,6666317452
6666317452,6666317453
6666317453,6666317459
6666317459,6666317460
6666317460,6666317461
6666317461,6666317464
6666317464,6666317465
6666317465,6666317466
6666317466,6666317475
6666317481,6666317469
6666317469,6666317470
6666317470,6666317471
6666317471,6666317472
6666317472,6702699445
267196276,910451325
910451325,5809063034
5809063034,11897385688
11897385688,11897359741
11897359741,6435999731
6435999731,3661513020
3661513020,6666328390
6666328390,6666328394
6666328394,6666328395
6666328395,6666328396
6666317476,6666317477
6666317477,6666317478
6666317478,6666317479
6666317479,6666328389
6666328386,6666317483
6666317483,6666317473
6666317473,6666317474
6666317474,6666317475
6666328403,6666328404
6666328404,6666328405
6666328405,6666328406
6666328406,6666328407
6666328407,6666318646
6666318646,6666318659
6666318659,6666318647
6666318647,6666318648
6666318648,11007095216
11007095216,6666318653
6666318653,6666318654
6666318654,7782913611
7782913611,6666318655
6669107781,6669107780
6669107780,6669107779
6669107779,6669107778
6669107778,6669107777
6669107777,6669107776
6669107776,6669107775
6669107775,6669107774
6669134691,6669134690
6669134690,6669134689
6669134689,6669134688
6669134688,6669134687
6669134687,6669134686
6669134686,6669134685
6669134685,6669107784
6669107784,6669107783
6669107783,6669107782
6669134699,6669134692
6669134692,6669134698
6669134698,6669134697
6669134697,6669134696
6669134696,6669134695
6669134695,6669134694
6669134694,6669134693
6669134693,6576529278
301037192,11925426777
11925426777,6669134718
6669134718,6669134709
6669134709,6669134708
6669134708,6669134707
6669134707,6669134715
6669134715,6669134705
6669134705,6669134704
6669134704,6669134703
6669134703,6669134712
6669134712,6669134711
6669134711,6669134702
6669134702,6669134701
6669134701,6669134710
6669134710,6669134700
6669134700,6669134720
6674459291,9867606740
9867606740,9867606738
9867606738,9867606739
9867606739,6674459290
6674459290,6674459289
3007872789,11935409331
11935409331,5792664541
5792664541,3642437410
3642437410,6680295305
6680295305,6680295306
6680295306,11935424205
11935424205,6680295307
6680295307,6680295308
6680295308,3174618693
6680295314,6680295313
6680295313,11935424204
11935424204,6680295312
6680295312,6680295310
6680295310,6680295302
6680295302,6680295311
6680295311,6680295300
3007872789,6680295300
6680295300,11935409323
11935409323,3642437409
3642437409,6680295291
6680295291,6680295292
6680295292,6680295288
6680295288,6680295287
6680295287,6680295286
6680295286,6680295285
6680295285,6680284584
6680284584,6680284582
6680284582,6680284581
6680284581,6680284580
6680284580,6680284578
6680284578,6680284577
6680284577,6680284576
6680284576,6224287700
6224287700,3007872780
6655403252,6655403251
6655403251,6655403250
6655403250,6681358490
6681358490,6655403249
6655403272,6655403271
6655403271,6655403270
6655403270,1765269483
621248352,6681358489
6681358489,6655403245
6655403245,309863087
309863087,563659560
6655403274,6655403266
6655403266,6681358491
6681358491,6655403268
1765269542,1765269537
1765269537,1765269494
1765269494,1765269514
6657447436,5483954621
5483954621,308886251
308886251,5483954622
5483954622,301037187
1765269514,1765269487
1765269487,1765269513
1765269513,6655403272
6655403272,1765269507
1765269507,1765269495
1765269495,6681358501
6681358501,6655403268
6655403268,1765269481
621248528,267609495
267609495,6576015903
6576015903,6657443540
6657552005,7309995814
7309995814,7134644503
7134644503,6657552020
6657552020,6576015914
6666328391,6666328398
6666328398,6666328393
6666328393,6666317480
6666317480,6666328396
6666317455,5681450572
5681450572,249786858
249786858,6666317458
6688997546,6688997545
6688997545,6688997543
6688997543,6385537598
6385537598,6688997544
6688997544,3745701779
3745701779,3745701778
3745701778,6688997547
6688997547,3745701777
3745701777,3745701776
3745701776,6688997548
6688997548,6688997550
6688997550,6688997549
6688997549,621248450
621248449,6688997551
6688997551,6688997554
6688997554,6688997552
6688997552,6688997553
6688997553,6688997555
6688997555,6688997556
6688997556,6688997557
6688997557,6688997558
6688997558,6688997559
6688997559,6688997562
6688997562,6688997560
6688997560,6688997561
6688997561,5809063051
5434484041,267250981
1762989517,6702699409
6702699409,6702699410
6702699410,6702699411
6702699411,11917919920
11917919920,11652559538
11652559538,6702699412
6702699412,10255043835
10255043835,6702699413
6702699413,10255038950
10255038950,6702699414
6702699414,10255038941
10255038941,10255038974
10255038974,6702699415
6702699415,10255038949
10255038949,10255038928
10255038928,6702699416
6702699416,10255038926
10255038926,6702699417
6702699417,9859508690
9859508690,6702699418
6702699418,10255190636
10255190636,6702699419
6702699419,6702699420
6702699420,6702699421
6702699421,6702699422
6702699422,621248468
6666317476,6702699465
6702699465,6702699466
6702699466,10255017474
10255017474,6702699467
6702699467,10255017481
10255017481,6702699469
6702699469,10255017484
10255017484,6702699470
6702699470,10255017488
10255017488,6702699471
6702699471,10255017493
10255017493,10255017496
10255017496,6702699472
6702699472,10255017503
10255017503,10255017505
10255017505,6702699473
6702699473,6702699474
6702699474,6702699476
6702699476,6702699480
6702699480,6702699481
6702699481,6702699482
267259409,6720388984
6720388984,6720388980
6720388980,6720388981
6720388981,10264628373
10264628373,6720388982
6720388982,3644427515
3644427515,10264628376
10264628376,6720393086
6720393086,6720388983
6720388983,6720393085
6720393085,5483954459
6720393087,6720393088
6720393088,6720393089
6720393089,6720393090
6720393090,6720393091
6720393091,6720393093
6720393093,10264628372
10264628372,6720393092
6720393092,6720393094
6720393094,6720393095
6720393095,6720393096
6720393096,6720393100
6720393100,6720393097
6720393097,6720393098
6720393098,6720393099
6720393099,267259412
12106007248,3744313591
3744313591,3744313596
3744313596,3744313597
3744313597,7104795549
7104795549,12106007247
6720409811,7284367225
7284367225,249791204
6720409790,6720409791
6720409791,7104795550
7104795550,3744313598
3744313598,3744313590
3744313590,12106007245
12106007245,12106007244
12105998309,3744313955
3744313955,7104795546
7104795546,7104795547
7104795547,7104795545
7104795545,7104795544
7104795544,3744313961
3744313961,7104795551
7104795551,12105998308
6725938386,6725938385
6725938385,6725933184
6725933184,6725933183
6725933183,6725933182
6725933182,6725933181
6725933181,6725933180
6725933180,6725933179
6725938389,9837623618
9837623618,9837623617
9837623617,9837577116
9837577116,6725938388
6725938388,9837577115
9837577115,6725938401
6725938401,6725938387
6725938399,6725938397
6725938397,9837577111
9837577111,6725938396
6725938396,6725938395
6725938395,9837577114
9837577114,9837577113
9837577113,6725938394
6725938394,9837577112
9837577112,6725938389
6725938389,6725938398
1549836068,6725938407
6725938407,9837623619
9837623619,6725938406
6725938406,9837623620
9837623620,6725938405
6725938405,6725938404
6725938404,6725938403
6725938403,9837623623
9837623623,9837623622
9837623622,9837623621
9837623621,6725938402
6725938402,6725938399
6725938399,6725938398
6725938398,6725938401
6725938401,6725938400
6725938400,1549836050
6728955398,11645348143
11645348143,12109881236
12109881236,6728955397
6728955400,12100600549
12100600549,12100600547
12100600547,6728955399
6734054805,6734054804
6436068101,6436068102
6734054807,6734054806
6734054808,9832260702
9832260702,6918479551
6918479551,9832260701
9832260701,9832260700
9832260700,6918479536
6918479536,9832260699
9832260699,6734054805
6436068098,13253714569
13253714569,13253714568
13253714568,13253714552
13253714552,6436068096
6436068098,6436068097
11219271746,6734341545
6734341545,6734341544
6734341544,6734341542
6734341542,6734341543
6734341543,9861741352
9861741352,6734341541
6734341541,6734341540
6734433826,6734433825
6734433825,11052631166
11052631166,6734433824
6734433824,6734433823
6734433823,6734433822
6734433822,6734433821
6734433821,6734433820
6734433820,6734433819
6734433819,6734433818
6734433818,6734433817
6734433835,6734433834
6734433834,6734433833
6734433833,6734433817
6734433817,6734433832
6734433832,6734433831
6734433831,6734433830
6734433830,6734433829
6734433829,6734433826
6734433826,6734433828
6734433828,6734433827
6734558275,6734558274
6536938674,6734856392
6734856392,6734856391
6734856391,6734856390
6734856390,6734856389
6734856389,6734856388
6734856388,10248668426
10248668426,6734856387
6734856387,6734824783
6734824783,6734856386
6734856386,3739060409
3739060409,11644748480
11644748480,11644748481
11644748481,11644748482
6735140228,12237354890
12237354890,6735140227
6735140227,12237354891
12237354891,12237354892
12237354892,12237354898
12237354898,12237415301
12237415301,6735140222
6735140222,12237354900
12237354900,12237354899
12237354899,12237354897
12237354897,12237415302
12237415302,12237354896
12237354896,6735140219
6735140219,12237354895
12237354895,12237354894
12237354894,12237354893
6735320209,6735320193
6735320193,6735320192
6735320211,6735320209
6735320209,6735320208
6735325009,13022358056
13022358056,6735325007
6735325007,6735325004
6735325004,6735325003
6735325003,6735325009
9854757711,6737646113
6737646113,6737646112
6737646112,9854757713
9854757713,6737646111
6737646111,6737646109
6737646109,9854757714
9854757714,9854757715
9854757715,6737646108
6737646117,6737646116
6737646116,6737646115
6436339416,6526139731
6737897585,6737897586
6737897591,6737897585
6737897585,6737897590
6737897590,6737897589
6737897589,6737897588
6737897588,6737897586
6737897586,6737897587
3739060404,11644748482
11644748482,6737897601
6737897601,11052466377
11052466377,6737897600
6737897600,6737897599
6737897599,6737897598
6737897598,6737897597
6737897597,6737897591
6737897591,6737897596
6737897596,6737897587
5484083380,6742331773
6742331773,6742331772
6742331772,6385537603
6385537603,267259263
267259263,10264580181
10264580181,10264580186
10264580186,6742331764
6742331764,5485189727
5485189727,6742331768
6742331768,10264640739
10264640739,6742331769
6742331769,4779998871
4779998871,5802016577
5802016577,5485189728
5485189728,5802016579
5802016579,5485189729
5485189729,5802016578
5802016578,267249915
6742341820,6742341821
6742341821,13523953592
13523953592,6742341822
6742341822,6742341823
6742341823,6742341824
6742341824,6742341825
6742341825,6742341826
267196343,6742341849
6742341849,11578336952
11578336952,6742331779
6742331779,6742341846
6742341846,10264400901
10264400901,10264413021
10264413021,10264409694
10264409694,6742331780
6742331780,10264413013
10264413013,10264413031
10264413031,6742331781
6742331781,6742341843
6742341843,9790022352
9790022352,10264384049
10264384049,6742331782
6742331782,6742341832
6742341832,6742341833
6742341833,10264542462
10264542462,6742331783
6742331783,10264542468
10264542468,6742331784
6742331784,6742341835
6742341835,6742341792
6742341792,6742341836
6742341836,6742341837
6742341837,6742341842
6742341842,10264542479
10264542479,11607465284
1762989545,6742341875
6742341875,6742341874
6742341874,6742341873
6742341873,6742341872
6742341872,6742341871
6742341871,6742341855
1368046436,6742341889
6742341889,6742341888
6742341888,6742341887
6742341887,10264542495
10264542495,10264542497
10264542497,6742341886
6742341886,10264409707
10264409707,10264413010
10264413010,6742341885
6742341885,10264409704
10264409704,6742341884
6742341884,6742341883
6742341883,6742341882
6742341882,267196290
249791934,6742341898
6742341898,6742341892
6742341892,6742341891
6742341891,6742341890
6742341890,1368046436
6742341897,267196288
267196288,1368046425
1368046425,1368046427
1368046427,1368046441
1368046441,267196287
267196287,1368046426
1368046426,267196286
267196286,1368046438
1368046438,1368046428
1368046428,1368046431
1368046431,267196285
267196285,1368046433
1368046433,267196284
267196284,1368046435
1368046435,267196283
267196283,1368046429
1368046429,1368046432
1368046432,9794237531
9794237531,267196282
267196282,1368046434
1368046434,1368046442
1368046442,267196281
267196281,1368046443
1368046443,249791934
3749161046,6643541585
6643539679,6643539678
6745443996,6745443995
6745575806,6745575805
6745575805,6745575804
6745575804,6745575803
6745575803,6745575802
6745575802,6745575801
6745575801,6745575800
6745575800,5134531461
6745575808,6745575807
6745575810,6745575809
6745575818,6745575817
6745575817,6745575816
6745575816,6745575815
6745575815,6745575814
6745575814,6745575813
6745575813,6745575812
6745575812,6745575811
6745575821,12109798584
12109798584,6745575810
6745575810,6745575808
6745575808,6745575820
6745575820,6745575819
943876146,6749431148
6536938679,6752784672
6752784672,6752784659
6752784659,6752784671
6752784671,6752784670
6752784670,6752784669
6752784669,6752784668
6752784668,6752784667
6752784667,6752784666
6752784666,6752784665
6752784665,6752784664
6752784664,6752784663
6752784663,9853189366
9853189366,6752784662
6752784662,6752784661
6752784661,9853189367
9853189367,6752784658
6752784658,6752784660
6759289124,6759289123
6759289123,6759289122
6759289125,6759289123
6759289123,9833195395
9833195395,1453758031
9832786208,2912295526
2912295526,6436068104
6436068104,13253714560
13253714560,6436068103
6436068103,2912295527
2912295527,6436068100
6760233481,10222989597
6702699445,6666317482
6666317482,6666328386
6666317475,6666317476
6666328389,6666317484
6666317484,6666328385
6666328385,6666328391
6666328396,6666317481
267196300,267196301
267196301,6720409826
5483954515,301037180
301037180,5483954516
5483954516,621248504
943831783,7134644504
7134644504,7309995815
7309995815,6657552005
6702715292,5681450579
5681450579,267196273
267196273,5681450577
5681450577,6702715325
1762989545,249786852
249786852,1762989519
6720409805,267197921
267197921,5484083420
5484083420,3744313583
3744313583,5483954476
5483954476,3744313582
267197928,3661544596
3661544596,12106007249
12106007249,12247930671
12247930671,6720378880
6720409790,12106007244
12106007244,267197928
267196291,5483954463
5483954463,267196292
267196292,10264400886
10264400886,5483954462
5483954462,267196293
267196293,6742341851
6720393108,5483954455
5483954455,267259249
267259249,6773338025
6773338025,5483954454
267259271,5483954461
5483954461,5483954459
267259409,6773338031
6773338031,267259403
267259403,6773338030
6773338030,267259412
6776599544,6776599545
6776599545,6776599546
6776599546,6776599547
6776599547,6776599548
6776599548,6776599549
6776599549,6776599550
6776599550,6776599551
6776599551,6776599552
6776599552,9859986616
9859986616,9179109952
9179109952,6776599553
6776599553,6776599554
6776599554,6776599555
6776599555,6776599556
6776599556,9861689351
9861689351,6776599557
6776599557,6776599558
6776599558,6776599559
6776599559,6776599560
6776599560,6776599561
6776599561,6776599562
6776599562,6776599563
6776599563,6776599564
3749161039,6881693096
6881693096,10264321673
10264321673,6881693097
6881693097,6881693098
6884438659,6884438660
6884438660,6539240965
12278422996,6884751016
6884751016,13681529770
13681529770,6884751017
1765105545,5498959373
5498959373,6884771563
6884771563,5715392990
5715392990,6884771564
6885011983,5848637934
5848637934,6885011984
6885011984,6885059485
6885059485,6885059486
6885059486,6885059487
6885059487,6885059488
6885059488,12676185365
12676185365,6885059489
6885059489,13759078409
13759078409,6885059490
6885059490,6885059491
6885059491,6885059492
6885059492,5766333351
6062732042,6918479555
6918479555,6918479560
6918479534,11647445239
11647445239,6918479544
6918479557,6918479538
6918479546,6918479561
6918479561,6918479552
6918479552,6918479532
6918479532,6918479555
6918479555,6918479541
6918479541,10242883145
10242883145,6062732044
6062732044,10242883140
10242883140,10242883146
6918479549,1765105509
1765105509,1765105530
6918479538,6062732012
6062732012,6062732011
6062732011,6062732054
6918479559,9826864309
9826864309,3160739620
3160739620,9826864310
9826864310,9826864311
9826864311,2912380561
2912380561,3160777915
3160777915,9826864308
9826864308,3162363162
3162363162,2912380562
2912380562,9860015680
9860015680,2697696020
6062732042,6918479537
6918479533,9713039579
9713039579,1765105576
1765105576,6918479539
6918479539,11645297190
11645297190,6918479535
6929824895,6929777583
6929777583,6929777584
6929777578,5161039050
5161039050,12816033262
6929777580,2714309116
6929777584,6490452297
6490452297,6929777574
6929777574,6929824894
6930339501,6930339502
6930339499,6930339501
6930339502,6930339497
6930339497,9843880939
6930339503,6930339499
6957678140,6957678145
6957678130,6957678135
6957678135,6957678146
6957678145,6957678130
6957678130,6957678150
6957678150,6957678154
6957678150,6957678147
6961442927,6961442937
6961442937,6961442938
6961442938,6961442932
6961442947,6961442937
6961442932,9854685957
9854685957,6961442933
6961442933,6961442941
6961442941,9854685956
9854685956,6961442946
6961442946,6961442947
6961442947,6961442940
6961442940,6961442943
6961442931,6961442951
6961442951,6961442944
2431986095,6964092580
6964092580,2431986083
6964092580,6964092581
6964092581,6964092574
6964092583,6191441140
6191441140,6964092572
6191441136,6191441134
6191441134,6964140885
6964140885,6964092578
6964092578,6191441137
6191441137,6191441135
6191441135,3742207225
3742207225,947950599
6191441136,6964092582
6964092582,6964092583
6964092583,6964092579
6964092579,6191441139
6964140886,6964140887
6964140887,2431986099
2431986099,2431986095
6964140886,6964092574
6964092574,6964092577
6191441139,6964092584
6964092584,6191441140
6191441140,6191441138
6191441138,6191441136
6657116916,6982978596
6982978596,6657116919
6998127051,13161820309
13161820309,13161820221
13161820221,13161820236
13161820236,6998127052
6998127052,13161820216
13161820216,9865224315
9865224315,6998127053
6998127053,6998127047
6998127047,6998127054
6998127054,6998127055
6998127055,6998127056
6998127056,6998127057
6998127057,6998127058
6998127058,6998127059
6998127059,9865224316
9865224316,6998127060
6998127060,6998127049
6998127049,6998127061
6998127061,6998127062
6998127062,6998127063
6998127063,13161810486
13161810486,6998127064
6998127064,6998127065
6998127065,13161810483
13161810483,6998127066
6998127066,6998127067
6998127067,6998127068
6998127068,6998127069
6998127069,6998127070
6998127070,6998127071
6998127071,6998127072
6998127072,9865226817
9865226817,6998127073
6998127073,6998127074
309859088,910451453
910451453,6657105371
6657105371,309859089
309859089,309859090
309858909,910451153
910451153,910451290
910451290,6593517827
6593517827,309859083
267259282,5792664494
309859090,309859092
309859092,910450570
910450570,267193316
267193316,910450694
910450694,309859094
309859094,6593517826
6593517826,309858909
11540517137,309859562
309859562,309859563
309859563,309859564
309859564,6655403215
6655403215,6657105384
309859421,7009786336
7009786336,7009786335
7009786335,7009786334
7009786334,7009786333
7009786333,7009786332
7009786332,6657116887
309859421,6657105381
6657105381,6657105382
6657105382,6657105383
3742305530,563659643
563659643,621248508
621248508,563659644
563659644,621248509
621248509,563659645
563659645,621248510
621248510,6655403218
5484083394,433484653
2829272949,7009786343
7009786343,562615457
562615457,7030693219
7030693219,7009786342
7009786342,2829272948
2829272948,562615456
562615456,7030693221
7030693221,7009786341
7009786341,2829272951
395135064,943559998
943559998,7037565309
7037565309,562615468
562615468,562615469
562615469,2829272949
562615462,7009786346
7009786346,562615459
562615459,2829272964
2829272964,7009786344
7009786344,2829272961
2829272961,562615471
7030693220,7030693218
7030693218,7037565307
7037565307,7030693217
7030693217,11876008831
11876008831,7030693216
7030693219,7030693220
7030693220,7030693221
7030695759,7030695760
7030695760,7030695761
7030695761,7030695762
7030695763,7030695760
7030695760,7030695764
11001524524,7037565306
7037565306,7037565305
7037565309,11001524505
11001524505,3556007132
7043370552,9843437834
9843437834,7043370551
7043370551,7043370549
7043370549,7043370548
7043370548,7043370547
7043370547,7043370546
7043370546,7043370545
7043370545,7043370544
7043370544,7043370543
7043370543,7043370542
7043370542,10576227603
10576227603,7043370541
7043370541,9843342516
9843342516,7043370540
7043370540,7043370539
7043370539,7043370538
7043370538,7043370537
7043370537,9843342515
9843342515,9843342514
9843342514,7043370536
7043370536,7043370535
7043370535,9843342513
9843342513,7043370534
7043370534,7043370533
7043370533,7043370522
7043370522,7043370520
7043370520,7043370519
7043370519,7043370532
7043370532,7043370521
7043370521,7043370531
7043370531,7043370523
7043370523,9843437833
9843437833,7043370518
7043370518,7043370515
7043370515,7043370529
7043370529,7043370528
7043370528,9843437832
9843437832,7043370527
7043370527,9843437830
9843437830,9843437829
9843437829,7043370526
7043370526,9843437831
9843437831,7043370525
7043370525,9843437826
9843437826,7043370524
7043370524,9843437827
9843437827,9843437825
9843437825,9843437828
9843437828,7043370514
7043370514,6385287942
915369060,915368677
7047577229,7047577234
7047577226,9792407246
9792407246,9792407247
9792407247,9792407248
9792407248,7047577230
7047577230,7047577235
7047577235,7047577225
7047577225,7047577229
7047751867,7047577226
7047751858,12016319477
12016319477,1549884829
7047751844,7047751845
7047751845,7047751849
7047751849,7047751850
7047751850,7047751851
7047751851,7047751852
7047751852,2677421761
7047751835,9792407256
9792407256,7047751838
7047751838,9792407249
9792407249,9792407250
9792407250,9792407251
9792407251,7047751839
7047751839,9792407252
9792407252,7047751840
7047751840,9792407253
9792407253,7047751841
7047751841,9792407254
9792407254,7047751842
7047751842,9792407255
9792407255,7047751843
7047751856,7047751846
7047751846,7047751847
7047751847,7047751848
7047751848,316376874
316376874,316376871
316376871,7047577234
7047751857,7047751858
7047577234,7047751830
7047751830,12153332116
316376880,7047751856
5179521923,4776237948
7047751867,7047751866
7047751866,7047751832
7047751832,7047751833
7047751833,9792407261
9792407261,9792407262
9792407262,9792407263
9792407263,7047751834
7047751834,9792407260
9792407260,7047751835
7047751835,9792407257
9792407257,9792407258
9792407258,9792407259
9792407259,7047751836
7047751836,7047751837
7047751837,2677421761
4776237948,7047751857
9792383708,9792383709
9792383709,9792383711
9792383711,9792383715
9792383715,7047751831
7047751831,9792383710
9792383710,9792383712
5809063037,5809063038
5809063038,5809063039
6688997546,5809063046
5809063046,5809063047
5809063047,5809063048
5809063048,5809063049
5809063049,5809063050
5809063050,5809063051
5809063041,5809063043
5809063043,5809063044
267197918,5483954478
5483954478,267197914
267197914,5483954479
5716610630,1453758016
5483954479,6681148325
6681148325,621248431
621248431,5483954480
5483954480,267197917
267197883,267197884
267197884,6681148308
6681148308,7086574350
6666318680,267197877
267197877,267197878
6680295296,6680295294
6680295294,10536781573
10536781573,308883229
5792664540,11935409324
11935409324,6680295299
6680295299,308890384
6680295300,6680295299
7262926241,11607465286
11607465286,2729066849
2729066849,2729066850
2729066850,7086574334
7086574334,267249920
621248447,5484083360
5484083360,2729066847
2729066847,5484083361
7086574347,267197899
267197899,267197876
6657547753,267197881
267197881,267197882
267197882,267197883
267197878,267197879
267197879,6657547756
6657547756,6681148370
6681148370,6657547767
6657547767,6657547753
267197898,7086574347
267197876,308882940
308882940,6666318680
7612139784,7612139783
7612139783,7612139782
7612139782,7612139781
7612139781,7612139780
7612139780,7612139779
7612139779,7612139778
7612139778,7612139777
7612139777,7612139776
7612139776,7612139775
7612139775,7612139774
7612139774,7612139773
7612139773,7086574352
7086574352,7086574349
7086574349,7086574351
7086574351,7086574350
267197883,6681148300
6681148300,6681148299
6681148299,6681148314
6681148325,7086574348
7086574348,6681148324
6681148324,6681148321
6681148321,7612139784
6681148320,267197917
1870091835,5716610649
1870091835,9833052714
308892881,1870091844
1870091844,10242883138
10242883138,10242883143
10242883143,2431986080
2431986080,1765105523
1765105523,1870091834
1870091834,1870091835
308892881,6062732032
6062732032,1754592335
1754592335,2800328969
2800328969,6204066533
6204066533,6204066532
6204066532,6716233251
1870091836,1870091837
1870091837,11011629670
11011629670,1870091840
1870091840,2706818459
2706818459,1870091842
3749161008,3749161003
3749161003,3644093241
12105998308,12105998304
12105998304,12105998306
12105998306,12105998305
12105998305,12105998301
12105998301,6720409827
6720409827,6720409824
6720409824,6720409825
6720409825,6720409826
6720378880,6720378882
6720378882,7104795548
7104795548,3744313582
267197887,267197888
7086574350,267197885
267197885,267197886
267197886,7086574339
7086574339,267197887
5809063044,5809063058
5809063058,6688997546
5809063051,5809063052
5809063052,7782913601
7782913601,5809063053
6666318662,5809063057
5809063057,5809063036
267197918,7107858566
7107858566,6688997525
6688997525,12920656805
12920656805,7615444988
7615444988,7615444989
7615444989,3661544588
3661544588,7615444990
7615444990,7615444991
7615444991,7615444992
7615444992,3661544587
3661544587,7615444993
7615444993,7615444994
7615444994,7615444996
7615444996,7615444995
7615444995,5809063039
5809063036,7615445005
7615445005,7615445006
7615445006,7615445004
7615445004,7615445003
7615445003,7615445002
7615445002,7615445001
7615445001,7615445000
7615445000,7615444999
7615444999,7615444998
7615444998,7615445007
7615445007,7615444997
7615444997,6688997533
6688997533,5483954479
5792664486,5793542080
5793542080,267259282
7135635375,12246298439
12246298439,7135635376
7135635376,7135635377
7135635377,7135635378
7135635378,7135635379
7135635379,11917932020
11917932020,7135635380
7135635380,7135635381
7135635381,7135635382
7135635382,12246298438
12246298438,7135635383
1870091844,6560868271
6560868271,6484704096
6484704096,9832907235
9832907235,9713031709
9713031709,9713031714
9713031714,2990369113
2990369113,1765105575
1765105575,2912380551
2912380551,1765105595
1765105595,575879721
5716610643,1870091815
5716610643,5716610642
5716610642,5716610655
5716610655,9832260696
9832260696,9832260695
9832260695,5716610641
5716610641,9832260694
9832260694,5716610632
5716610632,9832260693
9832260693,5716610630
7171212180,7171220390
7171220390,7171224341
7171224341,7171215739
7171215739,9843742073
7171222956,7171220494
7171220494,7171214715
7171214715,7171208250
7171208250,9843742072
9843742072,9843742071
9843742071,9843742070
9843742070,9843742069
1368046434,9843742075
9843742075,9843742074
9843742074,7171216156
7171216156,10264555463
10264555463,9843742076
9843742076,9843742077
9843742077,9843742078
9843742078,9843742079
9843742079,9843742080
9843742080,7171211306
7171211306,10264555462
10264555462,7171219858
7171219858,7171212621
7171212621,7171215805
7171215805,7171225457
7171225457,10264555489
10264555489,7171220391
7171220391,7171207822
308887717,308887831
13022358056,7208722063
7218362668,10976010648
10976010648,7218362667
7218362667,7218362666
7218362666,7218362665
7218362665,7218362653
7218362653,7218362657
7218362657,7218362654
7218362654,7218362664
7218362664,7218362656
7218362656,7218362663
7218362663,7218362662
7218362662,7218362655
7218362655,7218362661
7218362661,7218362660
7218362660,7218362659
7218362659,7218362658
7218362658,10570371149
10570371149,10570371150
9852527204,9852527205
9852527205,7220672398
7220672398,9852527206
9852527206,7220672397
7220672397,9852527207
9852527207,7220672396
7220672396,7220672395
7220672395,9767027261
9767027261,7220672394
7220672394,7220672393
7220672393,7230251878
7230251878,7220672392
7220672392,9854757709
9854757709,9854757708
9854757708,7220672391
7220672391,7220672390
7220672390,9854757707
9854757707,9767027248
9767027248,7220672389
7220672389,7220672388
7220672388,7220672387
7220672387,7220672386
7220672386,9854757703
9854757703,7220672385
7220672385,7220671084
7220671084,7220671083
7220671083,7220671082
7222087504,7222087503
7222087503,267193347
7222231181,7222231180
7222231180,9852527181
9852527181,9852527182
9852527182,7222231179
7222231179,563661941
7222233550,7222233547
7222233551,7222233546
309864520,9865315041
9865315041,7222233555
7222233555,7222233554
7222233554,7222233553
7222233553,7222233552
7222233552,7222233545
7222233545,7222233551
7222233551,9854985697
9854985697,7222233550
7222233550,9854985695
9854985695,7222233549
7222255631,7222255620
7222255620,7222255630
7222255630,7222255629
7222255629,9835714231
9835714231,7222255628
7222255628,7222255627
7222255627,7222255626
7222255626,7222255625
7222255625,7222255624
7222255624,7222255623
7222255623,9869554079
9869554079,7222255622
7222255622,7222255621
7222255621,7222255620
7222755445,7222755444
7222755444,7222755443
7222755443,7222755442
7222755442,7222755441
7222755441,7222755440
7222755440,7222755439
7222755439,7222755438
7222755438,7222755437
7222755437,7222755436
7222755436,7222755435
7222755435,7222755434
7222755434,7222755433
7222755433,7222755432
7222755432,7222755431
7222755431,7222755430
7222755430,7222755429
7223030592,7223030590
7257640940,7223030592
7223030592,10255352598
10255352598,7223030591
7223150335,7223150334
7223150334,7223150333
7223150333,7223150332
7223150332,7223150331
7223150331,7223150330
7223150330,7223150329
7223150329,7223150328
7227097212,9861971796
9861971796,9861971797
9861971797,7227097211
7227097211,7227097210
7227097210,7227097204
7227097204,9861971798
9861971798,7227097209
7227097209,7227097208
7227097208,7227097205
7227097205,9862064667
9862064667,9861971799
9861971799,7227097207
7227097207,7227097206
7227097227,9862064662
9862064662,9862064664
9862064664,9862064663
9862064663,7227097226
7227097226,7227097228
7227097228,7227097225
7227097225,9862064665
9862064665,7227097224
7227097224,7227097206
7227097206,7227097223
7227097223,7227097222
7227097222,9862064666
9862064666,9861971795
9861971795,9861971794
9861971794,7227097221
7227097221,7227097212
7227097212,7227097220
7227097220,7227097219
7227097219,7227097218
7227097218,9861971793
9861971793,9861971792
9861971792,9861971791
9861971791,7227097217
7227097217,7227097216
7227097216,9861971800
9861971800,7227097215
7227097215,7227097214
7227097214,7227097213
7227097229,7227097228
7227097232,7227097231
7227097231,7227097230
7227097235,7227097234
7227097234,7227097232
7227097232,7227097233
7227097238,10279857781
10279857781,7227097213
7227097213,7227097237
7227097237,7227097236
7227429684,9853189381
9853189381,9853189380
9853189380,7227429683
7227429683,7227429682
7227429682,7227429681
7227429681,9853189378
9853189378,7227429680
7227429680,7227429679
7227429679,7227429678
7227481032,10248637095
10248637095,10248637098
10248637098,9861879576
9861879576,7227481031
7227481031,9861879577
9861879577,7227481030
9852813042,9852813043
9852813043,9852813044
9852813044,9852527183
9852527183,11648561396
11648561396,7230123585
7230123585,11648561372
11648561372,9852527197
9852527197,9852527196
9852527196,7230088584
7230088584,11648561390
11648561390,11648561385
11648561385,11648561391
11648561391,1749437287
3644649545,9852527212
9852527212,7230142486
7230142486,7230137484
7230137484,9852527211
9852527211,9852527210
9852527210,9852527209
9852527209,9852527208
7230251878,7230251877
7230251877,9854757706
9854757706,9854757705
9854757705,9854757704
9854757704,7230251876
7230251876,11027752809
11027752809,7230251875
7230251875,7230251874
7230251874,7220672387
2912295521,4511151700
4511151700,314505970
249791841,1765105535
1765105535,2912295511
7232893574,7232893571
11301690337,10262310941
10262310941,9843555957
9843555957,9843555956
9843555956,7232893575
7232893575,7232893574
7232893574,9843555955
9843555955,9843555954
9843555954,7232893573
7232893573,7232893572
7232925570,10262310953
10262310953,10262310962
10262310962,12896581293
12896581293,10262310971
10262310971,7232925569
7238968781,9827239680
9827239680,7238968771
7238968771,9827239681
9827239681,7238968770
7238968783,7238968782
7238968782,9827239672
9827239672,7238968781
7238968781,9827239674
9827239674,7238968780
7238968780,9827239673
9827239673,9827239676
9827239676,7238968779
7238968779,9827239675
9827239675,7238968778
7238968778,9827239677
9827239677,7238968777
7238968777,9827239678
9827239678,7238968776
7238968776,9827239679
9827239679,9830262547
9830262547,7238968775
7238968775,9830262548
9830262548,9830262544
9830262544,7238968774
7238968774,7238968773
7239050897,7239050896
7239050896,9829743974
9829743974,7239050895
7239050895,7239050894
7239050894,9829743975
9829743975,7239050893
7239050893,9829743976
9829743976,7239050892
7239050892,7239050891
7239050914,7239050899
7239050912,7239050900
7239050900,9829743973
9829743973,7239050899
7239050899,9829743972
9829743972,7239050898
7239050901,7239050911
7239050909,7239050902
7239050909,9830262545
9830262545,7239050908
7239050908,7239050907
7239050907,9829743981
9829743981,7239050906
7239050906,7239050905
7239050905,9829743982
9829743982,7239050904
7239050904,7239050901
7239050901,7239050903
7238968775,9829743986
9829743986,7239050916
7239050916,9829743970
9829743970,7239050915
7239050915,9829743985
9829743985,7239050914
7239050914,9829743971
9829743971,7239050913
7239050913,7239050912
7239050912,9829743983
9829743983,9829743984
9829743984,7239050911
7239050911,7239050910
6918479544,7239080087
7239080090,7239080089
11647445241,11647827753
7239080092,11647445242
11647445242,11647445240
11647445240,7239080093
7239056267,9832907233
9832907233,7239056266
7239056269,1765105562
1765105553,7239056267
7239056267,7239056273
7239056273,9827095585
9827095585,9827095584
9827095584,7239056272
7239056272,7239056271
7239056271,7239056269
7239056269,7239056270
7239056270,11651894707
11651894707,7239056268
7239132795,7239132785
7239132785,7239097284
7239097284,9826896545
9826896545,7239097283
7239097283,9826896546
9826896546,7239097282
7239097282,7239097281
7239132789,7239132787
7239132787,9826896556
9826896556,9826896557
9826896557,7239132786
7239132794,9826896552
9826896552,9074559288
9074559288,9826896553
9826896553,9826896555
9826896555,7239132786
7239132786,9826896554
9826896554,9826896558
9826896558,7239132793
7239132793,7239132792
7239132792,9826896559
9826896559,7239132788
7239132788,9826896562
9826896562,9826896561
9826896561,7239132791
7239132791,9826896560
9826896560,7239132790
7239132800,9826896547
9826896547,7239132799
7239132799,7239132798
7239132798,7239132797
7239132797,9826896548
9826896548,9826896549
9826896549,7239132796
7239132796,7239132794
7239132794,7239132795
7239132795,9826896550
9826896550,9826896551
9826896551,7239132805
7239132808,7239132800
7239132800,7239132807
7239132807,7239132806
7239132806,7239132805
7239132805,9826896544
9826896544,7239132804
7239132804,7239132801
7239132801,7239132803
7239132803,7239132802
7245102586,7245081076
2431986048,3731950241
3731950241,10248639528
10248639528,10248639527
10248639527,3731950229
3731950229,3731950231
3731950231,3731950235
3731950235,3731950233
3731950233,3731950234
3731950234,3731950232
3731950232,3731950230
3731950230,10248638001
10248638001,2431986035
2431986035,10248637997
10248637997,10248637993
10248637993,2431986041
2431986041,10248639531
10248639531,9853189377
9853189377,10248637987
10248637987,10248637985
10248637985,10248639534
10248639534,2431986045
2431986045,10248637972
10248637972,6436552643
6436552643,11645220718
11645220718,9853189376
9853189376,2432410424
7245081083,2431986048
301037212,7245078224
7245078224,7245078223
7245078223,6560396395
7245480310,7245480309
7245480317,10261798950
10261798950,7245480316
7245480316,10261798957
10261798957,7245480309
7245480309,7245480315
7245480315,9861879582
9861879582,9861879585
9861879585,7245480314
7245480314,7245480313
7245480313,9861879584
9861879584,9861879583
9861879583,7245480312
7245480312,10261798972
10261798972,7245480311
7245570118,7245570086
7245570086,11668957023
9862064648,7245570098
7245570098,7245570099
7245570099,9861987634
9861987634,9861987633
9861987633,7245570100
7245570100,7245570101
7245570101,7245570102
7245570102,7245570091
7245570091,7245570103
7245570103,7245570104
7245570104,7245570105
7245570105,9861987632
9861987632,7245570106
7245570106,9861987631
9861987631,9861987630
9861987630,7245570107
7245570107,7245570108
7245570108,7245570109
7245570109,7245570094
7245570094,7245570110
7245570110,9861987629
9861987629,7245570111
7245570111,9861987628
9861987628,7245570112
7245570112,7245570113
7245570113,7245570114
7245570114,7245570115
7245570115,7245570116
7245570116,7245570117
7245570117,7245570118
7245570118,7245570119
7245570119,7245570120
7245570120,7245570121
7245570095,7245570093
7245570093,7245570088
7245570088,7245570087
7245570087,7245570092
7245570092,7245570091
7245570111,7245570097
7245570097,7245570096
7245570096,7245570095
7245570095,7245570094
7245601617,7245601611
7245601619,7245601618
7245601618,7245601617
7245601617,7245601616
7245601616,7245601615
7245601615,7245601610
7245601610,7245601614
7245601614,7245601613
7245601613,7245601611
7245601611,11135906955
11135906956,7245601619
7245601619,7245601626
7245601626,7245601625
7245601625,7245601624
7245601624,7245601623
7245601623,7245601622
7245601622,7245601621
7245601621,7245601618
7245601618,11135906957
11135906957,7245601620
7249155324,9852968146
9852968146,9852968147
9852968147,7249155313
7249155313,7249155323
7249155323,7249155322
7249155322,7249155321
7249155321,7249155320
7249155320,7249155319
7249155319,7249155312
7249155312,7249155318
7249155318,7249155317
7249155317,7249155316
7249155316,7249155315
7249155315,7249155314
7249155314,7249155313
6436851526,7249183105
7249183105,7249183104
7249183104,7249183103
7257565809,7257565801
7257565801,7257565802
7257565802,7257565808
7257565808,7257565800
7257565800,7257565807
7257565807,7257565806
7257565806,9852498380
7257565264,9854764076
9854764076,9854764075
9854764075,7257565258
7257565258,7257565257
6437397300,9854764072
9854764072,7257565264
7257565264,9854764073
9854764073,7257565263
7257565263,10255363528
10255363528,9854764074
9854764074,7257565262
7257565262,7257565259
7257565259,9854764078
9854764078,7257565261
7257565261,11655568221
11655568221,9854764053
9854764053,11655568224
11655568224,7257565260
7257565260,9854764054
9854764054,7257565256
7257565256,6437397290
7257605202,7257605200
7257605207,7257605201
7257605201,7257605206
7257605206,7257605205
7257605205,7257605204
7257605204,7257605203
7257605203,7257605202
7257605202,7257605201
7257620402,7257620401
7257620401,9854764044
9854764044,7257620400
7257620400,9854764051
9854764051,9854764052
9854764052,309863577
267193358,7257645753
7257645753,7257645752
7257645752,7257645751
7257645751,7257645745
7257645745,9854985701
9854985701,7257645746
7257645746,7257645750
7257645750,7257645743
7257645743,7257645744
7257645744,7257645749
7257645749,7257645748
7257645748,7257645747
7222087504,12107959001
7258255647,10991760796
10991760796,10991760795
10991760795,9843524743
9843524743,10262222481
10262222481,7258255636
7258255636,7258255635
7258255635,7258255634
7258255634,7258255633
7258255633,7258255638
7258255638,10991760793
10991760793,7258255637
7258255637,10991760774
10991760774,10991760775
10991760775,10991760776
7258255648,11620993376
11620993376,10991760803
10991760803,10991760801
10991760801,7258255641
7258255641,11620993388
11620993388,11620993389
11620993389,7258255639
7258255639,7258255647
7258255647,7258255643
7258255643,7258255644
7258255644,10262247252
10262247252,10262247251
10262247251,11620993377
7257640940,7257640939
7262908475,7262908477
9790022349,11607465281
11607465281,9794237530
9794237530,7262926243
7262926243,10264542488
10264542488,10264542494
10264542494,7262926239
7262926239,10264552872
10264552872,6742341898
7262995054,7262995056
7262995057,9037052405
9037052405,9037052406
7262995060,7262995057
7262995057,7262995054
7262995052,7262995060
7262995068,7262995055
7262995059,7262995057
7262995055,7262995066
7262995066,7262995062
7262995065,7262995062
9843579519,9843579520
9843579520,9843579521
9843579521,9843579522
9843579522,9843579525
9843579525,7274125617
7274125617,10262310931
10262310931,9843579523
9843579523,7274125623
7274125623,7274125613
7274125613,11015452662
11015452662,11015452663
11578336958,11578336957
11578336957,11897385677
11897385677,11578336956
11578336956,11578336955
11578336955,11578336954
11578336954,11578336953
11578336953,7284367222
7284367222,7284367208
7284367208,7284367211
7284367211,7284367215
7284367215,7284367220
7284367220,11897385675
11897385675,11897385683
11897385683,11897359724
11897359724,11897385679
11897385679,910451595
910451595,6666318659
6666318659,561265329
561265329,11898225585
11898225585,11898225587
11898225587,11898225588
11898225588,11898225597
11898225597,11898225595
11898225595,11898225592
11898225592,910451401
910451401,6689054520
6689054520,11898225606
11898225606,11898209243
11898209243,11898225619
11898225619,561265358
561265358,11898263779
11898263779,11898225608
11898225608,11898225616
11898225616,561265354
7284367218,12105998314
12105998314,7284367225
7284367225,7284367214
10250129783,11897359745
11897359745,11897359744
11897359744,11897359749
11897359749,11897359746
11897359746,11897359743
11897359743,7284367213
7284367213,10250129781
10250129781,7284367214
7284367214,7284367209
7284367209,7284367205
7284367205,561265326
561265326,10250129778
10250129778,11897359747
11897359747,11897359751
11897359751,910451325
910451325,6666328407
6666328407,11898201129
11898201129,11898201130
11898201130,11898167566
11898167566,11898167567
11898167567,11898225570
11898225570,11898225571
11898225571,11898225576
11898225576,910451281
910451281,6689054518
6689054518,11898225574
11898225574,11898225605
11898225605,11898225602
11898225602,561265356
561265356,11898225600
11898225600,561265360
561265360,11898225601
11898225601,11898225575
11898225575,6689054516
6689054516,910450909
910450909,11898225577
11898225577,11898225572
11898225572,11898225569
11898225569,11898167568
11898167568,11898167565
11898167565,11898201131
11898201131,561265340
561265340,561265342
561265342,6666328405
7284367204,12105998312
12105998312,7284367212
7284367212,7284367208
7305369884,7305369881
7305369881,7305381088
7305381088,3742305546
3742305546,7305381086
6657447431,5483954507
5483954507,5483954506
5483954506,267197936
6657447431,12108027176
12108027176,4264008547
4264008547,563662818
563662818,6657447427
6657447427,6657447428
6657447428,6657447429
6657447429,301037187
6720393087,267259272
267259272,5483954445
5483954445,267259271
7262926243,267259282
6576015914,943831783
943831037,9852957742
9852957742,943831366
943831366,6576015914
6657447459,4264008546
4264008546,308887829
308887829,3744281462
3744281462,3744281468
3744281468,3744281475
3744281475,3744281477
3744281477,6657447439
6657447439,943830810
943830810,943831772
943831772,6657447440
6657447440,943831037
5483954515,7309995818
7309995818,7309995816
7309995816,7309995817
7309995817,6657447459
9852864646,7309995822
7309995822,7309995821
7309995821,7309995819
7309995819,7309995820
7309995820,621248504
6485009727,3744313600
3744313600,1665772891
1665772891,267196344
267196344,1665772895
1665772895,11283343801
11283343801,8750357805
8750357805,4808450520
4808450520,2729066800
2729066800,8757909136
8757909136,2729066803
2729066803,2729066807
2729066807,2729066799
2729066799,8478484463
8478484463,2729066812
2729066812,267196356
267196356,3644093243
3644093243,8750357804
8750357804,11283343798
11283343798,3744313944
3744313944,561254907
561254907,3644093106
3644093106,267196357
267196357,9852968144
9852968144,2729066770
2729066770,6485009721
7428442898,7428442899
7428442899,7428442900
7428442900,7428442901
7428442901,10255011792
10255011792,10255011793
10255011793,7428442902
7428442902,7428442903
7428442903,7428442904
7428442904,7428442905
3644533714,7428953157
7428953157,9852527178
9852527178,7428953156
7428953156,3644533702
7429323050,7429323047
7429323047,7429323046
7429323046,7429323045
7429323045,9858009546
9858009546,7429323044
7429323044,7429323043
7429323043,9858009547
9858009547,7429323042
7429323042,7429323041
7429323049,7429323041
7429323041,7429323048
7429323052,12246298441
12246298441,9859508701
9859508701,9859508700
9859508700,7429323051
7591665477,7591665476
7591665476,7591665475
7591665475,12109900940
12109900940,7591665474
7591665474,7591665465
7591665465,7591665473
7591665473,7591665472
7591665472,7591665468
7591665468,7591665466
7591665466,7591665471
7591665471,7591665467
7591665467,7591665470
7591665470,7591665469
7605606893,7605606892
7605606892,7605606887
7605606887,9867663787
9867663787,7605606886
7605606886,7605606885
7605606885,9867663788
9867663788,7605551684
7605551684,7605551683
7605551683,7605606888
7605606895,7605606894
7605606897,7605606895
7605606895,7605606893
7605606893,7605606888
7605606888,7605551682
7605551682,9867663795
9867663795,7605606896
7605606896,7605606891
7605606891,7605606890
7605606890,9867663792
9867663792,9867663793
7230785420,7614046521
7614046521,7614046522
7614046522,8929283117
8929283117,7614046523
7614046523,7614046524
7614046524,7614046525
7614046525,7614046526
7614046526,7614046527
7222233549,9854985696
9854985696,7222233548
7222233548,7222233547
7222233547,7222233546
7222233546,7222233554
8285355075,9865315043
9865315043,9865315044
9865315044,9865315045
9865315045,8285376571
8285376571,8285374015
8285374015,8285376572
8285376572,8289995546
8289995546,8285376573
8289995546,9861879580
9861879580,9861879574
9861879574,8285374014
8285374014,9861879575
9861879575,2431986043
8285374015,9861879579
9861879579,8285374016
8285374016,9861879578
9861879578,7227481031
8499919671,9292421377
9292421377,8499919677
8499919677,8499919681
8499919681,8499919680
8499919680,8499919676
8499919676,8499919674
8499919674,8499919664
8499919664,8499919667
8499919667,8499919662
8499919662,10254996209
10254996209,8499919679
8499919679,8499919673
8499919673,8499919675
8499919675,8499919666
8499919666,8499919668
8499919668,8499919678
8499919678,8499919669
8499919669,8499919665
727647293,8499919662
8750357769,8750357768
8750357768,8750357767
8750357767,8750357766
8750357805,8750357804
8757909132,8757909131
8757909131,8757909130
8757909130,8757909129
8757909129,8757909128
8757909128,8757909135
941021235,941021991
941021991,9843616394
9843616394,9843616395
9843616395,943943958
943943958,941021911
941021911,8757909135
8757909135,8757909134
8757909134,9843616392
9843616392,9843616393
9843616393,8757909133
8757909133,9843616390
9843616390,9843616391
9843616391,8757909121
8757909121,8757909122
8757909122,8757909123
8757909123,8757909127
8757909127,8757909126
8757909126,8757909116
8757909116,8757909117
8757909117,8757909118
8757909118,8757909119
8757909119,8757909125
8757909125,8757909124
8757909124,8757909120
8757909120,8757909121
3644093212,8757909139
3644093085,3644093084
3644093122,3644093113
3644093113,2729066792
2729066792,3644093107
3644093107,3644093104
3644093126,3644093114
3644093114,3644093108
3644093108,3644093101
3644093101,3644093099
3644093100,3644093102
3644093102,3644093109
3644093109,3644093118
3644093118,3644093129
3644093129,3644093141
3644093141,3644093143
3644093143,8757909142
8757909142,3644093144
3644093144,3644093139
3644093139,3644093126
7245570110,8880131052
8929240816,8929283117
11655251330,11655251331
11655251331,11655251332
11655251332,11655251333
11655251333,8982433113
8982433113,11655251334
11655251334,11655251329
11655251329,11655251344
11655251344,8982433317
10254979366,8982438636
8982438642,8982438638
9037052404,9037052405
9037052405,7262995066
9061011385,10975976919
10975976919,9061011386
7239132789,7239132788
11652541099,11652597001
11652597001,11652541098
11652541098,11652541097
11652541097,9179109940
9179109940,9179109941
9179109941,11652541100
11652541100,11652541101
11652541101,9858009533
9858009533,11652541102
11652541102,9179109942
9179109942,9179109943
9179109943,267251019
3745741999,9859986622
9859986622,9179109950
9179109950,9859986621
9859986621,9859986629
9859986629,9859986617
9859986617,9179109951
9179109951,12247930677
12247930677,9179109952
9179118868,9179118869
9179118869,9179118870
9179118870,9179118871
9179118872,10264255647
10264255647,9179118873
9179118873,10264255645
10264255645,9179118874
9179118874,10264255634
10264255634,9179118875
9179118875,9179118876
9182157243,9182157248
9182157248,9182157241
9182157241,9182157244
9182157244,9182157242
9182157245,9182157247
9182157247,9182157244
5809063039,5809063040
5809063040,5809063041
9186342839,9186342838
9186342838,9186342837
9186342837,9186342836
5487506617,10264303952
10264303952,6742331765
6742331765,10264334492
10264334492,6742331771
6742331771,10264334483
10264334483,6385537604
6385537604,6742331774
6742331774,6742331775
6742331775,267249923
5434484031,5434484044
5434484044,5434484029
5434484029,5434484032
5434484032,5434484033
5434484033,10255160416
10255160416,5434484043
5434484043,10255160414
10255160414,10255158003
10255158003,5434484027
5434483896,13506319765
13506319765,10264334424
10264334424,10264334447
10264334447,4083435337
4083435337,10264334448
10264334448,11936589382
11936589382,4083435335
4083435335,3749161051
3749161051,6531473580
6531473580,10264328232
10264328232,267249934
267249934,4083435328
4083435328,267249927
5809063036,267196277
267196277,5809063037
5799663728,5799663725
9212682340,4083435358
4083435358,5799663728
5799663725,4083435383
4083435383,4083435385
267250995,9794183555
9794183555,13506319762
13506319762,4083435341
267250995,9212682344
9212682344,9212682339
9212682339,9212682343
9212682343,9212682338
9212682338,9212682342
9212682342,9212682341
9212682341,9212682340
9212682348,5485189724
5485189724,9212682347
9212682347,5802016577
5802016577,9212682346
9186342836,10264303950
10264303950,6742331770
6742331770,5487506617
9186342839,6742331766
6742331766,9186342836
13187660251,13187660250
13187660250,9212682359
9212682359,9212682358
3661513063,9212682363
9212682363,9212682360
9212682360,9212682365
9212682365,9212682361
9212682361,9212682364
9212682364,9212682362
9212682362,9212682348
9212682348,9212682367
9212682367,11883404312
11883404312,11883404313
11883404313,9212682368
267253223,267253224
267253220,621248404
621248404,5345583358
1762989550,10255043852
10255043852,10255123742
10255123742,10255123734
10255123734,6702715293
6702715293,10255123750
10255123750,10255123746
10255123746,10255123753
10255123753,10255123756
10255123756,6702715320
6702715292,6702715291
6702715291,6702715326
6702715326,6702715290
6702715290,9221708427
9221708427,9221708426
9221708426,1762989550
1762989550,9221708428
9221708428,6702715322
6702715322,6702715323
6702715323,6702715324
6702715324,6702715325
6742341855,6742341856
6742341856,6742341857
6742341857,6742341858
6742341858,6742341859
6742341859,1762989519
267196295,3661513059
3661513059,10264400899
10264400899,9221708430
9221708430,267196309
9234669609,9234669615
9234669615,9234669602
9234669610,6656817023
6656817023,9234669600
9234669600,6656817022
9239801796,9239801785
9239801785,9239801787
9239801787,9239801788
9239801788,9239801782
9239801782,9239801795
9239801795,9239801796
9239801796,9239801784
9239801783,9239801788
308884954,6657547722
6657547722,433484638
433484638,6657547725
6657547725,433484635
433484635,6657547741
6657547741,6657547723
6657547723,6657547726
6657547726,433484636
433484636,308884930
267197930,267197952
267197952,267197953
267197953,6657547731
6657547731,267197954
267197954,267197931
9292421376,9292421377
9292421377,8982368743
8982368743,9292421374
9451824390,9451824391
9451824391,9451824392
9451824392,9451824393
9451824393,9451824394
9451824394,9451824395
9451824395,9451824396
9451824396,9451824397
9451824397,9451824398
9451824398,9451824399
9451824399,9451824400
9451824400,9451824401
9451824401,9451824402
9451824402,9451824403
9451824403,9451824404
9451824404,9451824405
9451824405,9451824406
9451824406,9451824407
9451824407,9451824408
9451824408,9451824409
9451824409,9451824410
9451824410,9451824411
9451824411,9451824412
9451824412,9451824414
9451824415,9451824416
9451824416,9451843517
9451843517,9451843518
9451843518,9451843519
9451843519,9451843520
9451843520,9451843521
9451843521,9451843522
9451843522,9451843523
9451843523,9451843524
9451843524,9451843525
9451843525,9451843526
9451843526,9451843527
9451843527,9451843528
9451843528,9451843529
9451843529,9451843530
9451843530,9451843531
9451843531,9451843532
9451843532,9451843533
9451843533,9451843534
9451843534,9451843535
9451843535,9451843536
9451843536,9451843537
9451843537,9451843538
9451843538,9451843539
9451843539,9451843540
9451843540,9451843541
9451843541,9451843542
266809747,9835234361
267609415,5483954643
5483954643,621248517
6657116991,9598819610
9598819610,266809747
6657116970,6657116969
6657116969,6657116968
6657116968,6657116967
6657116967,267193159
267193159,6657116971
6657116971,12144692239
12144692239,9598819609
9598819609,6657116976
6657116976,6657116975
6657116975,6657116974
6657116974,6657116973
6657116973,621248517
9835234362,6657116993
6657116993,6657116992
6657116992,6657116991
9598819609,6657116981
6657116981,6655403155
6655403155,267193160
267193160,267193161
267193161,9852498321
9852498321,5134531443
5134531443,9852428415
9852428415,563661932
9843555970,9645113093
9645113093,9645113094
9645113094,9645113095
9645113095,5345583352
9682296138,9684753373
9684753373,9682296136
9682296136,9682279002
9682279002,9684753374
9684753374,9684753369
9684753369,9684753370
9684753370,9684753371
9684753371,9684753372
9684753372,9684753375
9684753375,9682296132
9682296135,9682296134
9682296134,9682296137
9682296137,9682296133
9682279003,9682279000
9682279000,9682279001
9682279002,9682279003
9684753359,6666328387
6666328387,6702699443
6702699443,9684753358
10255012755,13551113099
13551113099,10255012757
10255012757,2431986202
2431986202,10264318186
10264318186,10264318189
10264318189,10264318183
10264318183,10264318180
10264318180,10264318187
10264318187,3749161013
3749161013,10264318194
10264318194,2431986203
2431986203,12278422997
12278422997,267196308
12278452805,12281106236
12281106236,6702699443
6702699443,6702699444
6702699444,6702699445
6666317481,6666328387
6666328387,9684753361
9684753361,12278452805
267197925,9684753362
9684753362,355435736
5483954499,9684753362
433484629,6657447404
6657447404,6657447403
6657447403,6657447402
6657447402,6657447407
9712983485,9712983486
9712983486,9712983487
9712983487,9712983488
3642434617,943830751
9713020378,9713020379
3742305644,9713020380
9713029510,9713029511
9713029511,9713029512
9713029513,9713029514
9713029514,943831239
7239050891,9829743979
9829743979,9713031696
9713031696,9829743980
9829743980,9713031697
9713031697,9713031698
9713031698,9829743978
9829743978,9829743977
9829743977,9713031699
9713031699,7239050897
7239050910,9832537029
9832537029,9713031700
9713031701,9713031702
9713031702,9713031703
9713031703,9713031704
9713031704,9713031705
9713031705,9713031706
9713031706,9713031707
9713031707,9713031708
9713031709,11651824804
11651824804,9713031710
9713031710,9713031711
9713031711,9829951530
9829951530,9829951529
9829951529,9713031712
9713031712,9713031713
9713031713,9829951526
9829951526,9829951527
9829951527,9829951528
9829951528,11651824803
11651824803,9713031714
7239050903,9713031732
7239050902,9713031733
6435878994,9713031734
9713031734,11651893624
11651893624,11651893625
11651893625,11651893626
11651893626,11651893627
11651893627,11651893628
11651893628,11651893629
11651893629,11651893634
11651893634,11651893630
1765105553,9832537020
9832537020,9832537019
9832537019,9832537021
9832537021,9832537023
9832537023,9832537018
9832537018,9832537022
9832537022,9832537024
9832537024,9832502015
9832502015,9832502014
9832502014,9832502013
9832502013,9832502012
9832502012,9713031735
9713031735,1765105549
11651893641,11651893640
11651893640,11651893639
11651893639,11651893638
11651893638,11651893637
11651893637,9713031736
9713031736,1765105562
9832260689,9832260688
9832260688,9832260690
9832260690,9832260687
9832260687,9832260691
9832260691,9713039578
9713039578,9833052713
1765105567,9713039579
9713039580,11645351306
11645351306,10536842701
9832240831,9832240832
9832240832,9832240830
9832240830,9832240833
9832240833,9713050844
9713050844,9832240829
9832240829,9713050845
9713050845,1453757998
9713050846,1765105541
1453757996,10936691505
10936691505,9713050847
915368890,5495470052
5495470052,915368321
915368321,5495470053
5495470053,915369012
915368566,915369279
915369279,915368724
915368724,915368032
915368032,9730042243
9730042243,915368325
915368325,915369008
915369008,915368455
915368455,6114710885
6114710885,915369124
915369124,12765669151
12765669151,268212516
268212516,6560390436
6560390436,6560390437
6560390437,6560390438
6560390438,6560390439
6560390439,6560390440
6560390440,6560390441
6560390441,6560390442
6560390442,6560390443
6560390443,6560390444
6560390444,6560390445
6560390445,12258061771
12258061771,6560390446
6560390446,6560390447
6560390447,6560390448
6560390448,6560390449
6560390449,6560390450
6560390450,6560390451
6560390451,7188220134
11980190350,11980190349
11980190349,9743073672
9743073672,11955848030
9743073672,11980204990
11980204990,9743073673
9743073673,11980204983
11980204983,11980204979
11980204979,11980204984
11980204984,11980204982
11980204982,11980204973
9743073673,9743073675
9743073675,9743073676
9743073676,9743073677
9743073677,9743073678
9743073678,9743073679
9743073679,6436685294
9767010861,9767010862
9767010862,9767010863
9767010863,10976037066
10976037066,9861910927
9861910927,9767010864
9767010865,9767010866
9767010866,6436536503
11006944613,11006944612
11006944612,11006944611
11006944611,11006944610
11006944610,11006944609
11006944609,11006944608
11006944608,9767010868
9767010868,9061011386
9767010867,9767010869
9767010869,10975976067
10975976067,9767010870
10975976024,10975976023
10975976023,9767010871
9767010872,11645349785
11645349785,9767010874
883864314,9767010877
9767010877,11645349784
11645349784,9835235887
9835235887,9767010876
9767010876,9835235886
9835235886,9835235888
9835235888,9835235885
9835235885,9767010875
9767010875,9767010872
9767010872,11054455676
11054455676,9767010878
9767010879,563661913
10277516988,10277516989
10277516989,10277516987
10277516987,11054124682
11054124682,9767010880
9767010880,11054124683
11054124683,11017296782
9767010881,9767010882
9767010882,9767010883
9852498321,9852498322
9852498322,9852498323
9852498323,9852498324
9852498324,9767010888
9767010888,9852498320
9852498320,9767010889
9767010889,10989085316
10989085316,9852498319
9852498319,9767010890
9767010895,9767010896
9767010896,9852428403
9852428403,9852428404
9852428404,9852428405
9852428405,9767010897
9767010897,9852968165
9852968165,563662807
9767010898,9682279001
9682279001,9767010899
9767010899,9852812005
9852812005,9767010900
9767010900,9852812004
9852812004,9767010901
9767010901,9852812003
9852812003,9852812002
9852812002,9852812001
9767010902,9767010903
9767010903,9767010904
1754729467,9852811941
9852811941,9852811942
9852811942,9767010907
9767010907,9767010908
9852811936,9767010909
9767010909,9767010910
9767010911,9767010912
9767010912,9852957732
11672199911,11672150934
11672150934,11672150932
11672150932,11672199882
11672199882,9767027218
9767027218,11672199912
11672199912,11672199874
11672199874,11672150931
11672150931,9767027219
11672199874,11672199873
11672199873,11672199872
11672199872,11672199871
11672199871,9767027222
9767027222,9767027221
9767027221,11672199875
11672199875,9767027220
9767027224,9862151737
9862151737,9767027225
9767027225,9862151735
9862151735,9862151736
9862151736,11135984805
11135984805,9767027226
9767027228,10255363516
10255363516,9854764070
9854764070,9854764071
9854764071,12105672098
12105672098,7257620402
11655604855,9767027233
9767027234,9767027235
9767027235,947950522
947950458,9767027234
9767027234,9854764066
9854764066,9767027239
9767027239,9854764067
9854764067,9767027238
9767027238,9767027237
9767027237,9854764037
9854764037,9854764038
9854764038,9767027236
9767027236,9854764043
9854764043,9854764042
9854764042,9854764041
9854764041,9854764040
9854764040,9854764039
9854764039,11655598862
11655598862,11655598861
7230251876,9767027256
9767027256,9854757710
9854757710,9854796671
9854796671,9767027257
9767027257,9854796672
9854796672,9767027258
9767027258,9767027259
9767027259,9767027260
9767027260,9767027261
3644649516,9852542322
9852542322,9767027262
9767027262,9767027263
9767027263,9767027264
9767027264,9852428392
9852428392,943831259
2431986059,9767027274
9767027274,9767027275
9767027275,9865303959
9865303959,9767027276
9767027276,12738351460
12738351460,3288237564
9767027277,9767027278
11647666716,11647666715
11647666715,11647666714
11647666714,11647666713
11647666713,11647666712
11647666712,11647666711
11647666711,11647666710
11647666710,9767027281
9767027281,9767027282
9767027282,947950078
9767027282,9767027283
9767027283,6436119632
9767122081,10261859797
10261859797,1811703568
9767122081,9861741323
9861741323,9767122082
9767122082,9861741324
9861741324,9861741325
9861741325,9767122083
9767122083,10261859792
10261859792,9861741327
9861741327,10261859798
10261859798,9861741326
9861741326,9861749097
9861749097,1549892467
9767122081,9767122084
9767122084,9861741358
9861741358,9767122085
9767122085,9767122086
9767122086,1811703527
9767122087,10261849275
10261849275,10261849271
10261849271,10261849273
10261849273,9767122088
9767122088,11176256984
11176256984,1811703572
9767122096,9767122097
9767122097,9852813039
9852813039,9852813038
9852813038,9852813033
9852813033,9767122099
9767122099,9852813037
9852813037,9852813036
9852813036,9852813035
9852813035,9852813034
9852813034,9852813030
9852813030,9767122098
9767122098,9852813031
9852813031,9852813032
9852813032,9852813027
9852813027,9852813026
9852813026,9852813025
9852813025,9852813024
9852813024,9852813023
9852813023,9852813022
5339323482,11565005063
11565005063,5339323487
5339323487,5339323486
5339323497,267609494
267609494,5339323485
6657116970,5483954644
5483954644,267609415
267259282,5792664530
5792664530,5792664528
5792664528,5792664529
5792664529,5792664481
5339323485,621248527
621248527,621248528
11939765549,6742341827
5792664494,11607465282
11607465282,11607465283
11607465283,5793542073
3661513060,11939765553
11939765553,11939765552
11939765552,13506420294
13506420294,6742331776
6742331776,6742341847
6742341847,6742341851
267196291,6742331777
6742331777,6742331778
6742331778,6742341848
6742341848,6742341852
6742341852,267196343
9792407221,9792407220
9792407220,9792407219
9792407219,9792407218
9792407218,9792407217
9792407217,10613530996
10613530996,9792383716
9792383716,9792383707
9792407222,9792407232
9792407232,9792407233
9792407233,9792407234
9792407234,9792407235
9792407235,11152711089
11152711089,9792407236
412331452,7047751871
7047751871,9792407226
9792407226,9792407227
9792407227,9792407228
9792407228,9792407230
9792407230,9792407229
9792407229,9792407231
9792407231,9792407224
9792407224,9792407237
9792407237,9792407236
9792407236,9792407238
9792407238,9792407239
9792407239,9792407240
9792407240,9792407241
9792407241,9792407242
9792407242,9792407243
9792407243,9792407244
9792407244,9792407245
9792407224,11152711088
11152711088,9792407223
9792407223,9792407225
9792407225,9792407222
9794183553,267250997
267250997,267250996
267250996,9212682345
9212682345,1191294687
1191294687,267250995
9794183554,13506319761
13506319761,9794183552
9794183552,10264334423
10264334423,9794183547
9794183547,9794183548
9794183548,9794183549
9794183549,9794183550
9794183550,9794183553
4083435341,267250994
621248441,10869893105
10869893105,10264555488
10264555488,9843742069
9843742069,10264555480
10264555480,9794237531
9794237551,9794237547
9794237547,12247941869
12247941869,9794237546
9794237546,6436685291
6436685291,9794237545
9794237545,11980204980
11980204980,9794237544
9794237544,9794237543
9794237543,11980204989
11980204989,9794237542
9794237542,9843554412
9843554412,10225136820
10225136820,9794237541
9794237541,10262239807
10262239807,9843486086
9843486086,9794237540
9794237540,9794237539
9794237539,9794237538
9794237538,9794237548
9805344778,10264764686
10264764686,9805344779
9805344779,10264764657
10264764657,9805344780
6435672442,9832907234
9832907234,6435672441
6435672441,6435672440
6435672440,9827089038
9827089038,6435672439
9830262546,9830262545
9830262546,7238968773
7238968773,7238968772
9832240823,9832240827
9832240827,9832240824
9832240824,9832240826
9832240826,9832240825
9832240825,1765105597
9832240828,9832240829
1870091825,6734054808
9832907237,9832537025
9832537025,7239050898
11651921393,9832681717
9832681717,9832681718
9832681718,9832681719
9827239670,11651893636
11651893636,11651893635
11651893635,9832681723
9832681723,9832681722
9832681722,9832681724
9832681724,9832681725
9832681725,9832681720
9832681720,9832681726
9832681726,9832681721
10559272154,9832681727
9832681727,11645250652
9832864264,9832864265
11651894711,11651894710
11651894710,11651894709
11651894709,11651894708
11651894708,9832864266
9832864266,9832864268
9832864268,9832864267
9832907233,11651894711
11651894711,9832907234
9832907235,11651921391
11651921391,11651921393
11651921393,11651921392
11651921392,11651921394
11651921394,9832907236
9832537029,9832537028
9832537028,9832537027
9832537027,9832537031
9832537031,9832537026
9832537026,9832537030
9832537030,9832537025
6759289124,11645351305
11645351305,11645351304
11645351304,11645351303
11645351303,11645351302
11645351302,11645351301
11645351301,9833195394
9833195394,11645351300
9833195396,9833195397
1549835327,1549835338
1549835338,1549835319
1549835319,1549835333
1549835333,9835234352
9835234352,9835234351
9835234351,1549835361
1549836070,1549836033
1549836033,1549836051
1549836051,1549836062
1549836062,1549836040
9835672997,9835672996
9835672996,9835672995
9835672995,9835672994
9835672994,9835672993
9835672993,9835672992
9835672992,9835672991
9835672991,9835672990
9835672990,9835672989
9835672989,9835672988
9835672988,9835714227
9835673004,9835673005
9835673005,9835673003
9835673008,9835673007
9835673007,9835673006
9835673006,9835673005
9835673014,9835673013
9835673013,9835673012
9835673012,9835673011
9835673011,9835673010
9835673010,9835673009
9835714227,9835714226
9835714226,9835714225
9835714225,9835714224
9835714224,9835714223
9835714223,9835714222
9835714222,9835714221
9835714221,9835714220
9835714220,9835714219
9835714219,9835714218
9835714218,9835714217
9835714217,9835673008
9835673008,9835673016
9835673016,9835672998
9835672998,9835672999
9835672999,9835673000
9835673000,9835673001
9835673001,9835673002
9835673002,9835673015
1549836071,1549836066
1549836066,5179520916
5179520916,1549836043
9835714228,9835714229
9835714229,9835714230
9835714230,1549836071
9840673019,9840673018
9840673018,9840673017
9840673017,9840655316
9840655316,9840655315
9840655315,9840655314
9840655314,9840655313
9840655313,9840655312
9840655312,9840655311
9840655311,9840655310
9840655310,9840655309
9840655309,9840655308
9840655308,9840655307
9840655307,9840655306
9840655306,9840655305
9840673037,9840673036
9840673036,9840673035
9840673035,9840673034
9840673034,9840673033
9840673033,9840673032
9840673032,9840673031
9840673031,9840673030
9840673030,9840673029
9840673029,9840673028
9840673028,9840673027
9840673027,9840673026
9840673026,9840673025
9840673025,9840673024
9840673024,9840673023
9840673023,9840673022
9840673022,9840655305
9840655305,10978022884
10978022884,10302280600
4154369290,4798310789
2637094838,4154369290
1681456867,1681456866
1681456866,1681456865
1681456865,1681456864
1681456864,9843596762
9843596762,9841256778
9841256778,1681456863
1681456863,9841256779
9841256779,9843690057
9843690057,9841256780
6437460017,9840938196
6437460013,9840938198
4264404799,4264404792
4264402281,9841002596
4264404799,9841002597
9841002597,9841002598
9841002598,9841002599
9841002599,9841002600
9841002600,9841002601
9841002601,9841002602
9841002602,9841002603
9841002603,9841016344
9841016344,9841002604
9841002604,9841002605
9841002605,9841002606
9841002606,9841002607
9841002607,9841002608
9841002608,9841016345
9841016345,9841002609
9841002609,9841016346
9841016346,9841002610
9841002610,9841002611
9841002611,9841002612
9841002612,9841002613
9841002613,9841002614
9841002614,9841002615
9841002615,9841016343
9841016343,9841002616
9841002616,9841016317
9841016317,9841016342
9841016342,9841016318
9841016318,9841016319
9841016319,9841016320
9841016320,9841016321
9841016321,9841016322
9841016322,9841016323
9841016323,9841016324
9841016324,9841016325
9841016325,9841016326
9841016326,9841016327
9841016327,9841016328
9841016328,9841016329
9841016329,9841016330
9841016330,9841016331
9841016331,9841016332
9841016332,9841016333
9841016333,9841016334
9841016334,9841016335
9841016335,9841016336
9841016336,9841016337
9841016337,9841016338
9841016338,9841016339
9841016339,9841016341
9841016341,13368811070
4264404799,9841002596
9841232576,9841232577
9841232577,4264404804
4264404804,9841232578
9841232578,9841232579
9841232579,9841232580
9841232581,9841232582
9841232582,9841232583
9841232583,4264404801
4427779849,9843810244
9843810244,9841232597
9841232597,9841232598
9841232598,4427779860
4427779860,9841232602
9841232602,9841232599
9841232599,4427779851
4427779851,9841232600
9841232600,4427779845
4427779845,9841232601
9841232601,9841232589
9841232589,9841232591
9841232591,4427779868
9841256780,9841256781
9841256781,9843627498
9843627498,9841256791
9841256791,9841256782
9841256782,9841256790
9841256790,9841256783
9841256783,9841256789
9841256789,9841256784
9841256784,9841256788
9841256788,9841256785
9841256785,9843690039
9843690039,9841256786
9841256786,9841256787
6385251008,9841332829
9841332829,9841332828
9841332828,9841332844
9841332844,6385251007
4427779835,9841410524
9841410524,9843801984
9843801984,9843801983
9843801983,9841409610
9841409610,9843801982
9843801982,9841410525
9841410525,9841410528
9841410528,9841410526
9841410526,9841409611
9841409611,9841410527
9841410527,9841409612
4427780026,9841404749
9841404749,9841404735
9841404735,9841404736
9841404736,9841404737
9841404737,9841404738
9841404738,9841404739
9841404739,13457357182
13457357182,9841404740
9841404740,9841404753
9841404753,9841404741
9841404741,9841404742
9841404742,9841404743
9841404743,9841404744
9841404744,9841404745
9841404745,9841404750
9841404750,9841404746
9841404746,9841404762
9841404762,9841404751
9841404751,9841404767
9841404767,9841404747
9841404747,9841404748
9841404751,9841404752
9841002601,9841431428
9841431428,9841431429
9841431429,9841431430
9841431430,9841431431
9841431431,9841431432
9841431432,9841431440
9841431440,9841431433
9841431433,9841431434
9841431434,9841431435
9841431435,9841431436
9841431436,9841431437
9841431437,9841431438
9841431438,9841431439
9841431439,9841016336
9841431441,9841431442
9841431442,4264404812
9841431443,9841431444
9841431444,9841431445
9841431445,9843191391
9843191391,9841431446
9841431446,9841431447
9841431447,9841431448
9841431448,9841431450
9841431450,9841431449
9841452150,9841452151
9841452151,9841452171
9841452171,9841448311
9841448311,9841452152
9841452152,9841448304
9841448304,9841448308
9841448308,9841452153
9841452153,9841452154
9841452154,9841452155
9841452155,9841452156
9841452156,9841452160
9841452160,9841452157
9841452157,9841448306
9841448306,9843147241
9843147241,9841452158
9841452158,9843147240
9843147240,9841452159
9841452161,9841452162
9841452162,9841452168
9841452168,9841452163
9841452163,9841452169
9841452169,9841452170
9841452170,9841452159
9841452159,9841452166
9841452166,9841452164
9841452164,9841452167
9841452167,9841452165
9841452165,4798310797
9841452169,9841448299
9841448299,9841448300
9841448300,9841448305
9841448305,9841448301
9841448301,9841448302
9841448302,9843147242
9843147242,9841448303
9841448303,9841448304
9841448304,9843596780
9843596780,9843596719
9843596719,9843596803
9843596803,9843596720
9843596720,9843596721
9843596721,9843596722
9843596722,9843596723
9843596723,9843596724
9843596724,9843596779
9843596779,9843596725
9843596725,9843596726
9843596726,9843596727
9843596727,9843596778
9843596778,9843596728
9843596728,9843596777
9843596777,9843596729
9843596729,9843596730
9843596730,9843596731
9843596731,9843596776
9843596776,9843596732
9843596732,9843596774
9843596774,9843596733
9843596733,9843596734
9843596734,9843596775
9843596775,9843596735
9843596735,9843596773
9843596773,9843596736
9843596736,9843596737
9843596737,9843596771
9843596771,9843596738
9843596738,9843596772
9843596772,9843596739
9843596739,9843596770
9843596770,9843596740
9843596740,9843598721
9843598721,9843596741
9843596741,9843596742
9843596742,9843596743
9843596743,9843596744
9843596744,9843596745
9843596745,9843596746
9843596746,9843596747
9843596747,9843596769
9843596769,9843596748
9843596748,9843596768
9843596768,9843596749
9843596749,9843596750
9843596750,9843596751
9843596751,9843596767
9843596767,9843596752
9843596752,9843596753
9843596753,9843596754
9843596754,9843596766
9843596766,9843596755
9843596755,9843596756
9843596756,9843596757
9843596757,9843596758
9843596758,9843596763
9843596763,9843596764
9843596764,9843596759
9843596759,9843596760
9843596760,9843596761
9843596761,9843596765
9843596765,9843596796
9843596796,9843596762
9841448305,9841448307
9841448307,9841448306
9841448307,9841448308
9841448309,9843147260
9843147260,9843147262
9843147262,9843147264
9843147264,9841448312
9841448312,9841448310
9841448310,9841448313
9841448313,9841448314
9841448314,9841448311
4798310796,9843139886
9843139886,9843139887
9843139887,9843139888
9843139888,9843139889
9843139889,9843139890
9843139890,9843139891
9843139891,9843139892
9843147243,9843147244
9843147244,9843147245
9843147245,9843147246
9843147246,9843147247
9843147247,9843147248
9843147248,9843147249
9843147249,9843147250
9843147250,9843147251
9843147251,9843147252
9843147252,9843147253
9843147253,9843147254
9843147254,9843147255
9843147255,9843147256
9843147256,9843147257
9843147257,9843147258
9843147258,9843147259
9843147264,9843147265
9843191364,9843191365
9843191368,9843191370
9843191370,9843191369
9843191371,9843191387
9843191387,9843191386
9843191386,9843191372
9843191372,9843191385
9843191385,9843191388
9843191388,9843191384
9843191384,9843191373
9843191373,9843191383
9843191383,9843191374
9843191374,9843191382
9843191382,9843191381
9843191381,9843191375
9843191375,9843191380
9843191380,9843191379
9843191379,9843191376
9843191376,9843191378
9843191378,9843191377
9843191389,9843191390
9843191391,9843191396
9843191396,9843191394
9843191394,9843191392
9843191392,9843191395
9843191395,9843191393
4264402266,4264402268
4264402268,9841002590
9841002590,4264402272
4264402272,4264402274
4264402274,9843191361
9843191361,4264402277
4264404793,4264404795
4264404795,4264404797
4264404797,4264404796
4264404796,4264404794
4264404794,9843191358
9843191358,4264404792
4264404792,4264404790
4264404790,4264402288
4264402288,4264402286
9843219466,9843219471
9843219471,9843219467
9843219467,9843219470
9843219470,9843219474
9843219474,9843219473
9843219473,9843219468
9843219468,9843219472
9843219472,9843219469
6735320192,9843219480
9843219480,9843219481
9843219481,9843219482
9843219482,9843219483
9843219483,9843219484
9843219484,9843219485
9843219485,9843219486
9843219488,9843219489
9843242437,13344490958
13344490958,13344490957
13344490957,13344490959
13344490959,13344490956
13344490956,9843242436
9843242436,9843242438
9843242438,9843242435
9843242435,9843242439
9843242439,9843242434
9843242434,9843242433
9843242433,9843242442
9843242442,9843242440
9843242440,9843242432
9843242432,9843242431
9843242431,9843242441
9843242441,9843242430
9843242430,9843242429
9843242429,9843242426
9843242426,9843242443
9843242443,9843242427
9843242427,9843242446
9843242446,9843242444
9843242444,9843242428
9843242428,9843242445
9843242445,9843242447
9843242447,9843242448
9843242448,9843242450
9843242450,9843242451
9843242451,9843242449
9843242449,9843242452
9843242452,9843242453
9843242453,9843242454
9843242454,6385250995
6385250995,9843242457
9843242457,9843242456
9843242456,9843242455
9843242455,9843242461
9843242461,9843242458
9843242458,6385250994
6385251002,6385250993
6385250993,9843242464
9843242464,9843242465
9843242465,6385251009
6385251009,6385250992
6385250992,9843242466
9843242466,9843242463
9843242463,6385250991
6385250991,9843242467
9843242467,9843242462
9843342511,9843810255
9843810255,9843342512
9843342512,1681489033
1681489033,9843242469
9843242469,1681489006
1681489006,9843242468
9843242468,1681489001
1681489001,9843810250
9843810250,9843810254
9843810254,1681456893
9843242432,9843242497
9843242497,9843242498
9843242498,9843242499
9843242499,9843242500
9843242500,9843242501
9843242501,9843242502
9843242502,9843242503
9843242503,9843242504
9843242504,9843242505
9843242505,9843242506
6385250999,9843255719
9843255719,6385290925
6385290925,9843255721
9843255721,9843255720
9843255720,9843255722
9843255722,9843255723
9843255723,6385250998
6385250998,9843255724
9843255724,6385250997
6385250997,10254668961
10254668961,10254668962
10254668962,10254668963
10254668963,10254668964
10254668964,10254668965
10254668965,10254668966
10254668966,10254668967
10254668967,10254668968
10254668968,10254668969
10254668969,10254668970
10254668970,9843342500
9843242462,9843342487
9843342487,9843342488
9843342488,9843342509
9843342509,9843342489
9843342489,9843342490
9843342490,9843342491
9843342491,9843342510
9843342510,9843342492
9843342492,9843342493
9843342493,9843342508
9843342508,9843342507
9843342507,9843342494
9843342494,9843342495
9843342495,9843342506
9843342506,9843342503
9843342503,9843342496
9843342496,9843342497
9843342497,9843342504
9843342504,9843342498
9843342498,9843342499
9843342499,9843342505
9843342505,9843342500
9843342500,9843342501
9843342501,9843342502
9843554414,9843486079
9843486079,10262239804
10262239804,6531655534
9843486081,9843486079
9843486079,9843486080
10262247247,11620891224
11620891224,11620891219
11620891219,11620891220
11620891220,11620891221
11620891221,11620891222
11620891222,11620891223
11620891223,10262247246
10262247246,10262247244
10262247244,10262247242
10262247242,9843486087
9843486087,11620891218
9843524718,9843524717
10991760777,10991760778
10991760778,10991760779
10991760779,10991760780
10991760780,10991760781
10991760781,10991760782
10991760782,10991760783
10991760783,10991760784
10991760784,10991760785
10991760785,10991760787
10991760787,10991760788
10991760788,10991760789
10991760789,10991760797
10991760797,10991760790
10991760790,10991760791
10991760791,10991760792
10991760792,10991760777
9843536994,9843536993
9843536998,9843536997
9843537004,9843537003
9843537003,9843555988
9843555988,9843555989
9843540640,9843537009
9843540617,9843537016
9843537016,9843537015
9843537015,9843537014
9843537014,9843540618
9843540618,9843537013
9843537013,9843880925
9843880925,9843880924
9843880924,9843880923
9843880923,9843880922
9843880922,9843880921
9843880921,9843880920
9843540621,9843540623
9843540623,9843540619
9843540619,9843540618
9843540622,9843540621
9843540621,9843540620
267259970,9843540638
9843540638,9843540637
9843540637,9843540636
9843540636,9843540635
9843540635,9843540634
9843540634,9843540633
9843540633,9843540632
9843540632,9843540631
9843540631,9843540630
9843540630,9843540629
9843540629,9843880931
9843880931,9843540620
9843540620,9843880929
9843880929,9843540628
9843540628,9843880927
9843880927,9843540627
9843540627,9843540626
9843540626,9843540625
9843540625,9843540624
9843540624,9843540623
5345583344,5345583343
5345583343,5345583342
5345583342,5345583337
5345583337,5345583341
5345583341,5345583338
5345583338,5345583340
9843555975,9843616381
9843616381,9843555974
9843555977,9843616382
9843616382,9843555976
9843554407,10262211496
10262211496,9843554406
9843554413,9843554412
9843554412,9843554411
9843554411,9843554410
9843554410,9843554409
9843554409,9843554407
9843554407,9843554408
9843554416,9843554415
11980190351,10262211504
10262211504,11980190354
9843579527,9843579525
9843579525,9843579526
9843596781,9843596802
9843596802,9843596782
9843596782,9843596801
9843596801,9843596783
9843596783,9843596784
9843596784,9843596799
9843596799,9843596785
9843596785,9843596800
9843596800,9843596786
9843596786,9843596787
9843596787,9843596798
9843596798,9843596788
9843596788,9843596797
9843596797,9843596789
9843596789,9843596790
9843596790,9843596791
9843596791,9843596792
9843596792,9843596793
9843596793,9843596794
9843596794,9843596795
9843596795,9843596796
9843596803,9843596804
9843596804,9843596812
9843596812,9843596811
9843596811,9843596805
9843596805,9843596810
9843596810,9843596808
9843596808,9843596806
9843596806,9843596809
9843596809,9843596807
9843596807,9843601675
9843601675,9843601673
9843601673,9843601676
9843601676,9843601674
9841448310,9843596814
9843596814,9843596813
9843596813,9843596815
9843596815,9843596804
9843596816,9843598717
9843598717,9843598722
9843598722,9843598723
9843598723,9843598718
9843598718,9843598719
9843598719,9843598720
9843598720,9843598721
9843598785,9843598784
9843598784,9843598808
9843598808,9843598783
9843598783,9843598807
9843598807,9843598804
9843598804,9843598806
9843598806,9843598782
9843598782,9843598805
9843598805,9843598781
9843598781,9843598780
9843598780,9843598810
9843598810,9843598779
9843598779,9843598809
9843598809,9843598778
9843598778,1681488988
1681488988,9843598826
9843598826,9843598776
9843598776,9843598772
9843598772,9843598775
9843598775,9843598771
9843598771,9843598777
9843598777,9843598770
9843598770,9843598769
9843598769,9843598773
9843598773,9843598768
9843598768,9843598767
9843598767,9843598774
9843598774,1681489049
1681489049,9843598763
9843598763,9843598766
9843598766,9843598764
9843598764,9843598765
9843598765,9843596750
9843598785,9843598786
9843598786,9843598787
9843598787,9843598788
9843598788,9843598789
9843598789,9843598790
9843598790,9843598803
9843598803,9843598791
9843598791,9843598792
9843598792,9843598802
9843598802,9843598793
9843598793,9843598794
9843598794,9843598801
9843598801,9843598795
9843598795,9843598796
9843598796,9843598797
9843598797,9843598798
9843598798,9843598799
9843598799,9843598800
1681488879,9843601668
9843601668,9843601669
9843601669,9843601659
9843601659,9843601660
9843601660,9843601661
9843601661,9843601670
9843601670,9843601662
9843601662,9843601671
9843601671,9843601663
9843601663,9843601664
9843601664,9843601665
9843616382,9843616381
9843616381,10264764662
10264764662,10264764660
10264764660,9843616380
3744089287,3744089288
9843616399,11618390473
11618390473,11618390474
11618390474,11618390472
11618390472,11618390471
11618390471,9843616398
9843616398,9843616397
9843616397,9843616396
10991849337,10991849336
10991849336,10991849335
10991849335,10991849334
10991849334,10991849333
10991849333,10991849332
10991849332,11621124388
11621124388,11621124389
11621124389,10991849331
10991849331,9843616406
9843616410,10991849338
10991849338,10991849341
10991849341,9843616409
9843690041,9843690045
9843690045,9843690047
9843690047,9843690042
9843690042,9843690048
9843690048,9843690046
9843690046,9843690043
9843690043,9843690050
9843690050,9843801977
9843801977,9843690044
9843690044,9843801981
9843801981,9843801980
9843801980,9843801979
9843801979,9843690038
9843690038,9843690030
9843690030,9843690053
9843690053,9843690037
9843690037,9843690052
9843690052,9843690036
9843690036,9843690035
9843690049,9843801976
9843801976,9843690050
9841256780,9843690056
9843690056,9843690058
9843690058,1681456862
1681456862,1681456858
1681456858,1681456855
9843742115,9843742073
9843742073,9843742114
9843742114,9843742111
9843742111,9843742113
9843742113,9843742112
9843801976,9843801975
9843801978,9843801975
9843801975,9843801977
9843810249,9843810248
9843810248,9843810247
9843810247,9843810246
9843810246,9843810245
9843810245,9843810244
9843242475,9843242474
9843242474,9843810255
1681488726,9843242490
9843242490,1681456830
1681456830,1681456842
1681456842,1681456848
1681456848,9843601678
9843601678,1681456850
1681456850,9843601677
9843601677,1681456851
1681456851,1681456857
1681456857,9843601680
9843601680,1681456869
1681456869,9843601679
9843601679,1681456871
1681456871,9843601682
9843601682,1681456876
1681456876,9843601681
9843601681,1681456877
1681456877,1681456884
1681456884,9843601683
9843601683,9843810254
9843769710,9843769709
9843769709,9843769708
9843769708,9843769707
9843769707,9843769706
9843880919,9843880918
9843880918,9843880917
9843880917,9843769716
9843769716,9843769706
9843769706,9843769715
9843769715,9843769714
9843769714,9843769713
9843769713,9843769712
9843769712,9843769711
9843880927,9843880926
9843880929,9843880928
9843880931,9843880930
267259949,267259950
267259950,9843495816
9843880938,9843880937
9843880937,9843880936
9843880936,9843880935
9843880935,3734063089
1271983680,9843880939
9843880939,9843880943
9843880943,9843880942
9843880942,9843880941
9843880941,10264741965
10264741965,9843524717
9843524717,9843880940
9852498320,9852498318
9852498318,9852498317
9852498317,9852428416
9852428416,9852428415
9852498340,9852498339
9852498339,9852498338
9852498338,9852498337
9852498337,11647785423
11647785423,11647785431
11647785431,9852498335
9852498335,9852498336
9852498336,11647785419
11647785419,11647785420
11647785420,11647785421
11647785421,11647785422
9852498344,9852498343
9852498369,11647450956
11647450956,9852498345
9852498345,9852498344
9852498344,9852498368
9852498368,9852498349
9852498349,11647450952
11647450952,9852498367
9852498367,9852498366
9852498349,9852498353
9852498366,9852498365
9852498365,9852498364
9852498364,9852498363
9852498363,9852498362
9852498362,9852498361
9852498361,9852498360
9852498360,11647450953
11647450953,9852498359
9852498359,9852498358
9852498358,9852498357
9852498357,9852498356
9852498356,9852498355
9852498355,9852498354
9852498354,9852498353
9852498353,9852498352
9852498352,9852498351
9852498351,9852498343
9852498343,9852498350
9852498350,9852498348
9852498348,9852498347
9852498347,9852498346
9852498346,9852498345
9852498380,7257565805
7257565805,9852498379
9852498379,9852498378
9852498378,7257565804
7257565804,7257565803
7257565803,7257565802
9852498407,9852498408
9852498408,9852498409
9852498409,9852498410
9852498410,9852498411
9852498411,9852498423
9852498423,9852498412
9852498412,9852498413
9852498413,9852498414
9852498414,9852498415
9852498415,9852498416
9852498416,9852498417
9852498417,9852498418
9852498418,9852498419
9852498419,9852498420
9852498420,9852498421
9852498421,9852498422
9852498422,9852498424
9852498424,9852498401
9852498401,9852498402
9852498402,9852498403
9852498403,9852498404
9852498404,9852498405
9852498405,9852498406
9852498406,9852498407
9852498393,9852498386
9852498386,9852498385
9852498385,9852498384
9852498384,9852498383
9852498383,9852498382
13594439268,13594439294
13594439294,11672311714
11672311714,9852498398
9852498398,9852498397
9852498397,9852498396
9852498396,9852498395
9852498395,9852498394
9852498394,13594439293
13594439293,9852498393
9852498393,9852498392
9852498392,9852498391
9852498391,9852498390
9852498390,9852498389
9852498389,9852498382
9852498382,13594439286
13594439286,11672311702
11672311702,9852498388
9852498388,11672311724
11672311724,11672257762
11672257762,11672257763
11672257763,9852498387
9852498400,11672257765
11672257765,11672257764
11672257764,11672311723
11672311723,13594347081
13594347081,9852498408
9852527182,9852527159
9852527159,9852527158
9852527158,9852527157
9852527157,9852527156
9852527156,9852620153
9852620153,9852527155
9852527155,9852620159
9852620159,9852620158
9852620158,9852620157
9852620157,9852620156
9852620156,9852620155
9852620155,10271129634
10271129634,9852620154
9852620154,10271129622
9852527161,9852527160
9852527160,9852527170
9852527170,9852527165
9852527165,9852527164
9852527164,9852527163
9852527163,9852527162
9852527162,3644533696
9852527171,11648375252
11648375252,9852527169
9852527169,9852527168
9852527168,9852527167
9852527167,9852527166
9852527166,11648375247
11648375247,9852527161
356742450,9852527194
9852527194,9852527193
9852527193,9852527192
9852527192,9852527191
9852527191,9852527190
9852527190,9852527189
9852527189,9852527188
9852527188,9852527187
6657447327,11648546454
11648546454,11648546455
11648546455,11648546463
11648546463,11648561397
11648561397,10727188569
10727188569,1749437287
9852527203,9852527204
7220672399,9852527203
9852428389,9852542323
9852542323,9852542343
9852542340,9852542324
9852542324,9852428389
9852542336,9852542325
9852542325,9852542326
9852542326,9852542327
9852542327,9852542331
3742305551,11648409350
11648409350,943831400
943831400,9852542331
3178456102,9852542345
9852542345,9852542347
9852542347,9852542334
9852542334,9852542335
9852542335,9852542336
9852542336,9852542337
9852542337,3178456103
9852542331,9852542328
9852542328,9852542329
9852542329,9852542330
9852542330,3178456103
3178456103,9852542338
9852542338,9852542339
9852542339,9852542346
9852542346,9852542340
9852542340,9852542341
9852542341,9852542342
9852542342,9852542343
9852542343,9852542344
9852542344,3178456102
9852620153,9852620152
9852811939,10302340972
10302340972,9852811934
9852811934,9852811933
9852811933,9852811932
9852811932,9852811931
9852811931,9852811930
9852811930,9852811929
9852811929,9852811928
9852811953,9852811952
9852811959,9852811949
9852811949,9852811951
9852811951,9852811953
9852811953,9852811958
9852811958,9852811957
9852811957,9852811956
9852811956,9852811955
9852811955,9852811954
9852811968,9852811962
9852811962,9852811963
9852811963,9852811969
9852811969,9852811970
9852811970,9852811971
9852811971,1754729481
9852811970,9852811961
9852811961,9852811967
9852811967,9852811966
9852811966,9852811965
9852811965,9852811964
9852811964,9852811968
3745099608,9852811983
9852811983,9852811982
9852811982,9852811981
9852811981,9852811980
9852811980,9852811979
3745099608,9852811988
9852811988,9852811987
9852811987,9852811986
9852811986,9852811984
9852811984,11565005048
11565005048,9852811985
9852812000,9852811999
9852811999,9852811998
9852811998,9852811997
9852811997,9852811996
9852811996,9852811995
9852813029,9852813028
9852864646,9852864645
9852864645,9852864644
9852864644,9852864643
9852864643,9852864642
9852864642,9852864641
9852864641,6657447451
6657447451,9852864640
9852864640,9852864639
9852864639,9852864638
9852864638,9852864637
9852864637,6657552018
9852864657,9852864656
943830836,563662816
9852864660,9852864659
8757909117,9852864683
943831286,943831370
943831370,6436198952
6436198952,943831119
943831119,9852957741
9852957741,9852957740
9852957740,9852957739
9852957739,9852957742
9852864690,9852864689
9852864689,9852864688
9852864688,9852864687
9852864687,9852864686
9852864686,9852864685
9852957723,9852957722
9852957722,9852957721
9852957721,9852957720
9852957720,9852957719
9852957719,9852957718
9852957718,9852957717
9852957717,9852929816
9852929816,9852929815
9852929815,9852929814
9852957729,9852957728
9852957728,9852957727
9852957727,9852957726
9852957726,9852957725
9852957725,9852957724
9852968165,9852968164
9852968164,9852968163
9852968163,9852968162
9852968162,9852968161
9852968161,9852968160
7227429678,7227429677
7227429677,7227429676
7227429676,9853189379
9853189379,7227429675
7227429675,7227429684
7227464188,11135915904
11135915904,9853189382
9853189382,7227464186
7227464186,9853189383
9853189383,7227464185
7227464185,9853189384
9853189384,7227429684
7222233548,9854685960
9854685960,9854685959
9854685959,9854685958
9854685958,11644963115
11644963115,11644963116
3731950237,9854685963
9854685963,9854685962
9854685962,9854685961
9854685961,3731950238
3731950238,3731950240
3731950240,3731950239
7220671083,9854796653
9854796653,9854757702
9854757702,9854757701
9854757701,9854757700
9854757700,9854757699
9854757699,9854757698
9854757698,9854757697
9854757697,9854757696
9854757696,9854796673
9854796673,9767027248
6737646114,12919003035
12919003035,6737646108
6737646108,9854757712
9854757712,9854757711
9854764021,9854764020
9854764020,9854764019
9854764019,9854764017
9854764017,9854764018
11647561829,11647561828
11647561828,11647561827
11647561827,11647561826
11647561826,11647561825
11647561825,11647561824
11647561824,11647561823
11647561823,9854764026
9854764026,9854764025
9854764025,9854764024
9854764024,9854764023
9854764023,11647561817
11647561817,9854764022
9854764022,11647561818
11647561818,11647561819
11647561819,11647561820
11647561820,11647561821
11647561821,11647561822
9854764036,9854764035
9854764045,9854764044
9854764074,9854764061
9854764061,9854764060
9854764060,9854764059
9854764059,9854764058
9854764058,9854764057
9854764057,9854764056
9854764056,9854764055
9854764055,11655568225
11655568225,7257565262
9852527210,9854796654
9854796662,9854796661
9854796661,9854796658
9854796658,9854796660
9854796660,9854796659
9854796670,9854796669
9854796669,11648445637
11648445637,9852968145
9852527211,9854917350
9854917350,9854917349
9854917349,9854917348
9854917348,9854917347
9854917347,9854917346
9854917346,9854917345
9854917345,9854917344
9854917344,9854917343
9854917343,9854917342
9854917342,9854917341
9854917360,9854917359
9854917359,9854917358
9854917358,9854917357
9854917357,9854917356
9854917356,11655637410
11655637410,9854917355
9854917362,9854917361
9854917361,10255363537
10255363537,10255363535
10255363535,10255363536
9854933640,9854933641
1870091833,6657116910
6657116898,947950223
563659600,6655403302
563659598,6655403297
9179109960,11877397365
9857860386,9857860385
9857860385,9857860384
9857860384,9857860383
9857860383,9857860382
9857860382,9857860381
9857860381,9857860380
9857860380,9857860379
9857860379,10230413734
10230413734,10230413735
10230413735,10230413736
10230413736,10230413737
9859502219,11182825697
11182825697,9859502218
9859502218,9859502217
9859502217,9859489016
9859489016,9859489015
9859489015,9859489014
9859489014,9859489013
9859489013,9859489012
9859489012,9859489011
9859489011,9859489010
9859489010,9859489009
9859489009,9859489008
9859489008,9859489007
9859489007,9859489006
9859489006,9859489005
9859489005,9859488998
9859488998,9859489004
9859489004,9859489003
9859489003,9859489002
9859489002,9859489001
9859489001,9859489000
9859489000,9859488999
9859488999,9859488997
9859488997,9859488996
9859488996,9859488995
267259264,9859508692
9859508692,267259254
7429323051,9859508699
9859508699,7429323050
7429323050,7429323049
7429323049,12246298442
12246298442,7429323040
6680295285,3007872787
3007872787,2697726584
2697726584,3642436885
3642436885,943831323
3642421051,9859986537
3642421047,3642421051
370584167,621248457
621248457,621248458
621248458,621248459
621248459,370584170
370584170,621248460
621248460,370584172
370584172,621248461
621248461,370584175
1800565239,1800565249
1800565249,1800565248
1800565248,1800565253
1800565253,1800565244
1800565244,1800565251
1800565251,1800565245
1800565245,1800565250
1800565250,1800565247
1800565247,1800565240
3745722863,3745722857
3745722857,3745722852
3745722852,3745722844
3745722844,3745722838
3745722838,3745722831
3745722831,3745722829
3745722829,3745722830
3745722830,3745722833
6666377300,12247930686
12247930686,3745722843
3745722867,12247930689
12247930689,6666377302
7615445001,9859986602
9859986602,9859986603
9859986603,9859986604
9859986604,9859986605
9859986605,9859986606
9859986606,9859986607
9859986607,9859986608
9859986608,9859986609
9859986609,9859986610
9859986610,9859986611
9859986611,9859986612
9859986612,9859986613
9859986613,9859986614
9859986614,9859986615
3745741979,3745741976
3745741976,3745741975
3745741975,3745741978
3745741978,3745741983
3745741983,3745741987
3745741987,9861689349
9861689349,3745741990
3745741990,3745741993
3745741993,3745741999
6776599550,12247930676
12247930676,9859986623
9859986623,9859986624
9859986624,9859986625
9859986625,9859986626
9859986626,9859986627
9859986627,9859986628
9859986629,9859986630
9859986630,9859986631
9859986631,9859986632
9859986632,9859986633
9859986633,9859986634
9859986634,9859986635
9859986637,12247930698
12247930698,9859986638
3742424993,12247930675
12247930675,9859986639
9859986639,9859986640
9859986640,9859986641
9859986641,9859986642
9859986642,9859986643
9859986643,9859986644
9859986644,9859986645
9859986645,9859986646
9859986646,9859986647
9859986647,9859986648
3744313590,9859979929
9859979929,9859979930
9859979930,11897385684
11897385684,9859979931
9859979931,9859979932
9859979932,9859979933
9859979933,9859979934
9859979934,9859979935
9859979935,9859979936
9859979936,9859979937
9859979937,3661544619
9859979964,9859979967
9859979967,9859979966
9859979966,6224287699
6224287699,12921421890
12921421890,3007872783
943831815,6507362247
6507362247,9859979974
9859979974,9859979973
9859979973,9859979971
9859979971,9859979972
9859979972,3642431686
943831196,943831295
943831295,9859979970
9859979970,9859979969
9859979969,943831239
943831239,943831415
6593517829,9860086808
9860086808,910450694
6593517834,9860086809
9860276806,9860276805
9860276805,9860276804
9861689346,9861689345
9861689348,9861689347
9861689351,12247930694
12247930694,9861689347
9861689347,9861689350
9861689350,9861689349
9861738095,11150102599
11150102599,9861738097
9861738097,10261859760
10261859760,9861738096
9861738096,9861738107
9861738107,9861738108
9861738108,9861738109
9861738109,9861738110
9861738110,9861738111
9861738111,9861738112
9861738112,9861738113
9861738113,10261859757
10261859757,9861738114
9861738114,9861741320
9861741320,9861738115
9861738115,9861738116
9861738116,9861741317
9861741317,12094747702
12094747702,9861738098
9861738097,10261859767
10261859767,12094747701
12094747701,9861738098
11150102596,9861738099
9861738099,9861738103
9861738103,9861738100
12094747709,11150090853
11150090853,10261879736
10261879736,12094747714
12094747714,9861741320
9861741321,11150090852
11150090852,10261879734
10261879734,9861741322
9861741328,9861741329
9861741335,11150168104
11150168104,9861741336
11150102596,10261859770
10261859770,9865233950
9865233950,9861741353
9861741353,9861741354
9861741354,9861741355
9861741355,9861741356
9861741356,9861741357
9861749097,10261859801
10261859801,9861749098
6436339420,9861821190
9861821190,6436339419
6436339419,11644748479
11644748479,6436339418
6436339418,6436339417
6436339417,10254891683
10254891683,10254891684
10254891684,10254891685
10254891685,10254891686
10254891686,10254891687
10254891687,10254891688
6436727000,11135925309
11135925309,9861821197
3739060401,9861821208
9861821208,9861821207
9861821207,9861821206
9861821206,9861821205
9861821205,9861821204
9861821204,9861821203
9861821203,9861821200
9861821200,9861821199
9861821199,9861821213
9861821213,9861821197
9861821197,9861821212
9861821212,9861821211
9861821211,9861821210
9861821210,9861821209
9861821209,9861821198
9861821198,9861821196
9861821196,9861821202
9861821202,9861821201
9861821201,3739060401
9861821200,9861840819
9861840819,11135925308
11135925308,6436726993
3739060398,9861821214
9861821214,9861821215
9861821215,9861821216
9861821216,9861840817
9861840817,9861840818
9861840818,9861840819
9861859016,9861895617
9861895617,9861895618
9861910928,10975955802
10975955802,9861910929
9861910929,9861910930
9861910930,9861910931
9861910931,9861910932
9861910932,11841922700
11841922700,9861910933
9861910933,9861910934
9861910934,9861910935
9861891813,12159147302
12159147302,13161810461
13161810461,9861891814
9861891814,9861891815
9861891815,1549892455
1549892455,12159111685
12159111685,9874717756
9874717756,9861910917
9861910917,9861910918
9861971783,9867367342
9867367342,9861910921
9861910921,267193233
9861971784,9861971785
9861971785,9861971788
9861971788,9861971783
6438177292,9861987635
9861987635,9861987637
9861987637,9861987636
9861987636,6438177291
6438177291,9861987645
9861987645,6438177290
6438177290,9861987646
9861987646,6438177289
6438177289,6438177288
6438177288,6438177287
6438177287,9861987647
9861987647,6438177286
6438177286,9861987648
9861987648,6438177285
4231806632,4231806636
4231806636,9861987656
9861987656,9861987655
9861987655,9861987654
9861987654,4231806638
4231806638,4231806640
563661893,11672218353
11672218353,11672199848
11672199848,11672199850
11672199850,9862064621
4809558315,11645298001
11645298001,563661895
563661895,11672262825
11672262825,309862883
309862883,6655403066
9862064690,11672318315
11672318315,11672318314
11672318314,9862064698
9862064698,11672318306
11672318306,11672318308
11672318308,11672318309
11672318309,9862064691
9862064692,11672318313
11672318313,11672318312
11672318312,9862064693
9862064693,9862064694
9862064694,9862064695
9862064695,9862064696
9862064696,9862064697
9862064697,9862064698
11150090849,11150102600
11150102600,9862064700
9862068919,9862068920
9862068920,9862068921
12816033374,12815965480
12815965480,12816033296
12816033296,12816033309
12816033309,10978020679
10978020679,9862064909
9862064909,9862064908
9862064908,9862064907
9862064907,9862064906
9862064906,9862064905
9862064905,9862064904
9862064904,9862064903
9862064903,9865165533
9865165533,9865165534
9865165534,9865165535
9865165535,9865165536
9865165536,6929777581
6998127080,9865224315
6998127077,9865224316
267193394,9865226817
267193390,6998127063
6576529269,267193245
267193245,267193246
267193246,13146415096
13146415096,9865315018
9865315018,9865315017
9865315017,9865315021
9865315021,13146415097
13146415097,9865315020
9865315020,9865315019
9865315019,6576529268
9865315024,11671816566
11671816566,11671782249
11671782249,9865315025
9865315025,9865315026
9865315026,9865315027
9865315027,9865315028
9865315028,9865315029
9865315029,9865315030
9865315030,11671782248
11671782248,9865315031
9865315031,9865315032
9865315032,11671782240
11671782240,11671782244
11671782244,9865315033
9865315033,9865315034
9865315034,9865315035
9865315035,9865315036
9865315036,9865315037
9865315037,9865315038
9865315038,9865315039
9865315039,11671816565
11671816565,6576529268
9865344503,10261766580
10261766580,10261766574
10261766574,13594795926
13594795926,9865344504
9865344504,13594795934
13594795934,13594795935
13594795935,13594795943
13594795943,10261798919
10261798919,10261798923
10261798923,9865344505
9865344505,10248637107
10248637107,9865344506
9865344506,10248673011
10248673011,9865344507
9865344507,9865344508
9865344508,10248673016
10248673016,9865344509
9865344509,9865344510
9865344510,9865344511
9865344511,9865344512
9865344512,9865344514
9865344514,9865344513
9865344513,10248673019
10248673019,9865315044
9865646861,9865646862
9865646862,9865646863
9865646864,9865646865
9865646865,9865646866
12094716898,9865098983
9865098983,10261849298
10261849298,11150102595
11150102595,1811703517
3739919793,3739919842
3739919842,3739919847
3739919847,9867883802
9867883802,9869908702
9869908702,9869908703
9869908703,3739919849
3739919849,9867883801
9868027716,9868027715
9868027715,9868027714
9868027714,9868027713
9868027713,9868027712
9868027712,9868027711
9868032721,9867707114
9868032617,9868032814
9868032752,9868032711
9868032711,9868032710
9868032710,9868032709
9868032709,9868032708
9868032708,9868032707
9868032707,9868032706
9868032706,9868032705
9868032705,9868032704
9868032704,9868032703
9868032703,9868032702
9868032702,9868032701
9868032701,9868032700
9868032700,9868032699
9868032699,9868032698
9868032698,9868032697
9868032697,9868032696
9868032696,9868032695
9868032695,9868032694
9868032694,9868032693
9868032693,9868032692
9868032692,9868032691
9868032691,9868032690
9868032690,9868032689
9868032689,9868032688
9868032688,9868032687
9868032687,9868032686
9868032686,9868032685
9868032685,9868032684
9868032684,9868032683
9868032683,9868032682
9868032682,9868032681
9868032681,9868032680
9868032680,9868032679
9868032679,9868032678
9868032678,9868032677
9868032677,9868032676
9868032676,9868032675
9868032675,9868032674
9868032674,9868032673
9868032673,9868032672
9868032672,9868032671
9868032721,9868032720
9868032720,9868032719
9868032719,9868032718
9868032718,9868032717
9868032717,9868032716
9868032716,9868032715
9868032715,9868032714
9868032714,9868032713
9868032713,9868032712
9868032712,9868032745
9868032759,9868032737
9868032737,9868032736
9868032736,9868032735
9868032735,9868032734
9868032734,9868032733
9868032733,9868032732
9868032732,9868032731
9868032731,9868032730
9868032730,9868032729
9868032729,9868032728
9868032728,9868032727
9868032727,9951107361
9951107361,9868032726
9868032759,9868032749
9868032749,9868032754
9868032754,412331978
412331978,9868032755
9868032755,9868032741
9868032741,9868032750
9868032750,9868032742
9868032742,9868032756
9868032756,9868032743
9868032743,9868032751
9868032751,9868032744
9868032744,9868032757
9868032757,9868032745
9868032745,9868032752
9868032752,9868032746
9868032746,9868032758
9868032758,9868032747
9868032747,9868032753
9868032753,9868032748
9868032748,9868032759
9868032821,9869643861
9869643861,9868032761
9868032761,9868032762
9868032762,9868032763
9868032763,9868032764
9868032764,9868032765
9868032765,9868032766
9868032766,9868032767
9868032767,9868032768
9868032768,9868032769
9868032769,9868032770
9868032770,9868032771
9868032771,9868032772
9868032772,9869643848
9869643848,9868032773
9868032773,9868032774
9868032774,9868032775
9868032775,9868032776
9868032776,9868032777
9868032777,9868032778
9868032778,9869643850
9869643850,9868032779
9868032779,9868032780
9868032817,9869971702
9869971702,9868032816
9868032816,9868032815
9868032815,9868032814
9868032814,9868032813
9868032813,9868032812
9868032812,9868032811
9868032811,9868032810
9868032810,9868032809
9868032809,9868032808
9868032808,9868032807
9868032807,9868032806
9868032806,9868032805
9868032805,9868032804
9868032804,9868032803
9868032803,9868032802
9868032802,9868032801
9868032801,9868032800
9868032800,9868032799
9868032799,9868032798
9868032798,9868032797
9868032797,9868032796
9868032796,9868032795
9868032795,9868032794
9868032794,9868032793
9868032793,9868032792
9868032792,9868032791
9868032791,9868032790
9868032790,9868032789
9868032789,9868032788
9868032788,9869624100
9869624100,9868032787
9868032787,9869629321
9869629321,9869624111
9869624111,9869643863
9869643863,9868032786
9867712745,9867712744
9867712744,9869629348
9869629348,9867712743
9867712743,9867712742
9867712742,8929240816
8929240816,6485918169
6485918169,6485918177
6485918177,412332058
9868032835,9868032825
9868032825,9868032827
9868032827,9868032786
9868032786,9868032832
9868032832,9868032826
9868032826,9868032831
9868032831,9868032819
9868032819,9868032833
9868032833,9868032820
9868032820,9868032830
9868032830,9868032821
9868032821,9868032818
9868032818,9868032822
9868032822,9868032834
9868032834,9868032823
9868032823,9868032829
9868032829,412332058
412332058,9868032828
9868032828,9868032824
9868032824,9868032835
10616921933,9868064661
9868064661,9868064660
9868064666,9868064665
9868064669,9868064666
9868064666,9868064668
9868064668,9868064667
9868064674,9868064665
9868064665,9868064673
9868064673,9868064672
9868064672,9868064671
9868064671,9868064670
9868064670,9868064668
9869461115,9869500108
9869500108,9869500107
9869500107,9869500106
9869500106,9869500105
9869500105,9869500104
9869500104,9869500103
9869500103,9869500102
9869500102,9869500101
9869500101,9869500100
9869500100,9869489721
5766164039,9869515818
9869515818,9869515817
9869515817,9869500116
9869500116,9869500115
9869500115,9869500114
9869500114,9869500113
9869500113,9869500112
9869500112,9869500111
9869500111,9869500110
9869500110,9869500109
9869500109,5766164033
9869546446,9869546448
9869546453,9869546452
9869546452,9869546451
9869546451,9869546450
9869546450,9869546449
9869546449,9869546448
9869546448,9869546447
9869546447,9869546445
9869546445,9869546444
9869546444,9869546443
9869546443,10610814578
10610814578,10610814579
10610814579,11059013164
11059013164,9869546442
9869546461,9869546459
9869546459,9869546458
9869546458,9869546457
9869546457,9869546456
9869546456,9869546455
9869546455,9869546454
6439051568,9869546497
9869546497,9869546496
9869546496,9869546495
9869546495,9869546494
9869546494,9869546493
9869546493,9869546492
9869546492,9869546453
9869546453,9869546491
9869546491,9869546490
9869546490,9869546489
9869546489,9869546488
9869546488,9869546487
9869546487,9869546486
9869546486,9869546485
9869546485,9869546484
9869546484,9869546483
9869546483,9869546482
9869546482,9869546481
9869546481,9869546480
9869546480,9869546479
9869546479,9869546478
9869546478,9869546477
9869546477,9869546476
9869546476,9869546475
9869546475,9869546474
9869546474,9869546473
9869546473,9869546472
9869546472,9869554087
9869554087,9869546471
9869546471,9869546470
9869546470,9869546469
9869546469,9869546468
9869546468,9869546467
9869546467,9869546466
9869546466,9869546465
9869546465,9869546464
9869546464,9869546463
9869546463,9869546462
9869546462,9869546461
9869546461,9869643867
9869643867,9869546460
9869554088,9869554087
9868032696,9869588412
9840209062,5766164018
9869624100,9869624099
9869624099,9869624098
9869624098,9869624097
9869624097,9869624096
9869624096,9869624095
9869624095,9869624094
9869624094,9869624093
9869624093,9869624092
9869624092,9869624091
9869624101,9869624102
9869624102,9868032789
9868032796,9869624110
9869624110,9869624109
9869624109,9869624108
9869624108,9869624107
9869624107,9869624106
9869624106,9869624105
9869624105,9869624104
9869624104,9869624103
9869624103,9869624102
9869643864,9869629321
9869629321,9869629320
9869629320,9869629319
9869629319,9869629318
9869629318,9869629317
9869629317,9869624116
9869624116,9869624115
9869624115,9869624114
9869624114,9869624113
9869624113,9869624112
9869624112,9869624111
9869629335,9869629322
6485918168,6485918176
7614046527,9869629344
9869629344,9869629345
9869629345,9869629346
9869629346,9869629347
9869629347,9869629348
9869643861,9869643860
9869643860,9869643859
9869643859,9869643858
9869643858,9869643857
9869643857,9869643856
9869643863,9869643862
9869643867,9869643866
6192009287,6192009288
6192009288,6192009289
6192009289,9869971702
9870002662,9870002664
9870002664,9951107360
9951107360,9870002665
9870002665,9870002666
9870002666,9870002667
9870002667,9870002668
9870002668,9870002669
9870002669,9870002670
9870002670,9870002671
9852498324,9871588716
9871588716,9871592918
9871592918,12738385842
12738385842,12738385844
12738385844,12738385843
12738385843,9871592919
9871592919,9871592920
6224287699,9873990909
13315701485,9874717740
9874717740,9874717741
9874717741,9874717718
9874717718,9874717728
9874717728,9874717719
9874717719,9874717727
9874717727,9874717720
9874717720,9874717721
9874717721,9874717722
9874717722,9874717744
9874717744,9874717723
9874717723,9874717747
9874717747,9874717745
9874717745,9874717750
9874717750,9874717724
9874717724,9874717749
9874717749,9874717746
9874717746,9874717748
9874717748,9874717737
9874717737,9874717736
9874717736,9874717735
9874717735,9874717734
9874717734,9874717733
9874717733,9874717732
9874717732,9874717731
9874717731,9874717730
9874717730,9874717742
9874717742,9874717743
9874717743,13315701486
9874717725,9874717758
9874717758,9874717752
9874717752,9874717754
9874717754,13315701483
9874717724,9874717763
9874717763,9874717762
9874717762,9874717751
9874717751,9874717725
13315701484,9874717755
9874717755,9874717753
9874717753,9874717757
9874717757,9874717725
9874717762,9874717761
9874717761,13315701482
9880746251,9880746252
9843219489,9882823363
9882823363,9882823364
9882823364,9882823365
9882823365,9882823366
9882823363,9882823367
9882823367,9882823368
9882823368,9882823369
9882823369,9882823370
9882823370,6385251005
6385251005,9882823371
9883191550,12976787769
12976787769,9883191551
9883191551,10255011719
10255011719,9883191552
9883191552,10255011720
10255011720,6636468148
9951107364,9951107392
9951107392,9951107354
9951107354,9951107363
9951107363,9951107351
9951107351,9951107350
9951107350,9951107349
9951107349,9951107348
9951107348,9951107369
9951107369,9951107358
9951107358,9951107347
9951107347,9951107346
9951107346,9951107345
9951107345,9951107353
9951107353,9951107391
9951107391,9951107352
9951107352,9951107344
9951107344,9951107343
9951107343,9951107342
9951107342,9951107357
9951107357,9951107356
9951107356,9951107355
9951107355,9951107364
9870002672,9870002673
9870002673,9870002674
9870002674,9870002675
9870002675,9870002676
9870002676,9870002677
9870002677,9870002678
9870002678,9870002679
9870002679,9870002680
9870002680,9870002684
9870002684,9870002681
9870002681,9870002682
9870002682,9870002683
9870002683,6997689009
9870002671,9951107365
9951107365,9951160557
9951160557,9951107370
9951107370,9870002672
9792383707,9951107371
9951107371,9951107391
9951107350,9951107393
9951107393,9792383708
9951107358,9951107359
9951107359,9951107366
9951107366,9951107367
9951107367,9951107368
9951107368,9951107365
9951107359,9951107370
9954073690,9954073691
9954073691,9954073692
9954073692,9954073693
9954073694,9954073695
9954073695,9954073696
9954073696,9954073697
9954073697,9954073698
9954073698,9954073699
9954073699,9954073700
9954073700,9954073693
9954073693,9954073701
9954073701,9954073704
9954073704,9954073702
9954073702,9954073703
9954073704,9954073705
9954073705,9954073706
9954073706,9954073707
10198906978,12535479580
12535479580,10198906979
10198906979,10198906980
10198906980,10198906981
10198906981,10198906982
10198906982,10198906983
10198906983,10198906984
10198906984,12535479523
12535479523,10198906992
10198906992,10198906986
10198906986,10198906987
10198906987,10198906988
10198906988,10198906989
10198906989,10198906990
10198906990,12535479632
12535479632,10198906991
10206999487,11618350109
11618350109,10206999488
943559832,9843616410
9843616410,7009786350
7009786350,562615470
562615470,562615471
943560822,10262239792
10262239792,10225136820
10232104912,10232104913
10232104913,10232104914
10232104914,10232104915
10232104915,10232104916
10232104916,10232127617
10232127617,10232127618
10232127618,10232127619
10232127619,10232127620
10232127620,10232127621
10232127621,10232127622
10232127622,10242883118
10242883118,10242883117
10242883117,10242883125
10242766843,1869899374
6749431148,10242766843
6062732005,10242883109
10242883109,10242878008
10242878008,10242878007
10242878007,10242878006
10242878006,10242878005
10242878005,6062732021
6062732021,12953168425
12953168425,12953168421
12953168421,1754592378
1754592378,12953168424
12953168424,12953168423
12953168423,12953168422
10242883116,10242883115
10242883115,10242883114
10242883114,10242883113
10242883113,3160777915
10242883128,10242883127
10242883127,10242883126
10242883126,10242883125
10242883125,10242883124
10242883124,10242883123
10242883123,10242883122
10242883122,10242883121
10242883121,10242883120
10242883120,10242883119
10242883140,10242883139
10242883139,10242883138
10242883138,10242883137
10242883145,10242883144
10242883144,10242883143
10242883143,10242883142
10242883149,5716610649
5716610649,10242883148
10246214822,1549892457
10248598183,11224316274
11224316274,10248598184
10248598184,10248598185
10248598185,10248598186
10248598186,10248598187
10248598187,10248598188
309864520,11135921372
11135921372,10248637953
10248637953,10248637954
10248637954,10248637955
10248637955,10248637956
10248637956,10248637957
10248637957,10248637958
10248637958,10248637959
10248637959,10248637960
10248637960,10248637963
10248637963,10248637961
10248637961,10248637962
10248637964,11135945377
11135945377,10248637965
10248637965,10248637966
10248637966,10248637967
10248637967,10248637968
10248637968,10248637969
10248637969,10248637970
10248637970,10248637971
10248637972,11135945380
11135945380,10248637984
10248637984,10248637973
10248637973,10248637974
10248637974,10248637975
10248637975,10248637976
10248637976,10248637977
10248637977,10248637978
10248637978,10248637979
10248637979,10248637980
10248637980,10248637981
10248637981,10248637982
10248637982,10248637983
10248637983,10248637984
10248637985,10248637986
10248637987,11135945381
11135945381,10248637989
10248637989,10248637988
10248637988,11645007675
11645007675,11645007676
10248637989,10248637990
10248637990,10248637991
10248637991,10248637992
10248637993,11135945382
11135945382,10248637995
10248637995,10248637994
10248637995,10248637996
10248637997,11135945383
11135945383,10248637999
10248637999,10248637998
10248637999,10248638000
10248638001,11135945384
11135945384,10248638002
10248638002,10248638003
10248638003,10248639516
10248639516,10248638004
10248638004,10248638005
10248638005,10248638006
10248638006,10248638007
10248638007,10248638008
10248638008,10248639509
10248639509,10248639510
10248639514,10248639515
10248639515,10248639516
10248637997,11135942365
11135942365,10248639517
10248639517,10248639518
10248639518,10248639519
10248639519,10248639520
10248639520,10248639521
10248639521,11645068591
10248639526,11135942366
11135942366,10248639527
10248639528,11645082591
11645082591,10248639529
10248639529,10248639530
10248639530,11645082588
11645082588,11645082592
11645082592,11645082589
10248639531,11135942363
11135942363,11645220730
11645220730,10248639532
10248639532,11645220738
11645220738,11135942364
11135942364,2431986050
10248639534,11135942362
11135942362,11645220728
11645220728,10248639535
10248639536,10248639537
10248639537,10248639538
10248639538,10248639539
10248639539,10248639540
10248639540,10248639541
10248639541,10248639542
10248639542,10248639544
10248639544,10248639543
10248639544,10248639545
10248624591,10248624592
10248624592,10248624593
10248624593,10248624594
10248624594,10248624595
10248624595,10248624596
5799663725,4083435380
4083435380,10248624597
10248624597,10248624598
10248624599,10248624600
10248637071,10248637072
10248637072,10248637082
10248637082,10248637073
10248637073,10248637074
10248637074,10248637075
10248637075,10248637076
10248637076,10248637077
10248637077,10248637078
10248637078,10248637079
10248637079,10248637080
10248637080,10248637086
10248637086,10248637081
10248637082,10248637083
10248637083,10248637084
10248637084,10248637085
10248637085,10248637086
9861879574,10248637087
10248637088,10248637089
10248637089,10248637090
10248637090,10248637091
10248637090,10248637092
10248637092,10248637093
10248637093,10248637094
10248637095,10248637096
10248637096,10248637097
10248637097,10248637098
10248637099,10248637100
10248637100,10248637101
10261798983,10248637099
10248637099,10248637102
7220734422,10248637103
10248637103,10248637104
10248637104,10248637105
10248637105,11135905851
11135905851,10248637106
10248637107,10248637108
10248637108,10248673009
10248673009,11135905850
11135905850,11135905851
10248637108,10248673010
10248673011,10248673012
10248673012,10248673013
10248673013,10248673014
10248673014,10248673015
10248673016,10248673017
10248673017,10248673018
10248673018,10248673019
10248673020,10248673021
10248673021,10248673022
10248673022,10248673023
10248673023,10248673065
10248673065,10248673024
10248673024,10248673025
10248673025,10248673026
10248673026,10248673033
10248673033,10248673027
10248673027,10248673028
10248673028,10248673029
10248673029,10248673030
10248673030,10248673031
10248673031,10248673032
10248673033,10248673034
10248673046,10248673047
10248673047,10248673048
10248673048,10248673049
10248673049,10248673050
10248673050,10248673051
10248673051,10248673052
10248673052,10248673034
10248673034,10248673035
10248673035,10248673038
10248673038,10248673039
10248673039,10248673040
10248673040,10248673041
10248673041,10248673042
10248673042,10248673043
10248673043,10248673044
10248673044,10248673045
10248673045,10248673036
10248673036,10248673037
10248673037,10248673046
10248673037,10248673054
10248673054,10248673191
10248673191,10248673053
10248673054,10248673055
10248673055,10248673056
10248673056,10248673057
10248673057,10248673058
10248673058,10248673059
10248673059,10248673060
10248673060,10248673061
10248673061,10248673062
10248673062,10248673063
10248673063,10248673064
10248673064,10248673065
10248673033,10248673066
10248673066,10248673067
10248673067,10248673068
10248673080,10248673087
10248673087,10248673081
10248673081,10248673082
10248673082,10248673083
10248673083,10248673084
10248673084,10248673085
10248673085,10248673086
10248673086,10248673068
10248673068,10248673069
10248673069,10248673072
10248673072,10248673073
10248673073,10248673074
10248673074,10248673075
10248673075,10248673076
10248673076,10248673077
10248673077,10248673078
10248673078,10248673079
10248673079,10248673070
10248673070,10248673071
10248673071,10248673080
10248673087,10248673088
10248673088,10248673118
10248673118,10248673089
10248673089,10248673090
10248673090,10248673091
10248673091,10248673092
10248673092,10248673093
10248673093,10248673094
10248673094,10248673095
10248673095,10248673096
10248673096,10248673097
10248673097,10248673098
10248673098,10248673099
10248673099,10248673100
10248673100,10248673101
10248673101,10248673102
10248673102,10248673103
10248673103,10248673104
10248673104,10248673119
10248673119,10248673105
10248673105,10248673106
10248673106,10248673107
10248673107,10248673108
10248673108,10248673109
10248673109,10248673110
10248673110,10248673111
10248673111,10248673094
10248673112,10248673113
10248673113,10248673114
10248673114,10248673115
10248673115,10248673116
10248673116,10248673117
10248673117,10248673118
10248673119,10248673120
10248673120,10248673121
10248673121,10248673122
10248673122,10248673123
10248673123,10248673124
10248673124,10248673125
10248673125,10248673126
10248673126,10248673154
10248673154,10248673127
10248673127,10248673128
10248673128,10248673130
10248673130,10248673032
10248673032,10248673129
10248673146,10248673150
10248673150,10248673151
10248673151,10248673152
10248673152,10248673153
10248673153,10248673154
10248673153,10248673155
10248673155,10248673156
10248673156,10248673157
10248673157,10248673158
10248673158,10248673104
10248673191,10248673192
10248673192,10248673193
10248673193,10248673194
10248673194,10248673195
10248673195,10248673196
10248673196,10248673197
10248673197,10248673198
10248673198,10248673199
10248673199,10248673200
10248673200,10248673201
10248673201,10248673202
10248673055,10248673204
10248673204,10248673205
10248673205,10248673206
10248673206,10248673207
10248673207,10248673208
10248673208,10248673209
10248673208,10248673210
10248673210,10248673211
10248673211,10248673212
10248673212,10248673213
10248673213,10248673214
10248673214,10248673215
10248673215,10248673216
10248673216,10248673217
10248673217,10248673218
10248673218,10248673219
10248668426,10248668427
10248668427,10248668428
10248668428,10248668429
10248668429,10248694874
10248694874,10248668430
10248668430,10248668431
10248668431,10248668432
10248668432,10248668433
10248668433,10248668434
10248668434,10248694872
10248694872,10248668435
10248668435,10248668436
10248668436,10248668437
10248668437,10248668438
10248668438,10248668439
10248668439,10248668440
10248668440,10248668441
10248668441,10248668442
10248668454,10248668455
10248668455,10248668456
10248668456,10248668457
10248668457,10248668458
10248668458,10248668459
10248668459,10248668460
10248668460,10248668442
10248668442,10248668443
10248668443,10248668444
10248668444,10248668449
10248668449,10248668450
10248668450,10248668451
10248668451,10248668452
10248668452,10248668453
10248668453,10248668445
10248668445,10248668446
10248668446,10248668447
10248668447,10248668448
10248668448,10248668454
10248668484,10248668485
10248668485,10248668486
10248668486,10248668487
10248668487,10248668488
10248668488,10248668489
10248668489,10248668471
10248668471,10248668472
10248668472,10248668473
10248668473,10248668477
10248668477,10248668478
10248668478,10248668479
10248668479,10248668480
10248668480,10248668481
10248668481,10248668482
10248668482,10248668483
10248668483,10248668474
10248668474,10248668475
10248668475,10248668476
10248668476,10248668484
10248668485,10248668490
10248668501,10248668502
10248668502,10248668503
10248668503,10248668504
10248668504,10248668505
10248668505,10248668506
10248668506,10248668507
10248668507,10248668508
10248668508,10248668490
10248668490,10248668491
10248668491,10248668495
10248668495,10248668496
10248668496,10248668497
10248668497,10248668498
10248668498,10248668499
10248668499,10248668500
10248668500,10248668492
10248668492,10248668493
10248668493,10248668494
10248668494,10248668501
10248668501,10248694809
10248694809,10248694810
10248694810,10248694811
10248694811,10248694812
10248694812,10248694813
10248694813,10248694814
10248694814,10248694815
10248694815,10248694816
10248694816,10248694817
10248694817,10248694818
10248694818,10248694819
10248694819,10248694820
10248694820,10248694821
10248694821,10248694822
10248694822,10248694823
10248694823,10248694824
10248694824,10248694825
10248694825,10248694859
10248694859,10248694826
10248694826,10248694827
10248694827,10248694828
10248694828,10248694829
10248694829,10248694830
10248694830,10248694831
10248694831,10248694832
10248694832,10248694833
10248694833,10248694834
10248694834,10248694835
10248694835,10248694836
10248694836,10248694837
10248694837,10248694838
10248694838,10248694839
10248694839,10248694840
10248694840,10248694841
10248694841,10248694842
10248694842,10248668427
10248668433,10248694843
10248694843,10248694844
10248694844,10248694845
10248694845,10248694846
10248694846,10248694847
10248694847,10248694848
10248694848,10248694849
10248694849,10248694850
10248694850,10248694877
10248694877,10248694851
10248694851,10248694852
10248694852,10248694853
10248694853,10248694854
10248694854,10248694855
10248694855,10248694856
10248694856,10248694857
10248694857,10248694858
10248694858,10248694859
10248694843,10248694860
10248694860,10248694861
10248694861,10248694862
10248694862,10248694863
10248694863,10248694864
10248694864,10248694865
10248694865,10248694866
10248694866,10248694867
10248694867,10248694868
10248694868,10248694869
10248694869,10248694870
10248694870,10248694871
10248694871,10248694858
10248694872,10248694873
10248694873,12966165286
12966165286,12966165285
10248694874,10248694875
10248694875,10248694876
10248694877,10248694809
10250129761,10250129762
10250129763,11898201121
11898201121,10250129764
10250129765,10250129766
10250129766,10250129767
10250129767,10250129768
10250129768,10250129769
10250129769,10250129770
10250129771,10250129772
10250129772,10250129773
10250129773,10250129774
10250129774,10250129775
10250129775,10250129776
10250129776,10250129777
10250129778,10250129779
10250129779,11897359746
11897359746,11903056425
11903056425,11897359742
11897359742,11897359731
10250129781,10250129779
10250129779,10250129785
10250129785,10250129782
10250129782,10250129783
10250129783,10250129786
10254668946,10254668947
10254668947,10254668952
10254668952,10254668948
10254668948,9843342494
10254668946,10254668949
10254668949,9843242465
10254668946,10254668950
9843255722,10254668951
10254668951,10254668952
6385250999,10254668958
10254668958,10254668957
10254668957,10254668953
10254668953,10254668956
10254668956,10254668954
10254668954,10254668950
10254668950,10254668955
10254668955,6385286487
10254668958,10254668960
10254668960,10254668959
6385290925,10254668960
10254891672,10254891673
10254891674,10254891675
10254891675,10254891676
10254891676,10254891677
10254891678,10254891676
10254891676,10254891679
10254891679,10254891680
10254891680,10254891681
10254891681,10254891682
10254891689,10254891690
10254891690,10254891691
10254891691,10254891692
10254891692,11644742564
11644742564,10254891693
10254891693,10254891694
10254891694,10254891695
10254891695,10254891696
10254891696,9861821170
10254891692,10254891697
10254891697,10254891698
10254891698,11644742565
11644742565,11644742566
11644742566,11644742567
11644742567,11644742568
11644742568,11644753969
11644753969,11644753970
11644753970,11644753971
11644742564,11644742563
11644742563,10254891699
10254891699,10254891700
10254891700,10254891701
10254891701,10254891702
10254891702,10254891703
10254891703,10254891704
10254891704,10254891705
10254891705,10254891706
10254891706,10254891707
10254891707,10254891708
10254891708,10254899809
10254899810,10254899811
10254899811,10254899812
10254899812,10254899813
10254899813,10254899814
10254899814,10254891708
10254899815,10254899816
10254899816,10254899817
10254899817,10254899818
10254899818,10254899819
10254899819,10254899820
10254899820,10254899821
10254899821,10254899822
10254899822,10254899823
10254899823,10254899824
10254899820,6536966886
10254899825,10254899826
10254899826,10254899827
10254899827,10254899828
10254899828,10254899829
10254899829,10254899830
10254899825,10254899831
10254899831,10254899832
10254899832,10254899833
10254899833,10254899834
10254899834,10254899835
10254899835,10254899836
10254899834,10254899837
10254899837,10254899838
10254899838,10254899845
10254899845,10254899839
10254899839,10254899840
10254899840,10254899841
10254899841,10254899842
10254899842,10254899843
10254899843,10254899844
11644718862,11644718861
11644718861,11644718863
11644718863,11644718860
11644718860,10254899851
10254899851,10254899852
10254899852,10254899853
10254899853,10254899854
10254899854,10254899855
10254899855,10254899856
10254899856,10254899857
10254899857,10254899858
10254899858,10254899904
10254899904,12966173107
12966173107,13341894257
13341894257,10254899859
10254899860,10254899861
10254899861,10254899862
10254899862,10254899863
10254899863,10254899864
10254899864,10254899865
10254899865,10254899866
10254899867,11644718862
11644718862,10254899865
11052466377,11135924837
11135924837,10254960466
10254960466,11052466375
11052466375,11052466361
11052466361,10254960468
10254960468,11052466376
11052466376,10254960469
10254960469,10254960470
10254960470,11649123781
11649123781,11052466387
11052466387,10254960471
10254960471,11052466370
11052466370,11052466369
11052466369,11052466372
11052466372,11052466368
11052466368,11052466367
11052466367,11052466371
11052466371,11052466366
11052466366,11052466365
11052466365,11052466364
11052466364,11052466373
11052466373,11052466363
11052466363,11052466374
11052466374,11052466362
11052466362,10254960472
10254960472,11052466381
11052466381,11052466378
11052466378,11052466379
11052466379,11052466380
11052466380,10254960471
10254960473,10254960506
10254960506,10254960474
10254960474,10254960475
10254960475,10254960476
10254960476,10254960477
10254960477,10254960478
10254960478,10254960479
10254960479,10254960480
10254960480,10254960481
10254960481,10254960482
10254960482,10254960483
10254960483,10254960484
10254960484,10254960485
10254960485,10254960486
10254960486,10254960487
10254960487,10254960488
10254960488,10254960489
10254960489,10254960490
10254960490,10254960491
10254960491,10254960492
10254960492,10254960493
10254960493,10254960494
10254960494,10254960495
10254960495,10254960496
10254960496,10254960497
10254960497,10254960498
10254960498,10254960499
10254960499,10254960500
10254960500,10254960501
10254960501,10254960502
10254960502,10254960503
10254960503,10254960504
10254960504,10254960505
10254960505,10254960474
10254979366,10254979367
10254979367,10254979370
10254979370,10254979368
10254979369,10254979370
1191294738,10254993383
10254993383,10254993384
10254993384,10254993385
10254993385,10254993386
10254993386,10254993387
10254993387,10254993388
10254993388,10254993389
10254993389,10254993390
10254993390,10254993391
10254993391,10254993392
10254993392,10254993393
10254993393,10254993394
10254993394,10254993395
10254993395,10254993396
10254993396,10254993397
10254993397,10254993398
10254993398,10254993399
10254993399,10254993400
10254993400,10254993401
10254993401,10254993402
10254993402,10254993403
10254993403,10254993404
10254993404,1191294738
10254993405,10254993406
4398510560,10254993407
10254993408,10254996209
10254996210,10254996211
10254996211,10254996212
10254996212,10254996213
10254996213,10254996214
10254996214,10254996215
10254996216,10254996217
10255001382,10255001383
10255001384,10255001385
10255001385,3749161038
10255001386,10255001387
10255001387,10255001388
10255001388,10255001389
10255001389,10255001390
10255001390,10255001391
10255001391,10255001392
10255001392,10255001393
10255001393,10255001394
10255001394,10255001395
7135635378,10255011712
10255011712,10255011713
10255011713,10255011714
10255011714,10255011715
10255011712,10255011716
10255011716,10255011717
10255011717,12246298440
12246298440,10255011718
9883191555,10255011721
10255011721,10255011722
10255011722,10255011723
10255011723,10255011724
10255011724,10255011725
10255011726,12246298443
12246298443,10255011727
10255011727,10255011728
10255011728,10255011729
10255011729,10255011730
10255011730,10255011731
10255011731,10255011732
10255011727,10255011733
10255011733,10255011734
10255011734,10255011735
10255011735,10255011736
10255011736,10255011737
10255011738,10255011739
10255011739,10255011740
10255011740,10255011741
10255011741,10255011742
10255011742,10255011743
10255011743,10255011744
10255011744,10255011745
10255011745,10255011746
10255011746,11652335590
11652335590,249786850
10255011747,10255011748
10255011748,10255011749
10255011749,10255011750
10255011750,10255011751
10255011751,10255011752
10255011752,10255011753
10255011753,10255011754
10255011754,10255011755
10255011755,10255011756
10255011756,10255011757
10255011757,10255011758
10255011758,10255011759
10255011759,10255011748
10255011760,10255011761
10255011761,10255011762
10255011762,10255011763
10255011763,10255011764
10255011763,10255011765
10255011766,10255011767
10255011767,10255011768
10255011768,10255011769
10255011769,10255011770
10255011770,10255011771
10255011771,10255011780
10255011780,10255011781
10255011781,10255011772
10255011772,10255011773
10255011773,10255011774
10255011774,10255011775
10255011775,10255011776
10255011776,10255011766
10255011772,10255011777
10255011777,10255011778
10255011778,10255011779
10255011782,10255011783
10255011783,10255011784
10255011784,10255011770
10255011766,10255011785
10255011785,5681450577
12149488814,10255011787
10255011787,10255011788
10255011788,10255011789
10255011789,10255011790
10255011790,10255011791
10255011791,10255011792
10255011793,10255011794
10255011794,10255011795
10255011795,10255011796
10255011796,10255011797
10255011797,10255011798
10255011798,10255011799
10255011799,10255011800
10255011800,10255011801
10255011801,10255011802
10255011802,10255011803
10255011803,10255011804
10255011804,10255011805
10255011805,10255011806
10255011806,10255011807
10255011807,10255011808
10255011808,10255011809
10255011809,10255011810
10255011810,10255011811
10255011811,10255011812
10255011812,10255011813
10255011813,10255011814
10255011814,10255011815
10255011815,10255011816
10255011817,10255011816
10255011816,10255011818
10255011818,10255011819
10255011819,10255011820
10255011820,10255011821
10255011821,10255011822
10255011822,9857987515
10255012744,10255012745
10255012745,10255012746
10255012746,10255012747
10255012747,10264318166
10264318166,10255012748
10255012748,10255012749
10255012749,10255012750
10255012750,3749161018
10255012751,10255012752
10255012753,11652296165
11652296165,10255012754
10255012755,10255012756
10255012757,10255012758
10255012758,3661513053
3661513032,10255012759
10255012758,10255012761
9857795523,10255012762
10255012762,10255012763
10255012763,9857795525
10255012762,10255012766
10255012766,10255012764
10255012764,10255012765
10255012766,10255012767
10255017474,10255017475
10255017475,10255017476
10255017476,10255017477
10255017477,10255017478
10255017478,10255017479
10255017479,10255017480
10255017480,10255017481
6702699469,10255017483
6666317461,10255043820
10255043852,11652403325
11652403325,10255043878
10255100645,6631313360
6631313360,10255100646
5681450594,10255100649
10255100649,10255100650
10255100651,11655013751
11655013751,10255100667
10255100667,11655013747
11655013747,11655013748
11655013748,11655013749
11655013749,10255100652
10255100652,10255100653
10255100668,11655013752
11655013752,11655013750
11655013750,10255100669
10255158003,10255158005
10255158005,10255158004
10255158005,10255160415
10255160415,10255158006
10255158006,10255158007
10255158007,6436602302
10255172728,10255172730
10255172730,10255172729
10255172730,10255172744
10255172744,10255172731
10255172731,10255172732
10255172731,10255172733
10255172733,10255172734
10255172734,10255172735
10255172735,10255172736
10255172736,10255172737
10255172737,10255172738
10255172738,10255172739
10255172739,10255172740
10255172740,10255172741
10255172741,10255172742
10255172742,10255172743
10255172744,10255172745
10255172758,12191985400
12191985400,10255172761
10255172761,12192097085
12192097085,10255172762
10255172762,12192097024
12192097024,10255172763
10255172763,12192097001
12192097001,10255172765
10255172765,12192097040
12192097040,10255172764
10255172764,12192097004
12192097004,12192097002
12192097002,10255172746
10255172746,12191985398
12191985398,10255172747
10255172747,12192097083
12192097083,10255172748
10255172748,12192097068
12192097068,10255172749
10255172749,12191985389
12191985389,12192097070
12192097070,10255172750
10255172750,12192097018
12192097018,12191985394
12191985394,10255172751
10255172751,12192097084
12192097084,10255172759
10255172759,12192097079
12192097079,10255172760
10255172760,12192097073
12192097073,10255172752
10255172752,12192097052
12192097052,12192097045
12192097045,10255172753
10255172753,12192097032
12192097032,12192097074
12192097074,10255172754
10255172754,12192097060
12192097060,10255172755
10255172755,12192097054
12192097054,10255172756
10255172756,12192097046
12192097046,10255172757
10255172757,12192097076
12192097076,10255172758
6576356256,10255172765
10255352597,9854985703
10255352597,10255352598
10255352599,10255352600
10255352600,11655598861
10255352602,10255352603
10255352604,11655741023
11655741023,10255352605
10255352606,10255352607
6437397290,10255363509
10255363509,10255363510
10255363510,10255363511
10255363511,11655462197
11655462197,10255363512
10255363512,10255363513
10255363513,10255363514
10255363514,11655462192
11655462192,11655462193
11655462193,11655462194
11655462194,11655462195
11655462195,11655462196
10255363515,10255363516
10255363518,10255363519
10255363519,10255363520
6437397293,11655528272
11655528272,10255363521
9854764075,10255363522
10255363522,11655539868
11655539868,10255363523
10255363523,10255363524
10255363524,10255363525
10255363525,10255363526
10255363527,10255363528
9854764057,10255363529
10255363529,11655568226
11655568226,10255363530
10255363530,11655568227
11655568227,10255363531
11655598859,10255363534
10261766559,10261766561
10261766561,10261766562
10261766562,10261766559
10261766562,10261766563
10261766563,10261766564
10261766564,10261766565
10261766565,10261766566
10261766566,10261766567
10261766567,10261766568
10261766568,10261766569
10261766569,10261766570
10261766570,10261766571
10261766571,10261766572
10261766572,10261766573
10261766573,10261766574
10261766576,10261766577
10261766577,10261766578
10261766578,10261766579
10261766579,10261766580
10261766579,10261766581
10261766577,10261766582
10261766561,10261766594
10261766594,10261766583
10261766583,10261766584
10261766584,10261766585
10261766585,10261766599
10261766599,10261766586
10261766586,10261766587
10261766587,10261766588
10261766588,10261766589
10261766589,10261766590
10261766590,10261766591
10261766591,6436786523
9861895618,10261766592
10261766592,10261766593
10261766593,10261766594
6436786516,10261766600
10261766600,10261766597
10261766597,10261766595
10261766595,10261766560
10261766596,10261766597
10261766597,10261766585
10261766598,10261766600
10261766600,10261766599
10261766601,10261766590
10261735804,10261735805
10261735805,10261735806
10261735806,10261735807
10261735807,10261735808
10261735808,10261781409
10261781409,10261781410
10261781410,10261781411
10261781411,10261781412
10261781413,10261781414
10261781414,10261781415
10261781416,11176412942
11176412942,10261781423
10261781423,10261781417
10261781417,10261781418
10261781418,11176412943
11176412943,10261781419
10261781421,10261781422
10261781422,10261781424
10261781424,10261781418
10261781423,10261781424
10261781418,10261781425
10261781425,10261781415
10261781427,10261781434
10261781434,10261840053
10261840053,10261781433
10261781433,10261781432
10261781432,10261781431
10261781431,10261781430
10261781430,10261781426
10261781426,10261781446
10261781446,10261781445
10261781445,10261781444
10261781444,10261781443
10261781443,10261781429
2431986014,9865344503
9865344503,10261766578
10261766578,10261766568
10261766568,2431986032
2431986032,10261781419
10261781419,10261781428
10261781428,10261781438
10261781438,10261781437
10261781437,10261781436
10261781436,10261781435
10261781435,10261781427
10261781427,11176412944
11176412944,11176419160
11176419160,10261781416
10261781416,4231806598
4231806598,9861895618
9861895618,6436786523
6436786523,6436786516
6436786516,60890393
10261781429,10261781442
10261781442,10261781441
10261781441,10261781440
10261781440,10261781439
10261781439,10261781428
10261781442,10261781447
10261781447,10261781451
10261781451,10261781450
10261781450,10261781448
10261781448,10261781449
10261781419,10261781450
10261781451,10261781452
10261781452,10261781453
10261781453,10261781454
10261781454,10261781455
10261781455,10261781456
10261781457,10261781458
10261781458,10261781452
10261781458,10261781459
10261781459,10261781460
10261781461,10261781459
10261781456,10261781462
10261781462,10261781470
10261781470,10261781463
10261781463,10261781464
10261781464,10261781465
10261781466,10261781467
10261781467,10261781468
10261781468,10261781469
10261781470,10261781471
10261781471,10261781472
10261781472,10261781473
10261781473,10261781467
10261781474,11224312310
11224312310,10261781475
10261781475,10261781476
10261781476,11224312309
11224312309,10261781477
10261781476,10261781480
10261781480,10261781481
11224312306,10261781482
10261781481,10261781483
10261781483,10261781484
10261781484,10261781485
10261781481,10261781485
10261781485,10261781487
10261781487,11224312308
11224312308,10261781486
10261781487,10261781488
10261781488,10261781489
10261781490,10261781491
10261781491,10261781492
10261781492,10261781493
10261781494,11626584019
11626584019,10261781495
10261781495,10261781496
10261781496,11626584020
11626584020,10261781497
10261781484,10261781498
10261781498,10261781499
10261781499,10261781500
10261781500,10261781503
10261781503,11224312312
11224312312,10261781501
10261781502,11224312313
11224312313,10261781503
10261798916,10261798917
10261798917,7245601615
10261798918,11135906958
11135906958,7245601617
10261798919,10261798920
10261798920,10248637106
10261798921,10261798922
10261798924,10261798922
10261798922,10248673010
10261798921,10261798923
10261798925,10261798927
10261798927,10261798926
10261781489,10261798927
10261798933,10261798934
10261798934,10261798935
10261798935,10261798942
10261798942,10261798943
10261798943,10261798944
10261798944,10261798945
10261798945,10261798936
10261798949,10261798929
10261798929,10261798930
10261798930,10261798928
10261798928,10261798939
10261798939,10261798940
10261798940,10261798941
10261798941,10261798931
2431986031,9865344505
9865344505,10248673010
10248673010,10248637106
10248637106,10261798925
10261798925,2431986034
2431986034,10261781486
10261781486,10261798946
10261798946,9861879581
9861879581,2431986036
2431986036,10261798936
10261798936,10261798937
10261798937,10261798938
10261798938,10261798949
10261798931,10261798932
10261798932,10261798933
10261798946,10261798947
10261798947,10261798948
10261798950,10261798951
10261798951,10261798952
10261798951,10261798967
10261798967,10261798953
10261798953,10261798954
10261798954,10261798955
10261798955,10261798956
10261798956,10261798958
10261798958,10261798957
10261798958,10261798959
10261798959,10261798965
10261798965,10261798960
10261798960,10261798961
10261798954,10261798966
10261798966,10261798962
10261798962,10261798963
10261798963,10261798964
10261798965,10261798966
10261798966,10261798968
10261798968,10261781501
10261798967,10261798968
10261798972,10261798969
10261798969,10261798970
10261798970,10261798971
10261798973,10261798974
10261798974,10261798975
10261798975,10261798976
10261798976,10248637093
10261798978,10261798979
10261798979,10261798980
10261798980,10261798981
10261798981,10261798982
10261798982,10248637101
7220734422,10261798983
10261816131,11626529252
11626529252,11626529251
11626529251,10261816148
10261816148,10261816132
10261816132,10261816133
10261816133,10261816146
10261816146,10261816134
10261816134,10261816145
10261816145,10261816135
10261816135,10261816144
10261816144,10261816143
10261816143,10261816136
10261816136,10261816142
10261816142,10261816137
10261816137,10261816141
10261816141,10261816138
10261816138,10261816140
10261816140,11626529253
11626529253,10261816139
10261816140,11626499404
11626499404,10261781502
10261816141,11626499403
11626499403,10261781497
10261816142,11626499402
11626499402,10261781494
10261816143,11626499401
11626499401,10261781469
10261816144,11626499400
11626499400,10261781466
10261816145,11626499399
11626499399,10261781461
10261816146,11626499398
11626499398,10261816147
10261816148,11626499397
11626499397,10261781443
10261816149,10261816150
10261816150,10261816153
10261816153,10261816151
10261816151,10261816152
10261816153,10261816154
10261816154,10261816155
10261816156,10261816150
10261816157,10261816158
10261816158,10261816160
10261816161,10261816162
10261816162,10261816163
10261816163,10261816164
10261816165,10261816166
10261816166,10261816167
10261816166,10261816175
10261816175,10261816168
10261816168,10261816172
10261816172,10261816169
10261816169,10261816170
10261816169,10261816171
10261816172,10261816173
10261816168,10261816174
10261816175,10261816176
10261816176,10261816177
10261816178,10261816179
10261816179,10261816180
10261816180,10261816181
10261816181,10261816182
10261816182,10261816183
10261816183,10261816184
10261816184,6436786518
10261816185,10261816181
10261816186,10261816179
10261816187,10261816188
10261816188,10261816182
10261816188,10261816189
10261816190,6436786520
10261816191,10261816192
10261816193,10261816197
10261816197,10261816194
10261816194,10261816195
10261816197,10261816201
10261816201,10261816198
10261816198,10261816199
10261816200,10261816201
10261816199,10261816202
4231806615,10261816205
10261816205,10261816203
10261816203,10261816207
10261816207,11176419162
11176419162,10261816204
10261816205,10261816206
10261816206,10261816207
10261816207,10261816208
4231806616,10261816206
9861895620,10261819509
10261819509,10261819510
10261819510,10261819511
10261819510,10261819512
10261840055,10261840051
10261840051,4231806601
10261840054,10261840055
10261816208,10261840050
10261816202,10261840059
10261840059,10261840057
10261840057,10261840058
10261840061,10261840062
10261840062,10261840063
10261840062,10261840064
10261840065,10261840066
10261840066,10261840067
10261840067,10261840068
10261840068,6110406828
10261840069,10261840070
10261840070,10261840071
10261840071,10261840072
10261840072,10261840073
10261840074,10261840075
10261840075,6436786515
10261840077,10261840078
10261840078,10261840080
10261840080,9861749101
10261840079,10261840080
10261840081,10261840082
10261840083,10261840084
10261840086,11626655999
11626655999,10261840087
10261840090,11626655997
11626655997,10261840091
10261840091,10261840092
10261840093,10261840094
10261840094,10261840095
10261840095,10261840096
10261840096,10261840107
10261840107,6110396108
10261840106,11633584774
11633584774,10261840107
10261840107,9861753625
10261840108,10261841009
6436643508,10261841010
10261841014,10261841015
10261841016,11633584773
11633584773,10261841017
6436643073,10261841018
10261841019,10261841020
6436643076,10261841021
10261841022,9861753634
10261840081,10261858429
10261840083,10261858430
10261858430,10261858431
10261858431,10261858432
4231806600,10261858433
10261858433,10261858434
10261858434,11626620267
11626620267,10261858435
10261858435,11626620266
11626620266,4231806594
10261858436,11626610652
11626610652,10261858442
10261858442,10261858437
10261858437,10261858438
10261858438,11626610654
11626610654,10261858439
10261858439,10261858440
10261858440,10261858441
10261858441,11626610650
11626610650,10261840086
10261858442,10261858443
10261858443,11626610653
11626610653,10261858444
10261858444,10261858445
10261858445,11626610651
11626610651,4231806593
10261858476,10261858477
10261858477,10261858480
10261858480,10261858478
10261858478,10261858479
10261858480,10261858481
10261858484,10261858488
10261858488,10261858489
10261858489,10261858490
10261858490,10261858491
10261858491,10261858496
10261858496,10261858494
10261858494,10261858492
10261858495,10261858496
10261858497,10261858498
10261858498,10261858499
10261858499,10261858500
10261858504,10261858505
10261858505,10261858506
10261858505,10261858507
10261858507,10261858508
10261858508,10261860109
10261860110,10261860111
10261860112,10261860113
10261860113,11150078098
11150078098,1811703524
10261849271,10261849272
10261849273,10261849274
10261849275,10261849276
9767122087,10261849277
10261849277,10261849278
10261849279,10261849280
10261849281,10261849282
10261849282,10261849283
10261849283,10261849284
10261849284,10261849285
10261849285,10261849286
10261849286,10261849287
10261849288,10261849289
10261849290,11150078099
11150078099,10261849291
10261849292,11150078101
11150078101,10261849293
10261849293,10261849294
10261849294,11150078100
11150078100,10261849295
10261849294,10261849296
10261849296,10261849297
10261849297,10261849298
10261849299,11150078097
11150078097,10261849300
10261849300,10261849301
10261849301,10261849302
10261849302,10261849303
10261849303,10261849304
10261849304,10261849305
10261849305,10261849306
10261849306,10261849307
10261849307,10261849308
10261879709,11150109809
11150109809,12094747705
12094747705,10261879710
10261879710,10261879711
10261879711,11150109812
11150109812,12094747704
12094747704,12094747705
5306193604,10261879710
10261879711,5306193603
10261879717,11150109807
11150109807,10261879718
10261879718,10261879719
10261879719,10261879720
10261879721,11150109805
11150109805,10261879722
10261879722,10261879723
10261879723,10261879724
10261879725,12137490633
12137490633,12137490634
12137490634,12137490635
12137490635,12137490632
12137490632,10261879726
10261879726,11150088835
11150088835,10261879727
11150090850,10261879729
10261879729,10261879730
10261879730,10261879731
10261879731,9861741322
9861741322,10261879732
10261879733,10261879731
10261879734,10261879735
10261879735,10261879732
10261879740,10261879737
10261879737,12094747718
12094747718,10261879738
12094747714,12094747713
12094747713,10261859756
10261859756,10261859757
10261859758,10261859759
10261859759,10261859760
10261859760,10261859761
10261859761,10261859762
10261859762,10261859763
10261859763,10261859764
10261859764,10261859765
10261859765,10261859766
10261859766,10261859767
9861738100,10261859768
10261859768,10261859769
10261859769,9861738099
9861741357,10261859770
9865233950,9865098983
10261859771,10261859772
10261859772,10261859773
10261859773,10261859774
10261859774,10261859775
10261859776,11150168505
11150168505,10261859777
10261859778,10261859779
10261859779,10261859793
10261859793,10261859780
10261859780,10261859781
10261859781,10261859782
10261859782,10261859783
10261859783,10261859784
10261859784,10261859785
10261859785,10261859786
10261859786,10261859787
10261859787,10261859788
10261859788,10261859789
10261859789,10261859790
10261859790,10261859791
9767122081,10261859792
10261859793,10261859794
10261859794,10261859795
10261859795,10261859796
10261859796,10261859797
1811703535,10261859798
10261859792,10261859802
10261859802,10261859799
10261859799,10261859800
10261859800,9861749098
10261859801,10261859802
10261859803,11150161629
11150161629,10261859804
10261859792,10261859805
1866008022,10261859806
6436652996,10261859807
10261971385,10261971386
10261971386,10261971387
10261971387,10261971388
10261971388,10261971389
10261971389,10261971390
10261971401,10261971402
10261971402,10261971403
10261971403,10261971404
10261971404,10261971405
10261971405,10261971406
10261971406,10261971407
10261971407,10261971408
10261971408,10261971390
10261971390,10261971391
10261971391,10261971394
10261971394,10261971395
10261971395,10261971396
10261971396,10261971397
10261971397,10261971398
10261971398,10261971399
10261971399,10261971400
10261971400,10261971392
10261971392,10261971393
10261971393,10261971401
10261971392,10262015609
10262015609,10261971386
10262015610,10261971389
10261971389,10262015611
10262015611,10262015613
10262015613,10262015612
10262015612,10261971388
10262015613,10262015614
10262015615,10810639409
10810639409,10262015616
10616921936,10262015619
10262015619,10262015617
10262015617,9867606738
10262015618,10262015619
9862064701,9862068918
9862068918,9862064702
9862064702,9862064703
10262222497,10262222498
10262222498,10262222499
10262222499,10262222502
10262222502,10262247220
10262247220,10262222500
10262222500,10262222501
10262222502,10262222503
10262222503,10262222504
10262222504,10262222505
10262247210,10262247211
10262247211,10262247212
10262247212,10262247213
10262247213,10262247214
10262247214,10262247215
10262247215,10262247216
10262247216,10262247217
10262247217,10262247218
10262247218,10262247219
10262247219,10262247220
10262247210,10262247221
10262247221,10262247222
10262247222,10262247209
10262247209,10262247223
10262247223,10262247224
10262247224,10262247225
10262247225,10262247226
10262247226,10262222505
10262222505,10262247227
10262247227,10262247210
11618379767,11618423171
11618423171,11618423173
11618423173,11618423174
11618423174,11618379768
11618379768,11618423175
11618423175,11618423176
11618423176,11618423170
11618423170,11618423177
11618423177,11618423178
11618423178,11618423179
11618423179,11618423180
11618423180,10262247229
10262247229,11618379767
11618379767,11618423169
11618423169,10262247228
10262247230,11618379766
11618379766,11618379762
11618379762,11618379763
11618379763,11618379764
11618379764,11618379765
11618379765,10262247231
10262247231,10262247232
10262247236,10262247238
10262247238,11618402853
11618402853,10262247237
10262247238,10262247239
10262247240,11618409531
11618409531,10262247241
10262247241,11618409525
11618409525,11618409530
11618409530,11618409526
11618409526,11618409527
11618409527,11618409528
10262247244,10262247245
11621122603,10262239788
10262239808,10262239789
10262239789,10262239790
10262239790,10262239791
10262239792,10262239791
10262239791,943560822
10262239793,10262268209
10262268209,10262239794
10262239795,10262239796
10262239796,10262239794
10262239794,10262239799
10262239799,10262239797
10262239797,10262239798
10262239799,10262239800
10262239801,10262239802
10262239803,10262239804
10262239804,10262239805
10262211493,10262211495
10262211495,10262211500
10262211500,10262211494
10262211495,10262211496
10262211496,10262211497
10262211498,10262211502
10262211502,10262211501
10262211501,10262211499
10262211500,10262211501
10262211502,10262211503
10262211504,10262211505
10262211505,10262211506
10262211506,10262290109
10262290109,10262211507
10262211507,10262290112
10262290112,11980190353
11980190353,11980190360
11980190360,11980190361
11980190361,11980190362
11980190362,11980190363
11980190363,11980190364
10262290109,11980204978
11980204978,9843554413
10262290112,9743073669
9743073669,10262290113
9843554415,11980190352
11980190352,11980190355
11980190355,11980190356
11980190356,11980190357
11980190357,11980190364
11980190364,11980190358
11980190358,11980190359
11980190359,11980190354
10262310941,10262310945
10262310945,10262310942
10262310942,10262310943
10262310943,10262310944
10262310944,7232893572
10262310945,10262310946
10262310946,10262310947
10262310947,10262310948
9843555956,10262310950
10262310950,10262310951
10262310951,10262310952
10262310959,10262310969
10262310969,10262310970
10262310970,10262310971
9843958838,10262384319
10262384322,10262384324
10262384324,10262384323
10262384324,10262384326
10262384326,10262384325
10262384326,10262384332
10262384332,10262384336
10262384336,10262384333
10262384333,10262384327
10262384327,10262384328
10262384328,10262384329
10262384329,10262384330
10262384330,10262384331
10262384331,10262384332
10262384333,10262384334
10262384334,10262384335
10262384335,10262384336
10262384337,10262384349
10262384349,10262384350
10262384350,10262384346
10262384346,10262384345
10262384345,10262384341
10262384341,10262384338
10262384338,11621600472
11621600472,11621600473
11621600473,10262384339
10262384339,10262384340
10262384341,10262384342
10262384343,11621600474
11621600474,10262384345
10262384345,10262384344
10262384346,10262384347
9843579521,10262384352
10262384353,10262384354
10262384354,10262384355
10262384355,13447426288
13447426288,10262384356
10262384356,10262384357
10262384357,10262384358
10262376340,10262376341
10262376341,10262376342
10262376342,10262376343
10262376343,10262376344
10262376344,10262376345
10262376345,10262376346
10262376346,10262376347
10262376347,10262376348
10262376348,10262376349
10262376349,10262376340
10262376344,9743073678
11980204976,10262376352
6436685293,10262376353
10262376353,10262376354
10262376354,10262376355
10264236182,10264236190
10264236190,10264236185
10264236185,10264236186
10264236186,10264236187
10264236187,10264236192
10264236192,10264236188
10264236188,10264236189
10264236190,10264236191
10264236192,10264236194
10264236194,10264236200
10264236200,10264255616
10264255616,10264236193
10264236194,10264236196
10264236196,10264236195
10264236196,10264236197
10264236198,10264236199
10264236200,10264236201
10264255662,10264236203
10264236201,10264236204
10264236204,10264236197
10264236197,10264236205
10264236205,10264236203
10264236203,10264236206
10264236206,10264236199
10264236199,10264236207
10264236207,10264236201
10264236208,10264255663
10264255663,10264255609
10264255609,10264255610
3648432975,10264255610
10264255610,10264255611
10264255611,10264236195
10264236193,10264255612
10264255612,10264255613
10264255613,12919091485
10264255616,12919091484
10264255617,10264255618
10264255618,10264255621
10264255621,11301690338
10264255618,10264255619
10264255619,10264255620
10264255620,10264255621
10264255622,4808446943
4808446943,10264255623
10264255623,10264255619
10264255615,10264255623
10264255628,10264255630
10264255630,10264255629
10264255630,10264255637
10264255637,10264255642
10264255642,10264255631
10264255631,10264255632
10264255633,10264255632
10264255632,10264255635
10264255635,10264255634
10264255635,10264255636
10264255637,10264255638
10264255638,10264255644
10264255644,10264255643
10264255643,10264255639
10264255639,10264255640
10264255641,10264255642
10264255642,10264255643
10264255644,10264255645
10264255638,10264255646
10264255646,10264255647
10264255649,10264255650
10264255651,10264255652
10264255652,10264255653
10264255654,10264255655
10264255655,10264255656
10264255657,10264255658
10264255658,10264255659
10264255660,10264255661
10264219701,10264219702
10264219702,10264219703
10264219703,10264219704
10264219704,10264290719
10264290719,10264219705
10264219705,10264219706
10264219707,10264219708
10264219708,10264290709
10264290709,10264290710
10264290710,10264290711
10264290712,10264290713
10264290713,10264290714
10264290714,10264290715
10264290715,10264290716
10264290717,10264290718
10264290719,10264290718
10264290718,10264290720
10264290720,10264290721
10264290721,10264290722
10264290723,10264290724
10264290724,10264290725
10264290725,10264290726
10264290727,10264290728
10264290728,10264290729
10264290729,10264290730
10264290730,10264290727
10248624598,10264290731
10264290731,10264290732
10264290732,10248624599
10264290727,13439866809
10264272303,10264272304
10264272304,10264272305
10264272305,10264272306
10264272307,10264272308
10264272308,10264303909
10264303909,4083435379
10264303910,10264303911
10264303911,10264303912
10264303912,10264303913
10264303914,10264303915
10264303915,10264303917
10264303917,2323525288
10264303920,10264303919
10264303920,10264303921
10264303935,10264303933
10264303933,12185793089
12185793089,12185793030
267250998,12185793085
12185793085,10264303935
10264303936,10264303937
10264303938,10264303949
10264303949,10264303939
10264303939,10264303940
10264303940,10264303941
10264303941,10264303942
10264303942,10264303943
10264303943,10264303944
10264303944,10264303945
10264303946,10264303947
10264303947,10264303948
10264303948,10264303949
10264303949,10264303950
10264303941,9214974877
9214974877,10264303951
10264334421,10264334422
10264334422,13506381371
13506381371,10264334423
5682466818,10264334426
10264334426,13506381373
13506381373,13506381372
13506381372,10264334425
10264334425,13506381374
13506381374,10264334424
10264334427,10264334429
10264334429,10264334442
10264334442,10264334428
10264334442,10264334430
10264334430,10264334431
10264334431,10264334432
10264334432,10264334433
10264334433,10264334434
10264334434,10264334428
10264334428,10264334443
10264334443,10264334444
10264334444,10264334437
10264334437,10264334438
10264334438,10264334439
10264334439,10264334440
10264334440,10264334441
10264334441,10264334445
10264334445,10264334442
10264334445,10264334446
10264334446,10264334447
10264334450,13681392893
13681392893,10264334451
10264334448,10264334449
10264334449,10264334452
10264334452,10264334453
10264334453,10264334454
10264334454,10264334455
10264334455,10264334451
10264334451,10264334464
10264334464,10264334456
10264334456,10264334457
10264334457,10264334458
10264334458,10264334459
10264334463,10264334460
10264334460,10264334461
10264334461,10264334462
10264334462,11936589379
11936589379,11936589377
11936589377,11936589382
10264334463,10264334464
6531473579,10264334465
10264334466,10264334490
10264334490,10264334467
10264334467,10264334468
10264334469,10264334491
10264334491,10264334470
10264334471,10264334476
10264334476,10264334472
10264334472,10264334473
10264334473,10264334474
10264334474,10264334475
10264334476,10264334478
10264334478,10264334479
10264334480,10264334489
10264334489,10264334481
10264334481,10264334482
10264334482,10264334484
10264334484,10264334483
10264334484,10264334485
10264334485,10264334486
10264334486,10264334487
10264334487,10264334488
10264334488,10264334489
10264334490,10264334491
10264334492,10264334494
10264334494,10264334493
10264334494,10264334495
10264334495,10264334496
10264321658,10264321659
10264321660,10264321661
10264321662,10264321663
10264321663,10264321668
10264321668,10264321664
10264321664,10264321665
10264321665,10264321666
10264321666,10264321667
10264321667,10264321668
10264321669,10264321670
10264321670,10264321671
3749161039,10264321672
10264321672,10264321673
10264321674,10264321680
10264321680,11655073049
11655073049,11655073050
11655073050,11655073051
11655073051,10264321675
10264321675,10264321676
10264321676,11655073052
11655073052,11655073053
11655073053,11655073054
11655073054,10264321677
10264321677,10264321678
10264321681,10264321688
10264321688,10264321682
10264321682,10264321683
10264321683,10264321684
10264321684,10264321685
10264321685,10264321686
10264321686,10264321689
10264321689,10264321687
10264321688,10264321689
10264321690,10264321691
10264321691,10264321692
10264321692,10264321693
10264321693,10264321694
10264321694,10264321695
10264321695,10264321696
10264321696,10264321697
10267150458,10264328239
10264328239,10264328231
10264328231,10264328234
10264328234,10264328232
10264328232,10264328233
10264328234,10264328235
10264328235,10264328236
10264328236,10264328237
10264328237,10264328238
10264328238,10264328239
10264328240,10264328241
10264328240,10264328242
10264328244,12246292754
12246292754,10264328243
11655070314,10264362705
10264362705,11655070310
11655070310,11655070316
11655070316,10264362706
10264362706,10264362707
10264362707,11655070315
11655070315,11655070312
11655070312,11655070311
11655070311,11655070313
10264384011,10264384030
10264384030,10264384032
10264384032,10264384012
10264384012,10264384013
10264384013,10264384014
10264384014,10264384015
10264384015,10264384036
10264384036,10264384016
10264384017,10264384027
10264384027,10264384024
10264384024,10264384018
10264384018,10264384019
10264384019,10264384020
10264384020,10264384021
10264384021,10264384022
10264384022,10264384023
10264384023,10264384024
10264384023,10264384025
10264384025,10264384026
10264384026,10264384028
10264384028,10264384027
10264384028,10264384029
10264384030,10264384031
10264384032,10264384033
10264384018,10264384035
10264384035,10264384036
10264384037,10264384038
10264384038,10264384039
10264384039,267253209
9858009521,10264384040
10264384040,10264384041
10264384041,10264384043
10264384043,10264384042
10264384043,10264384044
10264384045,10264384046
10264384047,10264384046
10264384048,10264384051
10264384051,11939765550
10264384050,10264384051
10264384052,10264384054
10264384054,10264384053
10264384054,10264384055
10264384055,10264384056
10264318164,10264318165
10264318166,10264318171
10264318171,10264318172
10264318172,10264318167
10264318167,10264318168
10264318168,10264318169
10264318169,10264318170
10264318171,3749161017
3749161017,10264318172
3749161015,10264318173
10264318173,10264318174
10264318174,10264318175
10264318175,10264318176
10264318176,10264318177
10264318177,10264318178
10264318178,10264318179
10264318179,3749161015
10264318180,10264318181
10264318181,10264318182
10264318183,10264318184
10264318184,10264318185
10264318185,10264318186
10264318187,10264318188
10264318189,10264318190
10264318191,10264318192
3749161014,10264318193
10264318193,10264318194
9857795534,12278422997
9857795531,10264318196
12105998305,10264318205
10264318205,10264318197
10264318197,10264318198
10264318198,10264318199
10264318199,10264397113
10264397113,10264318200
10264318200,10264318201
10264318202,10264318203
10264318203,10264318204
10264318204,10264318205
10264318205,10264318206
10264318206,10264318207
10264318207,10264318208
10264318208,10264397109
10264397109,10264397110
10264397110,10264397111
10264397111,10264397112
10264397112,10264397113
10264397113,10264318203
5483954470,10264400885
10264400886,10264400887
12278452801,12278452802
12278452802,12278452803
12278452803,10264400887
10264400887,10264400888
10264400888,10264400889
10264400889,10264400890
10264400890,10264400891
10264400891,10264400892
10264400892,12278422998
12278422998,12278422999
12278422999,12278423000
12278423000,10264400885
10264400885,10264400893
10264400893,10264400894
10264400894,10264400895
10264400895,10264400896
10264400896,10264400897
10264400897,10264400898
10264400898,12278452801
13161853388,13161853387
13161853387,10264400907
10264400907,10264400900
10264400900,10264400899
11939765552,10264400902
10264400900,10264400908
10264400908,10264401509
10264401509,10264400902
10264400902,10264400903
11939765553,10264409701
10264409701,10264409695
10264409695,10264409696
10264409696,10264409697
10264409697,10264409698
10264409698,10264409699
10264409700,10264409701
6742341849,10264409702
10264409702,10264409703
10264409703,10264409705
10264409705,10264409704
10264409705,10264409706
10264409707,10264413012
10264413012,10264409708
10264409708,10264413009
10264413010,10264413011
10264413011,10264413012
10264413013,10264413019
10264413019,10264413022
10264413022,10264413014
10264413014,10264413015
10264413015,10264413016
10264413016,10264413017
10264413017,10264413018
10264413018,10264413020
10264413020,10264413019
10264413020,10264413021
10264413022,10264413023
6742341832,13565242224
13565242224,10264413024
10264413024,10264413025
10264413025,10264413028
10264413028,10264413026
10264413026,10264413027
10264413028,10264413029
10264413029,10264413027
10264413027,10264413030
10264413030,10264413032
10264413032,10264413033
10264542462,10264542467
10264542467,10264542463
10264542463,10264542464
10264542464,13356923182
13356923182,10264542465
10264542465,10264542466
10264542466,10264542467
10264542468,10264542469
10264542470,10264542469
10264542469,10264542471
10264542471,10264542472
10264542472,10264542473
10264542473,10264542470
11607465281,10264542483
10264542483,10264542475
9790022349,10264542477
10264542477,10264542478
10264542478,10264542479
10264542480,10264542481
10264542481,10264542482
10264542482,10264542487
10264542487,10264542484
10264542484,10264542483
10264542483,10264542473
10264542484,10264542485
10264542485,13356923175
13356923175,10264542486
10264542487,10264542492
10264542492,10264542488
10264542489,10264552872
10264552872,10264542491
10264542491,10264542490
10264542491,10264542493
10264542493,10264542492
10264542493,10264542494
10264542495,10264542496
10264542497,10264542498
10264542496,10264542498
10264542498,10264542499
10264542499,10264542501
10264542501,10264542500
10264542501,10264542502
10264542502,10264542503
10264542503,10264542504
10264542504,10264542505
10264542505,10264542496
943560306,10264552810
10264552810,10264552848
10264552848,10264552811
10264552811,10264552852
10264552852,10264552812
10264552812,10264552850
10264552850,10264552865
10264552865,10264552813
10264552813,10264552814
10264552814,10264552869
10264552869,10264552816
10264552816,10264552870
10264552870,10264552817
10264552817,10264552818
10264552818,10264552819
10264552819,10264552821
10264552821,10264552822
10264552822,10264552823
10264552823,10264552847
10264552847,10264552824
10264552824,10264552843
10264552843,10264552825
10264552825,10264552826
10264552826,10264552827
10264552827,10264552828
10264552828,10264552829
10264552829,10264552830
10264552830,10264552831
10264552831,10264552832
10264552832,10264552833
10264552833,10264552834
10264552834,10264552835
10264552835,10264552836
10264552836,10264552837
10264552837,10264552838
10264552838,10264552839
10264552839,10264552840
10264552840,10264552841
10264552841,10264552842
10264552842,943560217
10264552843,10264552844
10264552844,10264552845
10264552845,10264552846
10264552846,10264552847
10264552848,10264552849
10264552850,10562067465
10562067465,10562067458
10562067458,10562067459
10562067459,10562067460
10562067460,10562067461
10562067461,10562067462
10562067462,10562067463
10562067463,10562067464
10562067464,10264552851
10264552852,10264552853
10264552853,10264552854
10264552854,10264552855
10264552855,10264552856
10264552856,10264552857
10264552857,10264552858
10264552858,10264552851
10264552851,10264552859
10264552859,10264552860
10264552860,10264552861
10264552861,10264552862
10264552862,10264552863
10264552863,10264552864
10264552864,10264552865
10264555456,10264555457
10264555457,10264555458
10264555457,10264555459
9843742078,10264555460
10264555460,10264555461
10264555461,10264555462
10264555463,10264555478
10264555478,10264555464
10264555464,10264555465
10264555465,10264555466
10264555466,10264555467
10264555467,10264555468
10264555468,10264555469
10264555469,10264555470
10264555470,10264555475
10264555475,10264555471
10264555471,10264555472
10264555472,10264555473
10264555473,10264555474
10264555475,10264555476
10264555476,10264555474
10264555474,10264555477
10264555477,10264555478
10264555480,10264555482
10264555482,10264555481
10264555482,10264555483
10264555483,10264555484
10264555484,10264555485
10264555485,10264555486
10264555486,10264555487
10264555487,10264555488
10264555489,12618390475
12618390475,10264555490
7171207822,10264555491
10264555491,10264555492
10264555492,10264555493
10264555493,10264555494
10264555494,10264555495
10264555495,10264555496
10264580177,10264580178
10264580178,10264580179
10264580179,10264580180
10264580181,10264580184
10264580184,10264580182
10264580182,3555796951
10264580184,10264580185
10264580186,10264580187
10264580187,10264580185
10264580185,3555796951
3555796951,9858009559
10264580187,10264580189
10264580189,10264580188
10264580189,10264580190
10264580191,10264580192
10264580192,10264580193
10264580193,10264580194
10264580194,10264580195
10264580195,10264580196
10264580197,10264580198
10264580198,10264580199
10264580199,10264580200
10264580200,10264580202
10264580202,10264580201
10264580201,11607465286
10264580202,11607465285
10264580204,10264580205
10264580205,10264580206
10264580206,10264580207
10264580207,10264580208
10264580208,10264595409
10264595409,10264595410
10264595410,10264595417
10264595417,10264595411
10264595411,10264595412
10264595412,10264595413
10264595413,10264595414
10264595414,10264595415
10264595415,10264595416
10264595416,10264580204
10264595417,10264595418
10264580204,10264595419
11607465283,10264595421
10264595421,10264595422
10264595422,10264595423
10264595423,267259264
11607465282,10264595429
10264595429,10264595425
10264595425,10264595426
10264595426,10264595427
10264595427,10264595428
10264595429,10264595421
9843616372,12169906428
12169906428,10264640729
10264640730,10264640731
10264640731,10264640740
10264640740,10264640733
10264640733,10264640729
10264640729,10264640734
10264640734,10264640735
10264640740,10264640741
943560345,10264640742
10264640743,10264640744
10264640745,10264640746
10264640747,10264640748
10264640748,10264640749
10264640749,10264640750
10264640750,10264640751
10264640751,10264640752
10264640752,10264640753
10264640753,10264640754
10264640754,10264640755
10264640755,10264640756
10264640756,10264640757
10264640757,10264640758
10264640758,10264640748
10264640759,10264640760
10264640760,10264640761
10264640762,10264640763
13580161029,10264640764
10264640764,10264640766
10264640766,10264640765
10264640766,10264640767
10264640767,10264640768
10264640768,13580161029
10264640769,10264640770
10264640771,10264640772
10264640772,10264640773
10264640773,10264640774
10264640774,3646722921
3646722921,10264640776
10264640776,10264640777
10264640777,10264640778
10264640778,10264640779
10264640779,10264640780
10264640780,10264640781
10264640781,10264640783
10264640783,10264640771
10264640771,12541098175
12541098175,10264640782
10264640783,12541098173
12541098173,10264640784
10264645120,10264645121
10264645121,10264645122
10264645122,12543053302
12543053302,10264645124
10264645124,10264645123
10264645124,10264645125
6720393112,12543051583
12543051583,10264645127
10264645130,12543051578
12543051578,10264645131
10264645139,12543053301
12543053301,12543053328
12543053328,10264645131
10264645131,12543053319
12543053319,10264645132
10264645132,12543053307
12543053307,12543051579
12543051579,10264645133
10264645133,12543051575
12543051575,10264645134
10264645134,12543051597
12543051597,12543051590
12543051590,10264645135
10264645135,12543051599
12543051599,10264645136
10264645136,12543051596
12543051596,10264645137
10264645137,12543051581
12543051581,10264645138
10264645138,12543051577
12543051577,10264645139
10264645138,10264645141
10264645141,10264645142
10264628362,10264628363
10264628363,10264628364
10264628364,10264628365
10264628365,10264628367
10264628367,10264628366
10264628367,10264628368
10264628365,10264628369
10264628369,10264628370
10264628370,10264628371
10264628371,10264628372
10264628373,10264628374
10264628374,10264672416
10264672416,10264628375
10264628375,10264628376
267259279,10264628377
10264628378,10264628379
10264628379,10264628377
10264628377,10264628380
10264628380,10264628381
10264628382,10264628383
10264628383,10264628384
10264628384,10264628385
10264628385,10264628386
10264628386,10264628387
10264628387,10264628388
10264628389,10264628391
10264628391,10264628390
10264628391,10264628392
10264628393,10264628394
10264628394,10264628395
10264628395,10264628396
10264628396,10264628397
10264628397,10264628398
10264628398,10264628394
10264628397,10264628399
10264628400,10264628401
10264628401,10264628402
10264628402,10264628403
10264628404,10264672417
10264672417,10264672418
10264672418,10264628405
10264628406,10264672419
10264672419,10264672420
10264672420,10264628407
10264628408,10264672417
10264672417,10264672420
10264672420,10264672409
10264672410,10264672418
10264672418,10264672419
10264672419,10264672411
10264671057,10264671069
10264671069,10264671058
10264671059,10264671058
10264671058,10264671060
10264671060,10264671061
10264671061,10264671062
10264671062,10264671063
10264671063,10264671064
10264671064,10264671065
10264671065,10264671066
10264671066,10264671067
10264671067,10264671068
10264671068,10264671059
10264671069,10264671071
10264671071,10264671070
10264671071,10264671072
10264671072,10264671073
10264671073,10264671074
10264671074,10264671075
10264671075,10264671076
10264671076,10264671077
10264671077,10264671078
10264671078,10264671079
10264671079,10264706936
10264706936,10264671080
10264671080,10264671081
10264671081,10264671082
10264671082,10264671083
10264671083,10264671084
10264671084,10264671085
10264671085,10264671086
10264671086,10264671087
10264671087,10264671071
10264671088,10264706936
10264706936,10264671089
10264671089,10264671090
10264671090,10264671091
10264671091,10264671092
10264671092,10264671093
10264671093,10264671070
10264671070,10264671094
10264671094,10264671095
10264671095,10264671096
10264671096,10264671097
10264671097,10264671089
4411008102,10264671098
10264671098,10264671099
10264671099,10264671100
10264671100,10264671101
10264671101,10264671102
10264671102,10264671103
10264671103,10264671104
10264671104,10264671105
10264671105,10264671106
10264671106,10264671107
10264671107,10264671098
10264671108,10264706911
10264706911,10264706913
10264706913,10264706909
10264706909,10264706910
10264706911,10264706912
10264706913,10264706915
10264706915,10264706914
10264706915,10264706916
10264706916,10264706917
267259429,10264706918
10264706919,10264706920
10264706921,10264706922
10264706922,10264706923
10264706924,10264706925
10264706925,10264706926
10264706926,10264706927
10264706928,10264706929
10264706929,10264706930
10264706930,10264706931
10264706932,10264706933
10264706933,10264706934
10264706934,10264706935
943559888,10264741938
10264741938,10264741939
267259483,10264741940
10264741940,10264741941
10264741941,10264741942
10264741942,10264741943
10264741943,10264741944
10264741944,10264741945
10264741945,10264741946
10264741946,10264741947
10264741947,10264741948
10264741948,10264741949
10264741949,10264741950
10264741950,10264741951
10264741951,10264741942
10264741952,10264741953
10264741962,10264741963
10264741964,10264741965
1271983675,10264741966
10264741966,10264741967
10264741967,10264741973
10264741973,10264741968
10264741968,10264741980
10264741980,10264741969
10264741969,10264741970
10264741970,10264741971
10264741971,10264741978
10264741978,10264741972
10264741972,10264741967
10264741973,10264741974
10264741975,10264741976
10264741977,10264741978
10264741979,10264741980
10264741979,10264741981
10264741981,10264741974
10264741974,10264741982
10264741982,10264741977
10264741977,10264741983
10264741983,10264741976
10264741976,10264741984
10264741984,10264741979
10264741985,10264741986
10264741986,10264741987
10264741988,10264741989
9805344779,10264764652
10264764652,10264764653
10264764653,10264764654
10264764654,10264764655
10264764655,10264764656
10264764657,10264764658
10264764659,10264764660
10264764660,10264764661
10264764662,10264764663
10264764663,10264764664
10264764665,10264764666
10264764666,9843616380
9843616380,10264764667
10264764667,10264764668
10264764668,10264764669
10264764670,10264764671
10264764671,10264764672
10264764672,10264764673
10264764674,10264764679
10264764679,12535479615
12535479615,10264764675
10264764678,10264764679
10264764680,10264764705
10264764705,10264764681
10264764681,10264764682
10264764682,10264764683
10264764683,10264764684
10264764684,10264764685
10264764685,10264764693
10264764693,10264764686
10264764686,10264764692
10264764692,10264764687
10264764687,10264764688
10264764688,10264764689
10264764689,10264764690
10264764690,10264764691
10264764692,10264764693
10264764694,10264764696
10264764696,10264764695
10264764696,10264764697
10264764697,10264764698
10264764698,10264764699
10264764699,10264764700
10264764700,10264764701
10264764701,10264764702
10264764702,10264764704
10264764704,10264764703
10264764703,10264764705
10264764697,10264764707
10264764707,10264764708
10264764708,10264777009
10264777009,10264777010
10264777010,10264777011
10264552821,10869887005
10869887005,1368046427
9852620154,10271129626
10271129626,10271129624
10271129624,10271129625
9852527176,10271129627
10271129627,10271129628
10271129628,10271129629
10271129629,10271129630
10271129630,10271129635
10271129635,10271129631
10271129631,11648367975
11648367975,10271129632
10271129632,11648367976
11648367976,10271129633
11648367974,10271129635
9859986619,10274753529
10274753530,10274753531
10274753531,10274753532
10274753532,10274753533
10274753533,10274753534
10274753534,943831113
10279857781,10279857782
10279857782,10279857783
10279857784,1811692119
10288932369,10288932366
10288932366,10288932365
10288932365,10288932364
10288932364,10288932363
10288932363,10288932362
10288932362,10288932361
10288932361,10288932368
10288932368,10288932367
10288932367,10288932360
10288932360,10288932359
10288932359,10288932358
10288932358,10288932357
10288932357,10288932356
10288932356,10288932373
10288932373,563661896
563661896,10288932372
10288932372,10288932371
10288932371,10288932370
10288932370,10288932369
6655403066,10288932367
10302280588,10302280589
10302280589,10302280590
10302280590,10302280592
10302280588,10302280593
10302280593,10302280594
10302280594,10302280595
9852620144,10302280596
10302280596,10302280597
10302280597,10302280598
10302280598,10302280599
10302280599,3742302420
10302280600,10302280601
10302280601,10302280602
10302280602,12285037923
12285037923,10302280603
10302280603,12285037922
10302298915,10302298916
10302298916,10302298917
10302298917,10302298918
10302298919,10302298920
10302298920,10302298921
10302298921,10302298922
10302340962,10302340963
10302340963,10302340965
10302340965,10302340966
10302340967,10302340968
10302340969,10302340970
9767010904,10302340971
10302340971,10302340972
3745099605,10302340973
10303750895,10303750896
10303750896,10303750897
10303750897,10303750898
10303750898,10303750899
10310300844,11645300802
11645300802,10310300845
10310300845,10310300846
10310300846,10310300847
10310300847,10310300848
10310300848,10310300849
10310300849,11645300803
11645300803,11645300804
10310300850,11645250654
11645250654,10310300851
10310300851,10310300852
10310300852,10310300853
10310300853,10310300854
10310300854,10310300855
10310300855,10310300856
10310300856,10310300857
10310300857,10310300858
10310300858,10310300859
10310300859,10310300860
10310300860,10310300861
10310300861,10310300862
10310300862,10310300863
10310300863,10310300851
6436643080,6110396100
6110396100,6110396108
4809590476,4809590474
433484647,10536781573
6680820015,6680820016
6666377289,6666377292
10536781575,10536781574
11964510203,6680797466
6680797466,6342496388
6342496388,11964510204
10536781608,10536781607
10536781607,10536781606
10536781606,10536781605
10536781605,10536781604
10536781604,10536781603
10536781603,10536781602
10536781602,10536781601
10536781601,3642434428
3642434428,10536781600
10536781600,10536781599
10536781599,10536781598
10536781598,10536781597
10536781597,10536781596
10536781596,10536781595
10536781595,10536781594
10536781594,10536781593
10536781593,10536781592
10536781592,10536781591
10536781591,10536781590
10536781590,10536781589
10536781589,10536781588
10536781588,10536781587
10536781587,10536781586
10536781586,10536781585
10536781585,10536781584
10536781584,10536781583
10536781583,10536781582
10536781582,10536781581
10536781581,10536781580
10536781580,10536781579
10536781579,10536781578
10536781578,10536781577
10536781577,10536781576
10536781576,10536781608
10536842697,10536842696
10536842696,10536842695
10536842695,10536842694
10536842694,10536842693
10536842693,1453714269
10536842699,10536842700
10536842700,10610831243
10610831243,10536842701
1453714269,1453714268
1453714268,1453714263
1453714263,1453714281
1453714281,1453714275
1453714275,9832502008
9832502008,1453714264
1453714264,1453758038
1453758038,1765105525
1765105525,1453758046
1453758046,9713039581
9713039581,10610831245
10610831245,1453758036
1453758036,9827058831
9827058831,1453758040
10536842704,10536842705
10536842705,10536842706
10536842706,1453714269
10261798959,10538924973
10538924973,9861879584
433484652,10542997946
6680797467,6680797463
11446721750,433484651
433484651,11446721752
11446721752,11446721751
11446721748,6680284555
6680284555,6680284554
6680284554,11446721749
10559272153,11645250655
11645250655,10559272154
10559272154,10559272155
9832681727,11645250653
11645250653,10559272156
10559272156,10310300856
10222989597,11813605767
11813605767,6202055575
10576227597,10576227598
10576227598,10576227604
10576227604,10576227599
10576227599,2715305508
10576227597,10576227600
10576227600,10576227601
10576227601,10576227602
10576227602,10576227603
10576227604,10576227605
10576227605,10576227606
2323525274,2323525244
2323525244,2323525232
2323525232,2323525233
2323525233,10264303914
10264303914,2323525235
2323525235,2323525278
2323525278,2323525288
2323525288,2323525289
9869461116,10610814578
10610814579,10610814580
10610831242,10610831243
10610831243,10610831245
10610831245,10610831244
10610831244,10610831246
10610831246,10610831248
10610831248,10610831249
10610831249,10610831250
10610831250,10610831251
10610831251,10610831252
10610831252,10610831253
9827041738,2912295495
2912295507,1453758036
1453758036,10536842700
10536842700,10610831242
10610831253,9827041738
563661887,10617616644
10617616644,10617616645
6576529277,11792964333
9835235882,246518182
246518182,246518183
246518183,11773807749
11773807749,9598819611
9598819611,9835234361
9835234361,246518184
11792964332,6554718342
12718180641,6669107774
6669107774,6554718346
6554718346,12403288453
12403288453,6554718347
6554718347,268212523
268212523,7188220134
12718180638,11744871193
10660490446,943560267
10616921925,1377836654
10616921928,6436636039
10616921931,6436636043
9868064662,10616921933
10616921935,1377836526
268212022,10616921936
9767010876,10680197938
10680197938,11645349776
11645349776,10680197939
10680197939,11645349775
11645349775,11645349774
11645349774,10680197940
10680197940,10680197941
10680197941,10680197942
6666318666,267197900
6657551989,6657547770
267197901,6681148298
6666318677,6666377306
6657547768,308885275
7612139773,6681148314
6776599543,6776599546
7612139784,6681148320
7615444988,7615445007
10701010711,10701010712
10701010712,10701010715
10701010715,10701010713
10701010713,10701010714
10701010715,10701010716
10703937693,10703937694
10715964437,6961442927
10720644696,10720644695
10720644695,10720644694
10720644694,10720644691
10720644691,10720644693
10720644693,10720644692
4930107703,266807277
6436536504,9861910928
9861910918,9861910919
9861910919,12743986833
12743986833,9861910920
9861910920,12743986834
12743986834,9861971785
9861971785,9861910921
9861910921,9861910922
9861910922,9861910923
9861910923,9861910924
9861910924,9861910925
9861910925,9861910926
9861910926,9861910927
9861910927,13296106594
13296106594,9861910928
6436536504,267193236
267193236,9767010864
9767010864,267193235
267193235,9861891810
9861891810,9861891809
9861891809,267193234
267193234,12278069799
12278069799,12278110512
12278110512,12278110519
12278110519,267193233
267193233,9861971784
9861971784,6998127051
6998127051,267193383
267193383,563661888
563661888,267193232
9767010867,10975955797
6666328391,6666328397
6666328397,6666328399
6666328399,6666328400
6666328400,6666328401
6666328401,6666328402
6666328402,6666328403
6435999731,6666328403
4811281708,10978022890
10978022890,10978022885
10978022885,10978022891
10978022891,10978022887
10978022888,10978022892
10978022892,10978022889
10978022889,10978022890
2714309116,10978020680
1765105511,11645297191
11645297191,1765105528
6666318655,11816215907
11816215907,7782913602
7782913602,6666318656
6666318656,6666318657
6666318657,11816192468
11816192468,6666318658
6666318658,7782913609
7782913609,5809063044
10988933808,10988933813
10988933813,10988933809
10988933809,10988933810
10988933810,10988933811
10988933811,10988933812
10988933813,10988933814
10989085315,10989085316
10989081874,10989081876
10989081876,10989081875
6436851530,10989089911
10989089911,10989089912
10989089912,10989089913
12185793086,12185793062
12185793062,12185793093
10254979365,10254979372
10254979372,10254979366
8982438639,10254979366
10991760777,10991760785
10991760793,10991760794
10991760797,10991760798
10991760798,10991760799
10991760799,10991760800
10991760800,10991760801
10991760802,10991760803
10991771008,10991771009
10991783207,10991783208
10991783208,10991783209
10991783209,10991783210
10991783210,10991783211
10991783211,10991783212
10991783212,10991783213
10991783213,10991783214
10991783214,10991783215
10991783215,10991783216
10991783216,10991783217
10991783217,10991783218
10991783218,10991783208
10991849326,10991849327
10991849327,10991849328
10991849328,10991849329
10991849329,10991849340
10991849340,9843616406
10991849339,10991849340
10991849341,10991849342
10991849343,10991849349
10991849349,10991849344
10991849344,10991849347
10991849347,10991849345
10991849345,10991849346
10991849349,10991849350
10991849351,10991849352
10991849352,10991849353
10991849352,10991849354
10994096927,10994096928
943831259,6481240759
6481240759,2431986110
2431986110,2431986108
11027806795,11648442675
11648442675,11027806796
11027806796,11027806797
11027806797,11027806798
11027806798,11027806803
11027806803,11027806799
11027806799,11027806802
11027806802,11027806801
11027806801,11027806800
11027806800,3644649379
3644649379,11648442676
11648442676,2431986108
11001188156,11001188165
11001188165,11001188157
11001188157,11001188158
11001188158,11001188159
11001188159,11001188160
11001188160,11001188161
11001188161,11001188162
11001188162,11001188163
11001188163,11001188166
11001188166,11001188164
11001404245,12144692246
12144692246,267193194
11001404247,11001404246
11001524518,11001524506
11001524506,11001524508
11001524508,11001524509
11001524509,11001524510
11001524510,11001524511
11001524511,11001524517
11001524517,11001524516
11001524516,11001524515
11001524515,11001524512
11001524512,11001524513
11001524513,11001524507
11001524507,11001524514
11001524514,11001524523
11001524523,11001524522
11001524522,11001524521
11001524521,11001524520
11001524520,7037565305
7037565305,11001524519
11001524519,11001524518
11001524525,11001524508
7037565307,11001524524
7030693218,11001524525
11002612714,11002612715
11002576795,11002576796
11002576796,11002576797
11002576797,11002576798
11002576798,11002576799
11002576799,11002576800
10230413735,11002611453
11002611453,11002611454
11002611454,11002611455
11006937596,11006937601
11006937601,11006937600
11006937600,11006937597
11006937597,12866424056
12866424056,12866424082
12866424080,11006937598
11006937598,11982478461
11982478461,11006937600
11006937600,11006937599
11006937599,12866424081
11006941808,11006941807
11006916600,11006916604
11006916604,11006916601
11006916601,11006916602
11006916602,11006916603
11006850669,11006850671
11006850671,5977627149
5977627149,11006850670
11006850672,11006850674
11006850674,11006850673
5977627142,5977627141
5977627141,5977627140
5977627140,5977627139
5977627139,10975986386
10975986386,5977627138
9767010862,11006948517
11006948517,11006948518
11006948518,11006948519
11006948519,11006948520
11006947803,11006956406
11006956406,11006947804
11006947804,11006956908
11006956908,11006956405
11006956405,11671758561
11671758561,11671758562
11006956905,11006956909
11006956909,11671758562
11671758562,11006956906
11006956906,11006956907
11006956907,11006956908
11006929081,11006929086
11006929086,11006929082
11006929082,11006929083
11006929083,11006929084
11006929084,11006929085
11007095213,11007095217
11007095217,11007095216
11007095225,11007095226
11007095226,11007095227
11007095227,11007095228
11007095228,11007095229
11007192805,11007192808
11007192808,11007149004
11007149004,11007149003
11007149003,11007149002
11007149002,11007192807
11007192807,11007149001
11007192809,11007192810
11007192810,11007192811
11007192811,11007192812
11007192812,11007192813
11007192813,11007192814
11007192814,11007192815
11007192815,11007192816
11007192816,11007192817
11007192817,11007192818
11007192818,11007192819
11007192819,11007192820
11007192821,11007192822
11007192823,11007192824
11007192832,11007192831
11007192831,11007192830
11007192830,11007192829
11007192829,11007192828
11007192828,11007192827
11007192827,11007192826
11007192826,11007192825
11007192833,11007192834
11007192834,11007192835
11007192835,11007192836
11007192836,11007192837
11007192837,11007192838
11007192838,11007192839
11007192839,11007192840
11007192840,11007192841
9859986528,11007241817
11007241817,11007241826
11007241826,11007241818
11007241818,11007241819
11007241819,11007241820
11007241820,11007241821
11007241821,11007241822
11007241822,11007241823
11007241823,11007241824
11007241825,11007241824
11007241824,11007241826
11007241827,11007241842
11007241842,11007241846
11007241846,11007241845
11007241845,11007241841
11007241841,11007241844
11007241844,11007241843
11007241843,11007241840
11007241840,11007241839
11007241839,11007241838
11007241838,11007241837
11007241837,11007241836
11007241836,11007241835
11007241835,11007241834
11007241834,11007241833
11007241833,11007241832
11007241832,11007241831
11007241831,11007241830
11007241830,11007241829
11007241829,11007241828
11007241828,11007241827
11007241847,11007241848
11007241849,11007241850
11007241850,11007241851
11007241851,11007241852
11007241852,11007241853
11007241869,11007241857
11007241857,11007241858
11007241859,11007241860
11007241860,11007241861
11007241861,11007241862
11007241862,11007241873
11007241873,11007241863
11007241863,11007241864
11007241864,11007241865
11007241865,11007241866
11007241866,11007241867
11007241867,11007241872
11007241872,11007241868
11007241868,11007241869
11007241869,11007241870
11007241870,11007241871
11007241871,11007241859
11007241852,11007241873
10980409725,11007334730
11007334730,11007334731
11007334731,11007280664
11007280664,11007280665
11007280665,11007334736
11007334736,11007334735
11007334735,10980409727
10980409727,10980409730
10980409730,11007334739
11007334739,11007334738
11007334738,10980409724
10980409724,10980409725
11007431922,11007431923
11007431924,11007431925
11007431926,11007431927
11007431928,11007431929
11007431930,11007431931
11007431934,11007431935
11007431952,11007431953
3661544587,11007241855
11007241855,3661544589
3661544589,11007241858
11007241858,3661544600
3661544600,9859986530
9859986530,9859986529
9859986529,9859986528
9859986528,3661544601
3661544601,11007241841
11011629669,11011629670
11017343503,11017343504
11017343504,11017347005
11017343504,11017347006
11017346377,11017346378
11017346378,11017346380
11017346380,11017346379
11017323235,11017323239
11017323239,11017323236
11017323236,11017323237
11017323237,11017323238
11017296782,11017296783
11017296783,11017296784
11017296784,12109755965
12109755965,6957675652
11021381031,11021381037
11021381037,11021381032
11021381032,11021381033
11021381033,11021381034
11021381034,11021381035
11021381035,11021381036
11021381036,11021381038
11021381038,6485918170
3739927061,11021381726
11021381726,11021381723
11021381723,11021381721
11021381721,11021381722
11021381723,11021381724
11021381724,11021381725
11021381725,11021381726
6716233258,6204066535
6204066535,6481273621
6481273621,6560868270
6560868270,1870091844
11027097089,11027097090
11027097090,11027097091
11985043725,11224284295
11224284295,11985043703
11985043703,11985043738
11985043738,11985043737
11985043737,11027100837
11027100837,11985043693
11027752809,11027752824
11027752824,11027752810
11027752810,11027752811
11027752811,11027752812
11027752812,11027752813
11027752813,11027752816
11027752816,11027752814
11027752815,11027752820
11027752820,11027752822
11027752822,11027752821
11027752821,11027752819
11027752819,11027752816
7220672387,11027752815
11027752815,11027752817
11027752817,11027752818
11027752819,11027752823
11027752824,11027752825
11027806803,11027806804
11027806804,11027811605
11027811605,11027811606
11027811606,3644649379
11027836126,11027836127
11027836127,11027836128
11027836128,11027836129
11027836129,11027836130
11027836130,11027836131
11027836131,11027836132
11027836132,11027836143
11027836143,11027836144
11027836144,11027836145
11027836145,11027836146
11027836133,11027836134
11027836134,11027836135
11027836135,11027836136
11027836136,11027836137
11027836137,11027836138
11027836138,11027836139
11027836139,11027836140
11027836140,11027836141
11027836132,11027836147
11028881395,11028881396
11028881396,11028881397
11028881396,11028881398
10254960466,11052466382
11052466382,11052466383
11052466383,11052466384
11052466384,11052466385
11052466385,11649123780
11649123780,11052466386
11052466386,11052466365
11052631166,11052631167
11054124682,11054124683
11054455676,11054455678
11054455678,11054455677
11054455678,11054455679
11059013163,11059013164
10261798974,11135891006
11135891006,11135891007
6436339428,6436339427
6436339427,6436339426
309864520,11135921371
11135921371,563661887
11140469074,11140469075
11140469075,11140469076
11140469076,11140469077
11140469077,11140469078
11140469078,11140469079
11140469079,11140469080
11140469080,11140469081
9862064699,11150090849
11150102596,11150102598
11150102598,11150102597
4231806590,11176302400
11176302400,4231806597
10261840050,10261840055
4231806621,11176419158
11176419158,10261816161
10261816195,10261816196
5170712876,9861700953
9861700953,5170712875
5170712875,5170712874
5170712874,9861700954
9861700954,5170712873
5170712873,9861700956
9861700956,5170712872
5170712872,1867171631
1867171631,12159111693
12159111693,9861700961
9861700961,268212041
268212041,9861700960
9861700960,268212042
268212042,9861700959
9861700959,1811692168
1811692168,1764165554
1764165554,268212044
268212044,9861700964
9861700964,1764165547
1764165547,268212045
268212045,1811692181
1811703573,5170712876
6734341550,6734341549
6734341549,11219271745
11219271745,6734341548
6734341548,9861741351
9861741351,6734341547
6734341547,9861741350
9861741350,6734341546
11219271746,11219271748
11219271748,11219271749
11219271749,11219271747
6734341546,9861741349
9861741349,11219271746
6192009291,9867663801
9867663801,11222097604
6737897587,11224286552
11224286552,6737897595
6737897595,9865315042
9865315042,9861879572
9861879572,6737897594
6737897594,9861879570
9861879570,6737897593
6737897593,9861879571
9861879571,6737897592
6737897592,11224286551
11224286551,6436339416
10261781478,11224312307
10261781475,11224312311
11224312311,10261781448
9843191365,11235826432
11235826432,11235826433
11235826433,11235826427
11235826427,11235826429
11235826429,11235826430
11235826430,11235826431
11235826431,11235826428
11235826428,9843191368
11235826434,4264404809
4264404809,11235826435
11235826435,11235826436
11235826434,11235849937
11235849937,11235849938
11235849938,11235849939
11235826434,11235849940
11235849938,11235849941
11235849941,11235849942
11235849942,4427779886
11279764189,11279764190
11279764190,11279764191
11279764191,11279764192
11279764192,11279764193
11279764193,11279764194
11279764194,11279764195
11279764195,11279764196
11279764196,11279764197
11279764197,11279764198
11279764198,11279764199
11279764199,11279764200
11279764200,11279764208
11279764208,11279764191
11279764193,11279764201
11279764202,11279764203
11279764203,11279764204
11279764204,11279764205
11279764205,11279764206
11279764206,11279764207
11279764207,11279764208
9843242437,11279764210
11279764210,11279764211
11279764211,11279764212
11279764212,11279764213
11279764213,11279764214
11279764214,11279764215
11279764215,11279764216
11279764216,11279764217
11279764217,11279764218
11279764218,11279764219
11279764219,11279764220
11279764220,11279764221
11279764221,11279764222
11279764222,11279764223
11279764223,11279764224
11279764224,11279764225
11279764225,11279764226
11279764226,11279764227
11279764227,11279764228
11279764228,11279764229
11279764229,11279764230
11279764230,11279764231
9843242432,11279739356
11279739356,11279739357
11279739357,11279739358
11279739358,11279739359
11279739359,11279739360
11279739360,11279739361
11279739361,11279739362
11279739362,11279739363
11279739363,11279739364
11279739364,11279739365
11279739365,11279739366
11279739366,11279739367
11279739367,11279739368
11279739368,11279772769
11279772769,11279772770
11279772770,11279772771
11279772771,11279772772
11279772772,11279772773
11279772773,11279772774
11279772774,11279772775
11279772775,11279772776
11279772776,11279772777
11279772777,11279772778
11279772778,11279772779
11279772779,11279772780
11279772780,11279772781
11279772781,11279772782
11279772782,11279772783
11279772783,11279772784
11279772784,11279772785
11279772785,11279772786
11279772786,11279772787
11279772787,11279772788
11279772788,11279772789
11279772789,11279772790
11279772790,11279772791
11279772791,11279772792
11279772792,11279772793
11279772793,11279772794
11279772794,11279772795
11279772795,11279772796
11279772796,11279772797
11279772797,11279772798
11279772798,11279772799
11279772799,11279772800
11279772800,11279772801
11279772801,11279772802
11279772802,11279772803
11279772803,11279772804
11279772804,11279772805
11279772805,11279772806
11279772807,11279772808
11279772808,11279772809
11279772809,11279772810
11279772810,11279772811
11279772811,11279772812
11279772812,11279772813
11279772813,11279772814
11279772814,11279772815
11279772815,11279772816
11279772816,11279772817
11279772817,11279772818
11279772818,11279772819
11279772819,11279772820
11279772820,11279772821
11279772821,11279772822
11279772822,11279772823
11279772823,11279772824
11279772824,11279772825
11279772825,11279772826
11279772826,11279772827
11279772827,11279772828
11279772828,11279772829
11279772829,11279772830
11279772830,11279772831
11279772831,11279772832
11279772832,11279772833
11279772833,11279772834
11279772834,11279772835
11279772835,11279772836
11279772836,11279772837
11279772837,4231821236
10562067458,11283343791
11283343791,11283343792
11283343792,11283343793
11283343793,11283343794
11283343794,11283343795
11283343795,11283343796
11283343796,10562067463
11283343797,11283343798
11283343798,11283343807
11283343799,11283343801
11283343801,11283343800
11283343802,11283343803
11283343803,11283343804
11283343804,11283343805
11283343805,11283343807
11283343807,11283343806
1870091898,1870091899
1870091899,9835234359
9835234359,9835234360
9835234360,1681488261
1681488261,1681488242
1681488242,9852498329
9852498329,1681488257
1681488257,9852498328
9852498328,1681488289
1681488289,1681488342
1681488342,1681488355
1681488355,3209387275
3209387275,1681488380
1681488380,1681488431
1681488431,1681488453
1681488453,1681488525
1681488525,7030695764
7030695764,1681488568
1681488568,7030695762
7030695762,1681488610
1681488610,1681488682
1681488682,1681488730
1681488730,1681488736
1681488736,1681488735
1681488735,1681488716
1681488716,1681488690
1681488690,3209387300
3209387300,9843524744
9843524744,11283343838
267259419,267259418
267259418,267259414
267259414,267259413
267259413,11290113781
11301690340,11301690341
11301690341,11301690342
11301690342,11301690343
11301690343,11301690338
11301690338,11301690344
11301690344,11301690337
11301690337,11301690345
11301690345,11301690346
11301690346,11301690336
11301690336,11301690335
11301690335,12898829067
12898829067,11301690347
11301690347,12896534973
12896534973,11726690852
11301690339,11301690340
267249911,3661513064
3661513064,12247941857
12247941857,267249935
267249935,10264236182
10264236182,12247941855
12247941855,11778255746
11778255746,11778255748
11778255748,11301690340
3661513065,3661513066
11301690340,3661513066
395135071,7433275056
7433275056,7433275059
7433275059,267259245
267259245,7232893576
7232893576,3661513069
3661513069,9179118872
9179118872,267259244
267259244,10264255629
10264255629,11301690348
11301690348,11778255750
11778255750,3661513066
6191575242,9862064661
9862064661,9862064660
9862064660,1811692133
1811692133,6656748659
6656748659,3543700049
3543700049,11805188120
11805188120,9860388499
11357570080,11357570081
11357570081,11357570082
11357570082,11357570083
11357570083,11357570084
11357570084,11357570085
11357570085,11357570086
11357570086,4231821236
9767010874,11387535349
11387535349,11387535348
915368894,11491216700
11491216700,12765669149
12765669149,6735325009
11540435931,6657447427
6657447427,11540435932
11540435933,11540435934
11540435934,11540435935
11540435935,11540435936
11540435936,11540435937
11540435937,11540435938
11540435938,11540435939
11540435939,11540435940
11540435940,11540435941
11540435941,11540435942
11540435942,11540435943
11540435943,11540435944
11540435944,13633346612
13633346612,11540435945
11540435945,11540435946
11540435946,11540435947
11540435947,11540435948
11540435948,11540435949
11540435949,11540435950
11540435950,11540435951
11540435951,11540435952
11540435952,11540435953
11540435953,11540435954
11540435954,11540435955
11540435955,11540435956
11540435956,11540435957
11540435957,13633346621
13633346621,11540435958
11540435958,11540435959
11540435959,11540435933
11540435963,6657447459
6657447459,9852864646
9852864646,11540435964
11540435965,6657447363
6657447363,6657447356
6657447356,11540435966
11540435967,11540517069
11540517069,11540517070
11540517070,11545419504
11545419504,11540435968
11540517077,11540517078
11540517078,11540517079
11540517079,11540517080
11540517080,11540517081
11540517081,11540517082
11540517082,11540517083
11540517083,11540517084
11540517084,11540517085
11540517085,11540517086
11540517086,11540517087
11540517087,11540517088
11540517088,11540517089
11540517089,11540517090
11540517090,11540517091
11540517091,11540517092
11540517092,11540517093
11540517093,11540517094
11540517094,11540517095
11540517095,11540517096
11540517096,11540517097
11540517097,11540517077
11540517098,11540517101
11540517101,11540517100
11540517100,11540517099
11540517102,11540517104
11540517104,11540517105
11540517105,11540517103
11540517106,11545419502
11545419502,11540517109
11540517109,11545419501
11545419501,11545419500
11545419500,11540517108
11540517108,11545419503
11545419503,11540517107
11540517110,11540517111
11540517112,6657447294
6657447294,6657447301
6657447301,11540517113
11540517114,11540517115
11540517116,11540517117
6657447306,11540517118
11540517119,11540517120
11540517121,11540517123
11540517123,11540517124
11540517124,11540517122
11540517128,11540517130
11540517130,11540517129
11540517131,11540517133
11540517133,11540517132
11540517129,11540517131
11540517134,11540517137
11540517137,11540517136
11540517136,11540517135
11540517138,6655403385
6655403385,11540517139
11540517140,6655403386
6655403386,11540517141
11540517138,11540517140
11565005045,11565005047
11565005047,11565005046
11565005048,11565005049
11565005049,11565005050
11565005050,11565005051
11565005051,11565005052
11565005052,11565005053
11565005054,11565005056
11565005056,11565005058
11565005058,11565005057
11565005057,11565005059
11565005059,11565005055
11565005060,11565005062
11565005062,11565005063
11565005063,11565005064
11565005064,11565005061
11565005065,11565005067
11565005067,11565005068
11565005068,11565012669
11565012669,11565005066
6385251007,9841332843
9841332843,6385250780
6385250780,9841332851
9841332851,6385250779
6385250779,9841332839
9841332839,9841332842
9841332842,6385250778
11578336950,11578336952
11578336952,13506420294
13506420294,11578336951
5484083361,11607465287
11607465287,11939765548
11939765548,12744307257
12744307257,11607465284
11607465284,9790022349
11609607902,11609607893
11618423171,11618423181
11618423181,11618423172
10262247233,11618402852
11618402852,10262247239
10262247239,10262247235
11618409529,11618409528
11618409528,11618409532
11618409532,6225721620
9843524743,10991760777
10991760785,10991771009
10991771009,11620993375
11620993375,10991760786
11621124387,11621124391
11621124391,9843616406
9843616406,9843616403
11633557559,11633584774
11633584774,11633557560
11633557560,11633557561
11633557561,11633557562
11633557562,11633584773
11633584773,11633557563
11633557563,11633557564
11633557564,11633557565
11633557565,11633557566
11633557566,11633557567
11633557567,11633557568
11633557568,11633584772
11633584772,11633584769
11633584769,11633584770
11633584770,11633584771
11633584771,5167373441
10254899845,10254899846
10254899846,10254899847
10254899847,10254899848
10254899848,10254899849
10254899849,10254899866
11644963115,11644963117
11644963117,11644963118
11644963118,11644963119
11644963119,11644963120
7222233549,11644963117
11645068591,11645068590
11645068590,10248639517
11645068592,10248639522
10248639522,10248639523
10248639523,10248639524
10248639524,10248639526
10248639526,10248639525
10248639525,11645068589
11645082588,11645082590
11645082590,10248639529
11645220718,11645220729
11645220729,11645220719
11645220719,11645220720
11645220720,11645220721
11645220721,11645220722
11645220722,11645220723
11645220723,11645220724
11645220724,11645220725
11645220725,11645220726
11645220726,11645220727
11645220727,11645220728
11645220730,11645220731
11645220731,11645220732
11645220732,11645220733
11645220733,11645220734
11645220734,11645220735
11645220735,11645220736
11645220736,11645220737
11645220737,11645220738
11645300804,11645300805
9862064630,11645298002
11645298002,11645298003
11645298003,11645298004
11645298004,11645298005
11645298005,11645298006
11645298006,9862064639
12919028705,6918479549
6918479549,1765105506
1765105506,6918479533
6918479533,1765105588
11645316527,11645316528
11645316528,11645316529
11645316529,11645316530
11645316530,11645316531
11645316531,11645316532
11645316532,11645316538
11645316538,11645316533
11645316533,11645316534
11645316534,11645316535
11645316532,11645316536
11645349778,11645349779
11645349779,11645349780
11645349780,11645349781
9861910936,9861910937
9861910937,10302298915
10302298915,9861910938
9861910938,9861910939
883864297,9861910936
10536842701,9713039581
10536842701,10536842702
10536842702,10536842703
10536842703,10536842704
10536842704,10536842698
10536842698,10536842697
9767027279,9767027280
3144938663,11647672995
11647672995,11647672996
11647672996,11647672997
11647672997,11647672998
11647450952,11647450955
11647450955,11647450953
9852498345,11647450954
11647852381,11647852420
11647852420,11647852382
11647852382,11647852383
11647852383,11647852384
11647852384,11647852385
11647852385,11647852386
11647852386,11647852387
11647852387,11647852388
11647852388,11647852389
11647852389,11647852390
11647852390,11647852391
11647852391,11647852392
11647852393,11647852410
11647852410,11647852409
11647852409,11647852408
11647852408,11647852407
11647852407,11647852406
11647852406,11647852405
11647852405,11647852404
11647852404,11647852403
11647852403,11647852402
11647852402,11647852401
11647852401,11647852400
11647852400,11647852399
11647852399,11647852392
11647852392,11647852398
11647852398,11647852397
11647852397,11647852396
11647852396,11647852395
11647852395,11647852394
11647852394,11647852393
11647852411,11647852421
11647852421,11647852393
11647852382,11647852412
11647852382,11647852413
11647852413,11647852414
11647852414,11647852415
1453758029,11647860855
7239080091,11647445242
6918479544,7239080092
7239080092,11647445241
11647785423,11647785424
11647785424,11647785425
11647785425,11647785426
11647785426,11647785427
11647785427,11647785428
11647785428,11647785429
11647785429,11647785430
11647785430,11647785431
9852498338,11647785432
11647785432,11647785433
11647785433,11647785434
11647785434,11647785435
11647785435,11647785436
11647785436,11647785437
11647785437,11648013602
11648013602,11647785438
11647785438,11648013604
11648013604,11647785439
11647785439,11647785440
11647785440,11647785441
11647785441,11647785442
11647785442,11647785443
11647785443,11647785444
11647785444,11647785445
11647785445,11647785446
11647785446,11647785447
11647785447,11647785448
11647785448,11647785449
11647785449,11647785450
11647785450,11647785451
11647785451,11647785452
11647785452,11647785453
11647785453,11647785454
11647785454,11647785455
11647785455,11647785456
11647785456,11647785457
11647785457,11647785458
11647785458,11647785459
11647785459,11647785460
11647785460,11647785440
11647785461,11648013609
11648013609,11647785462
11647785462,11647785463
11647785463,11647785464
11647785464,11647785465
11647785465,11647785466
11647785466,11648198510
11648198510,11647785467
11647785467,11648081277
11648081277,11647785468
11647785468,11648081269
11648081269,11648081270
11648081270,11648081278
11648081278,11648081271
11648081271,11648081272
11648081272,11648081273
11648081273,11648081274
11648081274,11648081275
11648081275,11648081276
11648081276,11647785453
11648198479,11648013608
11648013608,11648198480
11648198480,11648198481
11648198482,11648013607
11648013607,11648198483
11648198481,11648198484
11648198484,11648198485
11648198485,11648198486
11648198487,11648198488
11648198488,11648198489
11648198489,11648198483
11648198483,11648198481
11648198504,11648198496
11648198496,11648198495
11648198495,11648198494
11648198494,11648198493
11648198493,11648198503
11648198503,11648198502
11648198502,11648198501
11648198501,11648198500
11648198500,11648198499
11648198499,11648198498
11648198498,11648198497
11648198497,11648198487
11648198487,11648198492
11648198492,11648198491
11648198491,11648198490
11648198490,11648198508
11648198508,11648198507
11648198507,11648198486
11648198486,11648198506
11648198506,11648198505
11648198505,11648198504
11648198504,11648198511
11648198511,11648198509
11648198509,11648198510
11648198511,11648198512
11648198512,11648198513
11648013602,11648013603
11648013604,11648013605
3644533698,11808669629
11808669629,563659638
563659638,6655403238
6655403238,6655403239
3644533698,9852527179
3644533743,6655403311
6655403311,6655403310
6655403310,3644533698
6655403323,3644533743
11648375247,11648375248
9852527170,11648375249
11648375249,11648375250
11648375250,9852527162
11648371018,11648371019
11648371019,11648371020
11648371020,11648371021
11648371021,11648371022
11648371022,11648371023
11648371023,6645848779
6645848779,11648371024
6645848778,6655403378
6655403378,12260790253
12260790253,6655403379
6655403379,12260790254
12260790254,6655403380
6655403380,6655403381
6655403381,6655403388
6655403388,6655403382
6655403382,6655403386
6655403386,6655403383
6655403383,6655403384
11648392187,11648392188
11648392188,11648392189
11648392189,11648392190
11648392191,11648392192
11648392192,11648392193
11648392194,11648392195
11648392195,11648392196
11648392196,11648392197
11648392197,11648392198
3644649542,3644649546
3644649542,3644649543
308884530,3742305485
3742305485,3742305484
3742305484,13378048408
13378048408,13378048405
13378048405,3742305478
3742305478,3742305477
3742305477,3742305481
3742305481,3742305486
3742305486,9852968145
9852968145,943831437
11648447926,11648447927
11648447927,11648447928
11648447928,11648447929
11648447929,11648447930
11648447930,11648447931
11648447931,11648447932
11648447932,11648447933
11648447933,11648447934
11648447934,11648447935
11648447935,11648447942
11648447942,11648447936
11648447936,11648447937
11648447937,11648447938
11648447938,11648447939
11648447939,11648447940
11648447940,11648447941
11648447942,11648447943
11648447943,11648447944
11648447929,11648447945
11648447945,11648447946
11648447946,11648447947
11648498447,11648498436
11648498436,11648498435
11648498435,11648498434
11648498434,11648498446
11648498446,11648498445
11648498445,11648498444
11648498444,11648498443
11648498443,11648498442
11648498442,11648498441
11648498441,11648498440
11648498440,11648540469
11648540469,11648498439
11648498439,11648498438
11648498438,11648498437
11648498437,11648498433
11648498433,11648498432
11648498432,11648498431
11648498431,11648498449
11648498449,11648498448
11648498448,11648498447
11648498461,11648498453
11648498453,11648498452
11648498452,11648498460
11648498460,11648498459
11648498459,11648498458
11648498458,11648498457
11648498457,11648498456
11648498456,11648498455
11648498455,11648498454
11648498454,11648498451
11648498451,11648498450
11648498450,11648498468
11648498468,11648498467
11648498467,11648498466
11648498466,11648498465
11648498465,11648498464
11648498464,11648498463
11648498463,11648498462
11648498462,11648498461
11648540470,11648540471
11648540471,11648540472
11648540472,11648540473
11648540473,11648544465
11648544465,11648498433
11648540470,11648540474
11648540474,11648540475
11648540475,11648544468
11648544468,11648498462
11648540470,943875751
11648544465,11648544466
11648544466,11648544467
11648544467,11648544468
11648544467,11648561369
11648561369,11648561370
11648561370,11648561371
11648561371,11648561372
11648544466,11648561395
11648561395,11648561373
11648498435,11648561374
11648561374,11648561375
11648561375,11648561376
11648561376,11648561377
11648561377,11648561378
11648561378,11648561379
11648561379,11648561380
11648561380,11648561381
11648561381,11648561382
11648561382,11648561383
11648561383,11648561384
11648561385,11648561386
11648561386,11648561387
11648561387,11648561388
11648561388,11648561389
11648561389,11648561390
11648561391,11648498467
11648561372,11648561392
11648561392,11648561393
11648561393,11648561394
11648561395,11648561396
11648561397,11648561398
11648561398,11648561399
11648561399,11648561400
11648561400,11648561402
11648561402,11648561401
11648561402,11648561403
11648561403,11648561404
11648561404,10727188569
7305381090,7305381086
7305381086,6657447340
6657447340,9852527187
9852527187,13671508681
13671508681,13671508682
6657447325,6657447327
11648546455,11648546456
11648546456,11648546457
11648546457,11648546458
11648546458,11648546459
11648546459,11648546460
11648546460,11648546461
11648546461,11648546462
11648546462,11648546463
11648498448,11648620893
11648561378,11648620894
11648620894,11648620895
11648620895,11648620896
6436232485,13282838238
13282838238,11648960723
11649123780,11649123781
6538727983,10242883142
10242883142,10242883137
10242883137,6484704096
6538752686,1765105523
6538727983,2431986080
6538752686,6538752685
6538752685,6538727984
6538727984,6538727983
9832681717,11651921394
2990369110,11651923871
11651923871,2506015523
11651893627,11651893631
11651893631,11651893632
11651893632,11651893633
11651893633,9832681725
11652403321,11652403322
11652403322,11652403323
11652403323,11652403324
11652403324,11652403320
11652403320,10255043878
10255043878,10255043880
10255043852,11652470020
11652470020,11652470016
5681450578,11652554625
11652554625,11652554624
11652559538,11652559542
11652559542,11652559539
11652559540,11652559539
11652559539,11652559541
9858009523,11652597002
11652597002,11652597001
11655070313,10264384009
10264384009,10264362708
10264362704,10264384010
10264384010,11655070314
10255100667,11655013750
8982433112,9292421374
9292421374,8982433115
11655251334,11655251335
11655251335,11655251336
11655251336,11655251337
11655251337,11655251338
11655251338,11655251339
11655251339,11655251340
11655251340,11655251341
11655251341,11655251342
11655251342,11655251343
11655251343,11655251344
8982433115,11655251329
11655528273,11655538425
11655538425,10255363532
10255363526,11655462196
11655462196,6437397291
6437397291,6437397290
11655568221,11655568222
11655568222,11655568223
11655568223,11655568224
11655564795,11655564796
11655564796,11655564797
11655564797,11655564804
11655564804,11655564798
11655564798,11655564799
11655564799,11655564800
11655564800,11655564801
11655564801,11655564802
11655564802,11655564803
11655564804,11655564805
11655564795,11655564794
11655564794,11655564806
11655564806,11655564819
11655564819,11655564807
11655564807,11655564822
11655564822,11655564808
11655564808,11655564809
11655564809,11655564810
11655564810,11655564811
11655564811,11655564812
11655564812,11655564813
11655564813,11655564814
11655564814,11655564815
11655564815,11655564816
11655564816,11655564818
11655564818,11655564817
11655564818,11655564819
11655564820,11655575400
11655575400,11655564821
11655564821,11655564822
11655564813,11655575390
11655575390,11655575391
11655575391,11655575392
11655575392,11655575393
11655575393,11655575394
11655575394,11655575395
11655575395,11655575396
11655575396,11655575397
11655575397,11655575398
11655575398,11655575399
11655564357,11655564793
11655564793,11655564794
11655598860,11655598863
11655598863,10255352601
9767027232,11655604854
11655604856,11655604857
11655604858,11655604859
947951022,947950458
9767027244,9767027245
9767027245,9854917355
9854917355,9767027246
9767027246,9767027247
9767027247,11655637402
11655637402,9767027242
9767027242,947950458
11655637400,11655637401
11655637402,11655637403
11655637403,11655637404
11655637404,11655637405
11655637405,11655637406
11655637406,11655637407
11655637407,11655637408
11655637408,11655637409
11655637409,11655637410
11655637411,11655637412
11655637412,11655637413
11655637413,11655637414
11655637414,11655637415
11655637415,11655637416
11655741015,11655741016
11655741017,11655741018
11655741018,11655741019
11655741019,11655741020
11655741020,11655741021
11655741021,11655741022
6438173882,11668948981
11668948981,11668948982
11668948982,11668948983
7245570092,7245570090
7245570090,11668957024
11668957024,11668957025
10975945871,11671638118
11671638119,11671638120
11671638120,11671638121
11671638122,11671638123
11671638123,11671638124
11671638124,11671638125
11671638125,11671638126
11671638126,11671638127
11671638127,11671638128
11671638128,11671638129
11671638129,11671638130
11671638102,11671640943
11671640943,11671640944
11671640944,11671640945
11671640945,11671640946
11671640946,11671640947
11671640947,11671640948
11671640948,11671640949
11671640949,11671640950
11671640950,11671640951
11671640951,11671640952
11671640952,11671640953
11671640953,11671640954
11671640954,11671640955
11671640955,11671640956
11671640956,11671640957
11671640957,11671640958
11671640958,11671640959
11671640960,11671640961
11671640961,11671640962
11671640962,11671640963
11671640963,11671640964
11671640964,11671640965
11671640965,11671640966
11671640966,11671640967
11671640967,11671640968
11671640968,11671642369
11671642369,11671642370
11671642370,11671642371
11671642371,11671642372
11671642372,11671642373
11671642374,11671642375
11671642375,11671642376
11671642376,11671642377
11671642377,11671642378
11671642378,11671642379
11671642380,11671642381
11671642379,11671642382
11671580640,11671580641
11671638115,11671580642
11671641816,11671641818
11671641818,11671641817
9865315037,11671782241
11671782241,11671782225
11671782225,11671782226
11671782226,11671782227
11671782227,11671782228
11671782228,11671782229
11671782229,11671782230
11671782230,13377661899
13377661899,11671782231
11671782231,11671782232
11671782232,11671782233
11671782233,11671782234
11671782234,11671782235
11671782235,11671782236
11671782236,11671782237
11671782237,11671782243
11671782243,11671782238
11671782238,11671782239
11671782239,11671782240
11671782241,11671782242
11671782242,11671782243
11671782244,11671782245
11671782245,11671782246
11671782246,11671782247
11671782247,11671782248
11671782249,11671782250
11671841369,11671841370
11671841370,11671841371
11671841371,11671841372
11671841372,11671841373
11671841373,11671841374
11671841376,11671841377
11671841377,11671841378
4809590486,4809590485
9862064687,11671841379
11671841379,11671841380
11671841380,11671841384
11671841384,11671841381
11671841381,11671841382
11671841382,11671841383
11671841383,4809590485
11671841385,11671841390
11671841390,11671841388
11671841388,11671841386
11671841386,11671841387
11671841388,11671841389
563659544,11671848009
11671848009,11671847993
11671847993,11671847994
11671847994,11671847995
11671847995,11676323401
11671847993,11671847997
11671847997,11672302241
11672302241,9854917364
11671847994,11671847998
11671847998,11671847999
11671847999,11671848000
11671848000,11671848001
11671848001,11671848002
11671848002,11671848003
11671848003,11671848004
11671848004,11671848005
11671848005,11671848006
11671848006,11671848007
11671848007,11671848008
11671998891,11671998899
11671998899,11671998892
11671998892,11671998893
11671998893,11671998894
11671998894,11671998895
11671998895,11671998896
11671998896,11671998892
11671998896,11671998897
11671998897,11671998898
11672033762,11672164316
11672164316,11672164315
11672164315,11672033763
11672033764,11672164314
11672164314,11672033765
11672033763,11672033765
11672033765,11672033766
11672033766,11672033767
11672033767,11672033768
11672033768,11672045369
11672045369,11672045370
11672045370,11672045371
11672045371,11672045372
11672045372,11672045373
11672045373,11672045374
11672045374,11672045375
11672045375,11672045376
11672045376,11672045377
11672045377,11672045378
11672045378,11672033763
11672045369,11672045379
11672045379,11672045380
11672045380,11672045381
11672045381,11672045382
11672045382,11672045383
11672045383,11672045399
11672045399,11672045384
11672045384,11672045404
11672045404,11672045385
11672045385,11672045386
11672045386,11672045387
11672045387,11672045388
11672045388,11672045389
11672045389,11672045390
11672045390,11672045391
11672045391,11672045392
11672045392,11672045393
11672045393,11672045394
11672045394,11672045395
11672045395,11672045396
11672045396,11672045397
11672045397,11672045398
11672045399,11672045400
11672045400,11672045401
11672045401,11672045402
11672045402,11672045403
11672045404,11672045405
11672045405,11672045406
11672045406,11672045407
11672045407,11672045408
11672045408,11672045409
11672045406,11672164312
11672164312,11672045410
11672045411,11672164313
11672164313,11672045412
11672045375,11672045413
11672045413,11672045414
11672045414,11672045415
11672045415,11672045416
11672045416,11672045417
11672045417,11672045418
11672045418,11672045419
11672045419,11672045420
11672045420,11672045421
11672045421,11672045422
11672045422,11672045423
11672045423,11672045424
11672045424,11672045425
11672045425,11672045413
11672199875,11672199876
11672199876,11672199877
11672199877,11672199878
11672199878,11672199879
11672199879,11672199880
11672199880,11672199881
11672199882,11672199883
11672199883,11672199884
11672199884,11672199909
11672199909,11672199885
11672199885,11672199886
11672199886,11672199887
11672199887,11672199891
11672199900,11672199891
11672199891,11672199890
11672199890,11672199899
11672199899,11672199898
11672199898,11672199897
11672199897,11672199896
11672199896,11672199895
11672199895,11672199894
11672199894,11672199893
11672199893,11672199892
11672199892,11672199889
11672199889,11672199888
11672199888,11672199906
11672199906,11672199905
11672199905,11672199904
11672199904,11672199903
11672199903,11672199902
11672199902,11672199901
11672199901,11672199900
9767027220,11672199907
11672199907,11672199908
11672199908,11672199904
11672199909,11672150933
11672150933,11672199910
11672199822,11672199823
11672199823,11672199824
11672199824,11672199825
11672199836,11672199837
11672199837,11672199838
11672199838,11672199839
11672199839,11672199840
11672199840,11672199841
11672199841,11672199842
11672199842,11672199843
11672199843,11672199825
11672199825,11672199826
11672199826,11672199829
11672199829,11672199830
11672199830,11672199831
11672199831,11672199844
11672199844,11672199832
11672199832,11672199833
11672199833,11672199834
11672199834,11672199835
11672199835,11672199827
11672199827,11672199828
11672199828,11672199836
11672199832,11672199845
11672199845,11672199846
11672199846,11672199847
11672199848,11672199849
11672199849,11672199836
11672199850,11672199851
11672199851,11672199852
11672199852,11672199853
11672199853,11672199854
11672262825,11672274645
11672274645,11672262858
11672262858,11672262826
11672262827,11672262868
11672262868,11672262867
11672262867,11672262828
11672262828,11672262829
11672262829,11672262830
11672262830,11672262831
11672262831,11672262832
11672262832,11672262833
11672262833,11672262834
11672262834,11672262835
11672262835,11672262836
11672262836,11672262837
11672262837,11672262838
11672262838,11672262839
11672262851,11672262852
11672262852,11672262853
11672262853,11672262854
11672262854,11672262855
11672262855,11672262856
11672262856,11672262857
11672262857,11672262826
11672262826,11672262840
11672262840,11672262843
11672262843,11672262844
11672262844,11672262845
11672262845,11672262846
11672262846,11672262847
11672262847,11672262848
11672262848,11672262849
11672262849,11672262850
11672262850,11672262841
11672262841,11672262842
11672262842,11672262851
11672262858,11672262859
11672262859,11672262860
11672262860,11672262861
11672262861,11672262862
11672262862,11672262863
11672262863,11672262864
11672262864,11672262865
11672262865,11672262866
11672262866,11672262867
9862064694,11672318296
11672318296,11672318297
11672318297,11672318298
11672318298,11672318299
11672318299,11672318300
11672318300,11672318301
11672318301,11672318302
11672318302,11672318303
11672318303,11672318304
11672318304,11672318307
11672318307,11672318310
11672318310,11672318311
11672318311,11672318305
11672318306,11672318307
11672309876,11672324830
11672324830,11672324829
11672324829,11672309877
11672309877,11672309878
11672309878,11672309879
11672309879,11672309885
11672309880,11672309882
11672309883,11672309884
11672309886,11672309883
11672309883,11672309880
11672309880,11672324828
11672324828,11672309881
11672311713,11672311703
11672311703,11672311704
11672311704,11672311705
11672311705,11672311706
11672311706,11672311707
11672311707,11672311708
11672311708,11672311709
11672311709,11672311710
11672311710,11672311711
11672311711,11672311712
11672311712,11672311713
11672311702,11672311713
11672311714,11672311715
11672311715,11672311716
11672311716,11672311717
11672311717,11672311718
11672311718,11672311719
11672311719,11672311720
11672311720,11672311721
11672311721,11672311722
11672311722,13594439295
13594439295,13594439296
13594439296,13594439297
13594439297,9852498392
11672311723,13594347092
11672257760,11672257766
11672257766,13594439258
13594439258,9852498415
9852498423,11672257767
11672257767,11672257761
11672324840,11672324850
11672324850,11672324841
11672324841,11672324842
11672324842,11672324843
11672324843,11672324844
11672324844,11672324845
11672324845,11672324846
11672324846,11672324847
11672324847,11672324848
11672324848,11672324851
11672324851,11672324849
11672300466,11672376187
11672376187,11672300467
11672300468,11672376186
11672376186,11672376169
11672376169,11672300467
11672300467,11672376170
11672376170,11672376171
11672376171,11672376172
11672376172,11672376185
11672376185,11672376173
11672376173,11672376174
11672376174,11672376175
11672376175,11672376176
11672376176,11672376177
11672376176,11672376178
11672376178,11672376179
11672376179,11672376180
11672376180,11672376181
11672376182,11672376189
11672376189,11672376190
11672376190,11672376188
11672376188,11672376183
11672376183,11672376184
11672376184,11672376185
11672301839,11672301840
11672301840,11672301841
11672301841,11672301848
11672301848,11672301842
11672301842,11672301847
11672301847,11672301843
11672301843,11672301844
11672301844,11672301845
11672301845,11672301846
11672301846,11672301828
11672301828,11672301829
11672301829,11672301832
11672301832,11672301851
11672301851,11672301833
11672301833,11672301834
11672301834,11672301835
11672301835,11672301836
11672301836,11672301837
11672301837,11672301838
11672301838,11672301830
11672301830,11672301831
11672301831,11672301839
11672301847,11672374683
11672374683,3144938687
11672301848,11672374684
11672374684,11672301849
11672301849,11672301850
11672301850,9852498381
11672301851,11672301863
11672301863,11672301852
11672301852,11672301853
11672301853,11672301854
11672301854,11672301855
11672301839,11672301856
11672301856,11672301857
11672301857,11672301858
11672301858,11672301859
11672301859,11672301860
11672301860,11672301861
11672301861,11672301862
11672301863,11672301864
11672301864,11672301865
11672301865,11672301866
11672301866,11672301867
11672301867,11672301868
11672301868,11672385369
11672385369,11672385370
11672385370,11672385371
11672385371,11672385372
11672385372,11672301844
6655403218,6655403217
6655403217,6655403216
6655403216,11540517137
11744871196,11744871195
11744871195,11744871194
11744871194,11744871193
309859092,6593517828
6593517828,6593517829
7222087505,7222087504
11773807747,11773807746
11773807749,11773807748
11775557667,11775572598
11775572598,11775572736
11775572736,11775572740
11775572740,11775572574
11775572574,11775572687
11775572728,11775572758
11775572676,11775572663
11775572663,11775572608
11775572608,11775572659
11775572763,11775572712
11775572712,11775572682
11775572682,11775557665
11775572640,11775572636
11775572636,11775557649
11775572696,11775572746
11775572746,11775572642
11775572642,11775572723
11775572661,11775557656
11775557656,11775572686
11775572686,11775572711
11775572711,11775572750
11775572750,11775572716
11775572716,11775572632
11775572632,11775557653
11775557653,11775572628
11775572628,11775572719
11775572719,11775572625
11775572625,11775572690
11775572690,11775557661
11775557661,11775572659
11775572659,11775572651
11775572651,11775572604
11775572604,11775557666
11775557666,11775557664
11775557664,11775572657
11775572657,11775557660
11775557660,11775572748
11775572748,11775572694
11775572694,11775557667
11775557667,11775572701
11775572701,11775572650
11775572650,11775572617
11775572617,11775572737
11775572737,11775572738
11775572738,11775557662
11775557662,11775557646
11775557646,11775572639
11775572639,11775572671
11775572671,11775557648
11775557648,11775572666
11775572666,11775572674
11775572635,11775572625
11775572625,11775572585
11775572585,11775572633
11775572679,11775572687
11775572687,11775572723
11775572647,11775557659
11775557659,11775572720
11775572720,11775572645
11775572645,11775572704
11775572704,11775572756
11775572756,11775572689
11775572689,11775572692
11775572692,11775572710
11775572710,11775557641
11775557641,11775572589
11775572589,11775572572
11775572572,11775572753
11775572753,11775572679
11775572679,11775572629
11775572629,11775572708
12039493738,12039493739
12039493739,11775572633
11775572633,11775572602
11775572602,11775572595
11775572595,11775572621
11775572621,12039493732
12039493732,11775572680
11775572680,11775572622
11775572622,11775572600
11775572600,11775572592
11775572592,12039493733
12039493733,12039493734
12039493734,12039493735
12039493735,11775572760
11775572760,12039493736
12039493736,12039493737
12039493737,11775572676
11775572676,11775572700
11775572700,11775572684
11775572684,11775572611
11775572611,12039493738
11775572689,11775572737
11775572583,11775572718
11775572680,11775572728
11775572728,11775572742
11775572742,11775572717
11775572717,11775572638
11775572638,11775572722
11775572722,11775572664
11775572664,11775572696
11775572696,11775572619
11775572619,11775572764
11775572764,11775572705
9861971810,11775572745
11775572722,11775572631
11775572631,11775572693
11775572693,11775572732
11775572732,11775572661
11775572661,11775572612
11775572612,11775572662
11775572662,11775572654
11775572654,11775557668
11775557668,11775572664
11775572664,11775572649
11775572649,11775572656
11775572656,11775557657
11775557657,11775572674
11775572674,11775557645
11775557645,11775572615
11775572615,11775572761
11775572761,11775572597
11775572597,11775572722
11775572585,11775572691
11775572745,11775572672
11775572695,11775572763
11775572763,11775572606
11775572606,11775557665
11775557665,11775557664
11775557664,11775557651
11775557651,11775572760
11775572650,11775572640
11775572723,11775572672
11804669645,11804672269
11804672274,11804669667
11804672274,11804669642
11804669642,11775572583
11804669654,12676083725
12676083725,12159111700
12159111700,11804669649
11804669649,11804669661
11804669661,11804669663
11804669663,11804669658
11804669658,11804672273
11804672273,11804672276
11804672276,11804669668
11804669668,11804669656
11804669656,11804669664
11804669664,11804669642
11804669642,11804669662
11804672273,11804669645
11804686764,9843536998
9843536998,943559829
943559829,9843537005
9843537005,9843536995
9843536995,5561970220
9843537006,9843537005
9843537005,9843537004
267259454,267259487
267259487,267259455
9843536995,11804686766
9843536996,11804720885
11804720885,11804686766
11804686766,11804720883
11804720883,267259326
267259327,267259485
267259485,267259461
267259461,267259460
267259460,943560106
943560106,9843537006
9843537006,9843536996
267259326,11804720884
11804720884,11804720886
11804720886,9843536996
947950620,6655403364
6655403364,947950267
947950205,6655403347
6655403347,11804801670
11804801670,11804801669
11804801669,11804801668
11804801668,11804801667
11804801667,11804801666
11804801666,11804801665
11804801665,11804801664
11804801664,947950306
947950306,11804801663
11804801663,11804801662
11804801662,11804801661
11804801661,11804801660
11804801660,11804801659
11804801659,11804801658
11804801658,11804801657
11804801657,11804801671
11804801671,11804801656
11804801656,11804801655
11804801655,11804801654
11804801654,11804801653
11804801653,11804801652
11804801652,11804801651
11804801651,11804801650
11804801650,11804801649
11804801649,11804801648
11804801648,11804801647
11804801647,11804801646
11804801646,11804801645
11804801645,11804801644
11804801644,947950620
11804801783,11804801782
11804801785,11804801784
11804801787,11804801786
11804801789,11804801788
11805188128,11805188127
1811692157,11820472654
11820472654,1811692132
11805228645,11819120745
11819120745,11804945364
11808669628,11808669627
11808669630,11808669629
11808669632,11808669631
11808669634,11808669633
11808826351,11808826340
11808826340,11808826479
11808669643,11808669642
11808669642,11808826266
11808669649,11808669648
11808669648,11808669647
11808669647,11808669646
11808669646,11808826229
11808669656,11808669653
11808669653,11808669652
11808669652,11808669651
11808669651,11808669650
11808669650,11808669649
11808669649,11808826220
11808669641,11808669640
11808669640,11808669639
11808669639,11808669638
11808669638,11808669637
11808669637,11808669636
11808669636,11808669635
11808669635,11808826205
11808826205,11808669654
11808669654,11808669655
11808669655,11808669656
11808669656,11808669657
11808669657,11808669658
11808669658,11808826233
11808826173,11808826170
11808826170,11808826169
11808826169,11808669668
11808669668,11808669667
11808669667,11808669666
11808669666,11808669665
11808669665,11808669664
11808669664,11808669663
11808669663,11808669662
11808669662,11808669661
11808669661,11808669660
11808826225,11808826174
11808826174,11808826173
11808826173,11808826172
11808826172,11808826171
11808826171,11808826261
11808826184,11808669641
11808669641,11808826183
11808826183,11808826182
11808826182,11808826181
11808826181,11808826180
11808826180,11808826179
11808826179,11808826178
11808826178,11808826177
11808826177,11808826176
11808826176,11808826175
11808826196,11808826189
11808826189,11808826188
11808826188,11808826187
11808826187,11808826186
11808826186,11808826185
11808826185,11808826215
11808826208,11808826207
11808826207,11808826206
11808826206,11808826205
11808826205,11808826204
11808826204,11808826203
11808826203,11808826202
11808826202,11808826209
11808826209,11808826201
11808826201,11808826200
11808826200,11808826199
11808826199,11808826198
11808826198,11808826197
11808826197,11808826196
11808826196,11808826195
11808826195,11808826194
11808826194,11808826193
11808826193,11808826192
11808826192,11808826191
11808826191,11808826190
11808826237,11808826236
11808826236,11808826235
11808826235,11808826234
11808826234,11808669660
11808669660,11808669659
11808669659,11808826233
11808826233,11808826232
11808826232,11808826231
11808826231,11808826230
11808826230,11808826229
11808826229,11808826228
11808826228,11808826227
11808826227,11808826226
11808826226,11808826225
11808826225,11808826224
11808826224,11808826223
11808826223,11808826222
11808826222,11808826221
11808826221,11808826220
11808826220,11808826219
11808826219,11808826218
11808826218,11808826217
11808826217,11808826216
11808826216,11808826215
11808826215,11808826214
11808826214,11808826213
11808826213,11808826212
11808826212,11808826211
11808826211,11808826210
11808826210,11808826209
11808826408,11808826407
11808826239,11808826240
11808826240,11808826238
11808826400,11808826241
11808826241,11808826240
11808826254,11808826253
11808826253,11808826252
11808826252,11808826251
11808826251,11808826250
11808826250,11808826249
11808826249,11808826248
11808826248,11808826247
11808826247,11808826246
11808826246,11808826245
11808826245,11808826244
11808826244,11808826243
11808826243,11808826241
11808826241,11808826242
11808826278,11808826274
11808826274,11808826273
11808826273,11808826272
11808826272,11808826271
11808826271,11808826270
11808826270,11808826269
11808826269,11808826268
11808826268,11808826267
11808826267,11808826266
11808826266,11808826265
11808826265,11808826254
11808826254,11808669644
11808669644,11808826264
11808826264,11808826263
11808826263,11808826262
11808826262,11808826261
11808826261,11808826260
11808826260,11808826259
11808826259,11808826258
11808826258,11808826257
11808826257,11808826256
11808826256,11808826255
11808826255,11808826408
11808826289,11808826275
11808826301,11808826300
11808826300,11808826299
11808826299,11808826298
11808826298,11808826297
11808826297,11808826296
11808826296,11808826295
11808826295,11808826294
11808826294,11808826293
11808826293,11808826292
11808826292,11808826291
11808826291,11808826290
11808826290,11808826289
11808826289,11808826288
11808826288,11808826287
11808826287,11808826286
11808826286,11808826285
11808826285,11808826284
11808826284,11808826283
11808826283,11808826282
11808826282,11808826281
11808826281,11808826280
11808826280,11808826279
11808826279,11808826278
11808826278,11808826277
11808826277,11808826276
11808826276,11808826494
11808826313,11808826303
11808826303,11808826302
11808826323,11808826305
11808826305,11808826306
11808826306,11808826307
11808826307,11808826308
11808826308,11808826309
11808826309,11808826310
11808826310,11808826311
11808826311,11808826312
11808826312,11808826313
11808826313,11808826324
11808826324,11808826314
11808826314,11808826315
11808826315,11808826316
11808826316,11808826317
11808826317,11808826304
11808826304,11808826318
11808826318,11808826319
11808826319,11808826320
11808826320,11808826321
11808826321,11808826322
11808826322,11808826323
11808826327,11808826301
11808826301,11808826326
11808826326,11808826325
11808826325,11808826304
11808826329,11808826328
11808826331,11808826330
11808826333,11808826332
11808826335,11808826334
11808826337,11808826336
11808826339,11808826338
11808826479,11808669645
11808669645,11808669643
11808669643,11808669644
11808826342,11808826341
11808826355,11808826354
11808826354,11808826353
11808826353,11808826342
11808826342,11808826352
11808826352,11808826351
11808826351,11808826350
11808826350,11808826349
11808826349,11808826348
11808826348,11808826347
6657116911,11808826356
11808826361,11808826362
11808826362,6593517808
11808826407,11808826406
11808826406,11808826405
11808826405,11808826404
11808826404,11808826403
11808826403,11808826402
11808826402,11808826401
11808826401,11808826242
11808826242,11808826400
11808826400,11808826399
11808826399,11808826398
11808826398,11808826397
11808826397,11808826396
11808826396,11808826395
11808826395,11808826394
11808826394,11808826393
11808826393,11808826392
11808826392,11808826391
11808826391,11808826390
11808826390,11808826389
11808826389,11808826388
11808826388,11808826387
11808826387,11808826386
11808826386,13300781251
13300781251,11808826385
11808826385,11808826384
11808826384,11808826383
11808826383,11808826382
11808826382,11808826381
11808826381,11808826380
11808826380,11808826379
11808826379,11808826378
11808826378,11808826377
11808826377,11808826376
11808826376,11808826375
11808826375,11808826374
11808826374,11808826373
11808826373,11808826372
11808826372,11808826371
11808826371,11808826370
11808826370,13300781250
13300781250,13300781252
13300781252,11808826369
11808826369,11808826368
11808826368,11808826300
11808826300,11808826367
11808826367,11808826366
11808826366,11808826365
11808826365,11808826364
11808826364,11808826363
11808826363,11808826494
11808826494,11808826493
11808826493,11808826492
11808826492,11808826491
11808826491,11808826490
11808826490,11808826489
11808826489,11808826488
11808826488,11808826487
11808826487,11808826486
11808826486,11808826485
11808826485,11808826484
11808826484,11808826483
11808826483,11808826482
11808826482,11808826481
11808826481,11808826480
11808826480,11808826479
11808826479,11808826478
11808826478,11808826477
11808826477,11808826476
11808826476,11808826475
11808826475,11808826474
11808826474,11808826473
11808826473,11808826472
11808826472,11808826471
11808826471,11808826470
11808826470,11808826469
11808826469,11808826468
11808826468,11808826341
11808826341,11808826467
11808826467,11808826466
11808826466,11808826465
11808826465,11808826464
11808826464,11808826237
11808826237,11808826463
11808826463,12880227957
12880227957,11808826462
11808826462,11808826461
11808826461,11808826460
11808826460,11808826459
11808826459,11808826458
11808826458,11808826457
11808826457,11808826456
11808826456,11808826455
11808826455,11808826454
11808826454,11808826453
11808826453,11808826452
11808826452,11808826451
11808826451,11808826450
11808826450,11808826449
11808826449,11808826448
11808826448,11808826447
11808826447,11808826208
11808826208,11808826446
11808826446,11808826445
11808826445,11808826444
11808826444,11808826443
11808826443,11808826442
11808826442,11808826441
11808826441,11808826440
11808826440,11808826439
11808826439,11808826438
11808826438,11808826184
11808826184,11808826437
11808826437,11808826436
11808826436,11808826435
11808826435,11808826434
11808826434,11808826433
11808826433,11808826175
11808826175,11808826432
11808826432,11808826431
11808826431,11808826430
11808826430,11808826429
11808826429,11808826428
11808826428,11808826197
11808826197,11808826427
11808826427,11808826426
11808826426,11808826425
11808826425,11808826424
11808826424,11808826190
11808826190,11808826423
11808826423,12880227989
12880227989,11808826422
11808826422,11808826421
11808826421,11808826420
11808826420,11808826419
11808826419,11808826418
11808826418,11808826417
11808826417,11808826416
11808826416,11808826415
11808826415,11808826414
11808826414,11808826413
11808826413,11808826412
11808826412,11808826411
11808826411,11808826410
11808826410,11808826409
11808826409,11808826408
11809766745,11809766747
11809766747,11809766748
11809766745,11809766746
943830439,9713020379
9713020379,943831433
943831433,3642434614
3642434614,9859986595
9859986595,943830751
433484653,10542997946
11814065120,11814285265
11814425259,11814425251
11814425256,11814425260
11814425260,11814425239
11814425251,11814425262
11814425255,11814425250
11814425250,11814425242
11814425242,11814425249
11814425249,11814425254
11816192467,11816192466
11816215869,11816192468
6385537598,6688997562
7615444996,7615445006
11816215888,11816215887
11816215895,11816215894
11816215906,11816215905
11816215905,11816215904
11816215904,11816215903
11816215903,11816215902
11816215907,11816215893
11816215893,11816215895
11816215895,11816215899
11816215899,11816215906
11816215898,11816215897
11816215897,11816215896
11816215902,11816215896
11816215896,11816215901
11816215901,11816215900
11816215900,11816215897
11816215897,11816215899
11818544121,11820472654
11820472654,11818544114
11818544117,11818544119
11818544119,11818651511
11818651511,11818544116
1811692171,11818651512
11818651512,1811692157
1811692157,11775572754
11775572754,11818544118
11818544118,1811692149
11819120740,11819158069
11819158071,11819120762
11819120762,11819120759
9861891808,11819158073
11819158069,11819158075
11819158075,11820943735
11820943735,11820943734
11820943734,11820943733
11820943733,1764176522
1811692121,1811692119
1811692119,11805188128
11805188128,1811692183
1811692183,5167333731
5167333731,11818544117
11818544117,1811692149
1811692149,11818544121
11818544121,12159111681
12159111681,1811692184
1811692184,11805228645
11805228645,1811692187
1811692187,10570992854
1811692121,11819158071
11819158071,9861891808
9861891808,1811692128
1811692128,11819120740
11819158069,11819120742
11820352308,11820352304
11820352309,11820352302
11820352302,11820352305
11820352303,11820352309
11820352309,11820352306
11820352306,11820352310
11820352310,11820352302
11820352307,11820352308
11820352308,11820352301
11820352301,11820352306
11834431578,11831005122
11831005120,11831005121
11831005124,11831005125
11831005125,11831005126
11831005129,11831005128
11831005127,11831005126
11831005126,11831005130
11831005130,11831005129
11831005128,11831005131
11831005133,11831005132
11831005131,11831005133
11831005132,11831005134
11831005118,11831005119
11831005122,11831005120
11831005143,11831005138
11831005140,11831005139
11831005141,11831005140
11831005138,11831005141
11831005139,11831005142
11831005120,11831005147
11831005147,11831005144
11831005144,11831005145
1867171634,11831005146
11831005146,11831005143
11831005145,11831005146
11831005147,11831005148
11831005148,11831005149
1867171636,11831005150
11831005150,11831005151
11831005151,11831005152
11831005127,11831005153
11831005153,11831005154
11831005157,11831005156
11831005156,11831005155
11831005154,11831005157
11831005155,11831005158
11831005119,11831005124
11831005124,11834431578
12718180639,6669107782
6669107782,1328248419
1328248419,9835235882
563661927,11837017429
11837017429,7591665469
7591665469,7591665477
7591665477,9827402451
9827402451,9827402449
9827402449,9827402450
9827402450,563661918
563661918,9827402448
9827402448,6576529280
563661926,563661927
563661927,12904111641
12904111641,11837017429
11837017429,11837017428
11841922697,11841922696
563643199,11006941808
11799164410,11799164411
11841922700,11841922699
4811281888,11843066153
11843066107,11843038938
4811281888,11843066123
11843066123,11843066200
11843066200,11843038966
11843038966,11363987200
11843066072,11843066169
11843066169,11843038961
4811281888,11843066079
11843066079,11843066106
11843066106,11843066188
11843066188,11843038948
11843038959,4811281892
4811281892,9867854541
9867854541,4811281891
4811281891,9867854542
9867854542,4811281890
4811281890,4811281889
4811281889,4811281888
11843038915,11843038940
11843066085,11843038953
11843038953,11843038939
11843038939,11843066113
11363987200,11843066190
11843066069,11843066081
11843066081,11843066088
11843066088,11843066116
11843066116,11843066097
11843066153,11843066154
11843066175,11843066092
11843066092,11843066105
11843066105,11843038963
11843066082,11843066137
11843066105,11843066109
11843066109,11843038938
11843038938,11843066204
11843066204,11843066072
11843066072,11843066171
11843066171,11843066107
11843066069,11843038919
11843038919,11843066142
11843066142,11843038941
11843066169,11843038915
11843066142,11843038944
11843038944,11843038937
11843038944,11843066165
11843066165,11843066196
11843066196,11843066143
11843066143,11843066155
11843066155,11843038933
11843038933,11843066201
11843066201,11843066187
11843066187,11843066162
11843066162,11843066194
11843066194,11843066085
11843066085,11843038950
11843038950,11843066192
11843066192,11843038936
11843038936,11843038935
11843038935,11843066093
11843066093,11843066156
11843066190,11843038960
11843066172,11843066156
11843066156,11843038952
11843038952,11843038941
11843038941,11843066100
11843066100,11843038914
11843038914,11843066101
11843066101,11843066179
11843066179,11843066090
11843066090,11843038928
11843038928,11843066098
11843066098,11843066076
11843066076,11843066108
11843066108,11843066111
11843066111,11843066205
11843066205,11843038932
11843038932,11843066069
11843038961,11843066082
5167373440,11853836154
11853836154,11853836155
11853836155,11853836156
267253212,13093899484
13093899484,4930107703
267253225,9794237536
5799663735,5799663732
11801997023,1191294833
1191294833,267251001
267251001,5799663735
11875926249,11875926238
11875926255,11875926229
11875926244,11875926225
11875926228,11875926243
11875926250,11875926258
11875926258,11875926255
11875926255,11875926249
11875926246,11875926250
11875926231,11875926237
11875926237,11875926230
11875926230,11875926243
11875926243,11875926247
11875926239,11875926225
11875926225,11875926226
11875926226,11875926236
11875926236,11875926244
11875926244,11875900615
11875900615,11875926252
11875926257,11875926258
11875900615,11875926259
11875926259,11875926235
11875926235,11875926224
11876008874,3556007132
11876008828,11876008784
11876008819,11876008854
11876008867,11876008777
11876008777,11876008804
11876008804,11876008785
11876008785,11875967150
11875967150,11876008831
11876008784,11876008778
11876008778,11876008821
11876008846,11875967152
11875967152,11876008770
11876008770,11875967141
11875967141,11876008782
11876008782,11876008862
11876008862,11876008825
11876008825,11875967149
11875967149,11876008799
11875967146,11876008851
11876008851,11876008842
11876008842,11876008832
11876008832,11875967140
11875967140,11876008865
11876008819,11876008806
11876008806,11876008769
11876008769,11876008875
11876008875,11876008812
11876008812,11876008848
11876008848,11876008820
11876008820,11876008798
11876008798,11876008868
11876008799,11875967151
11875967151,11876008837
11876008837,11875967154
11875967154,11876008826
11876008826,11876008792
11876008792,11876008839
11876008839,11876008858
11876008858,11876008816
11876008816,11876008874
11876008838,11876008773
11876008773,11876008795
11876008795,11876008802
11876008802,11876008867
11876008867,11875967157
11875967157,11876008797
11876008797,11875967138
11876008849,11876008828
11876008846,11876008829
11876008829,11875967160
11875967160,11875967155
11876008821,11876008847
11876008847,11876008823
11876008823,11876008805
11876008805,11876008787
11876008787,11875967135
11875967135,11876008833
11876008833,11876008846
11876008858,11875967143
11875967143,11875967164
11875967164,11876008852
11876008852,11876008870
11876008870,11876008838
11876008838,11875967139
11875967139,11875967145
11875967145,11876008788
11876008788,11876008791
11876008791,12093183531
12093183531,11875967156
11875967156,11875967166
11875967166,11876008827
11876008827,11876008769
11876008780,11876008810
11876008810,11876008873
11876008786,11876008815
11876008815,11875967140
11875967140,11876008769
11876008799,11876008801
11876008801,11875967153
11876008799,11875967134
11875967134,11876008814
11876008814,11876008789
11876008854,11876008849
11875926237,11876008786
11876008786,11876008803
11876008803,11876008832
11876008832,11876008812
11876008778,11876008780
11876008837,11876008863
11876008863,11876008839
11876008821,11876008792
11876008792,11875967145
11876008820,11876008851
11876633597,11876633589
11876633589,11876633593
556799270,11876633596
11876633596,5339323511
11881256680,11881256787
11881256670,11881256687
11881256687,11881239761
11881256677,11881239754
11881239754,11881239753
11881239753,11881256798
11881256798,11881256784
11881256784,11881256764
11881256764,11881256775
11881256775,11881239767
11881239767,11881256817
11881256817,11881256811
11881256729,11881256700
11881256700,11881239765
11881239765,11881256688
11881256688,11881256799
11881239760,11881256800
11881256707,11881256693
11881256749,11881256733
11881256799,11881256768
11881256768,11881256676
11881256676,11881256822
11881256686,11881256700
11881256756,11881256710
11881256710,11881256687
11881256687,11881256766
11881256766,11881239756
11881239756,11881256785
11881256785,11881256721
11881256721,11881256771
11881256785,11881256678
11881256739,11881256790
11881256790,11881256800
11881256800,11881256696
11881256696,11881256802
11881256802,11881256814
11881256815,11881256768
11881239762,11881256705
11881256673,11881256752
11881256792,11881256791
11881256791,11881256796
11881256796,11881256817
11881256736,11881256673
11881256699,11881256703
11881256703,11881256801
11881256801,11881256711
11881256711,11881256787
11881256787,11881256752
11881256752,11881256756
11881256756,11881256782
11881256696,11881239753
11881256705,11881256813
11881256813,11881256712
11881256769,11881239762
11881239767,11881256672
11881256672,11881256701
11881256701,11881256796
11881256686,11881256737
412332131,11881256792
11881256792,11881256780
11881256780,11881256761
11881256761,11881256688
11881256688,11881256758
11881256758,11881256739
11881256739,11881256798
11881256768,11881256755
11881256737,11881256690
11881256690,11881256769
11881256812,11881256670
11881256670,11881256757
11881256757,11881256702
11881256790,11881256736
11881256721,11881256694
11881256693,11881256680
11881239760,11881256749
11881256733,11881256707
11883368610,11883368616
11883368617,11883368609
11883368614,11883368618
11883368618,11883368615
11883368615,11883368612
11883368609,11883368611
11883368611,11883368610
11883368611,11883368618
11883368613,11883368614
11883368617,11883404313
11883368613,11883404308
11883368616,11883404312
9212682346,11883404311
11883404311,11883404309
11883404309,11883404308
11883404308,11883404310
11883368612,11883404309
11897385675,11897359728
11897359728,11897385680
11897385680,11897385681
11897385681,11897385687
11897385687,11897385676
11897385677,11897385680
11897385680,11897359722
11897359722,11897385685
11897385685,11897359725
11897359725,11897385678
11897385678,11897359727
11897359727,11899034310
11899034310,11899034309
11899034309,11897385679
11897385681,11897385682
11897385683,11897359729
11897359729,11897385685
11897385685,11897385686
11897385686,11897385684
11897385686,11897359723
11897359723,11897385687
11897359722,11897359723
11897359724,11899034308
11899034308,11899034311
11899034311,11897359730
11897359730,11897359725
11897359726,11897359728
11897359728,11897359729
11897359729,11897359730
11897359730,11897359727
11897359732,11897359742
11897359742,11897359733
11897359733,11897359734
11897359734,11897359735
11897359735,11897359736
11897359736,11897359748
11897359748,11897359737
11897359737,11897359738
11897359738,11897359739
11897359739,11897359740
11897359740,11897359741
11897359747,10250129782
10250129782,11897359749
11897359749,11897359748
10250129783,11897359750
11897359750,11897359751
11897392630,11897392632
11897392632,11897392631
11898201121,11898201122
561265342,11898225578
11898225578,11898201129
11898201130,11898225580
11898225580,11898201131
11898225578,11898225580
11898225580,11898225581
11898225581,11898225582
11898225582,11898225583
11898225583,11898225584
11898225584,11898225579
11898225585,11898880344
11898880344,11898880345
11898880345,11898225586
11898225610,11898263772
11898263772,561265353
561265353,6689054523
6689054523,910450748
910450748,7950461275
7950461275,561265330
561265330,7950461273
7950461273,11898225593
11898225593,561265332
561265332,11898225586
11898225586,561265327
561265327,11898880346
11898880346,11898880343
11898880343,561265329
11898880343,11898880344
11898880344,11898880345
11898880345,11898880346
11898880346,11898880343
11899034308,11899034309
11899034309,11899034310
11899034310,11899034311
11899034311,11899034308
11900641295,11900641294
11900641294,11900641293
11900641293,12753838650
12753838650,11900641292
11900641300,11900641299
11900641299,11900641298
11900641298,11900641297
11900641297,11900641296
3745722828,12247930684
12247930684,3745722832
11903056423,11903056425
11903056425,11903056424
11917919919,11917919918
5681450597,1762989522
1762989534,11917919920
1762989501,6666317453
11917932027,7135635380
11917932020,11917932019
11917932019,11917932018
11917932018,11917932027
11935409321,11935409324
11935409324,11935409323
11935409323,11935409322
11935409325,6680295311
6680295311,11935409331
11935409331,11935409326
11935409327,11935409330
11935409330,11935409329
11935409329,11935409328
11935409332,5792664537
5792664537,11935409333
11935409334,11935409336
11935409336,11935409337
11935409337,5792664536
5792664536,11935409335
11935409338,5792664533
5792664533,11935409339
11935409340,11935409334
11935409334,11935409341
11935409341,11935409328
11935409328,11935409342
11935409342,11935409338
11935409338,11935409340
11935424206,3642437412
3642437412,11935424207
11935424208,11935424209
11935424210,6680284559
6680284559,11935424211
11935424212,11935424214
11935424214,11935424215
11935424215,11935424213
11939765548,11939765547
11939765547,11939765546
11939765546,11939765549
11939765549,11939765545
11939765545,11939765544
11939765544,13296489355
13296489355,11939765543
11939765543,11939765550
11939765550,11939765551
11939765551,3661513060
11876008875,11947321116
11947321116,11947321159
11947321159,11947321164
11947321164,11947321135
11947321135,11947321125
11947321125,11947321139
11947321139,11947321121
11964115225,11964115179
11964115179,11964115202
11964115202,11964115285
308883583,3642416671
3642416671,943875805
943875805,3642416679
3642416679,3642416683
3642416683,3642416687
3642416687,3642416689
3642416689,943830775
943830775,3642420995
3642420995,3642420997
3642420997,943875567
943875567,3642421012
3642421012,6342496387
6342496387,6680797466
6342496388,6680797482
6680797482,6680797481
6680797481,6680797480
6680797480,6680797479
6680797479,6680797478
6680797478,6680797477
6680797477,6680797476
6680797476,6680797475
6680797475,6680797474
6680797474,6680797473
6680797473,6680797472
6680797472,9713029513
9713029513,6680797471
6680797466,433484645
6680797471,6680797463
6680797463,433484657
9743073669,9843554416
9843554416,11980204971
11980204971,11980204972
9843554415,11980190365
11980190365,11980190366
11980190366,11980190367
11980190367,11980190368
11980190368,11980204969
11980204969,11980204970
11980204970,11980204971
11980204972,9743073670
9743073670,9794237542
9794237542,11980190350
6436685296,11980204975
11980204975,11980204974
11980204973,11980204980
11980204980,11980204981
11980204989,11980204991
11980204991,11980204990
11980204989,11980204992
621248350,11984980562
11984980562,7227464185
11984980564,11984980563
11984980566,11984980565
6655403252,563659560
11985043669,11984980568
11985043671,11985043670
267193283,5137961075
6655403274,1765269483
11985043673,11985043672
11985043687,11985043686
11985043691,11985043704
11985043704,11985043690
11985043690,11985043689
11985043689,11985043688
11985043688,11985043691
11985043703,11985043702
11985043738,11985043728
11985043737,11985043727
11985043727,11985043704
6084384930,11985043706
11985043706,11985043705
11985043709,11985043708
11985043708,11985043707
11985043731,11985043730
11027100835,11985043739
11985043739,11985043725
11224284295,11985043726
11985043730,11985043687
11985043687,11985043729
11985043729,11985043726
11985043726,11985043702
11985043702,11985043728
11985043728,11985043727
12000402762,12000402734
12000402734,12000402735
12000402735,12000402736
12000402736,12000402737
12000402737,12000402738
12000402738,12000402739
12000402739,12000402740
12000402740,12000402741
12000402741,12000402742
12000402742,12000402743
12000402743,12000402744
12000402744,12000402745
12000402745,12000402746
12000402746,12000402747
12000402747,12000402763
12000402763,12000402748
12000402748,12000402749
12000402749,12000402750
12000402750,12000402751
12000402751,12000402752
12000402752,12000402753
12000402753,12000402754
12000402754,12000402755
12000402755,12000402756
12000402756,12000402757
12000402757,12000402758
12000402758,12000402759
12000402759,12000402760
12000402760,12000402761
12000402761,12000402762
12000402765,12000402764
12000402767,12000402766
6593517818,6593517804
12000416969,12000402768
3144938515,6593517860
3144938510,12000416970
12000416972,12000416971
12000416974,12000416973
12000416976,12000416975
12000416978,12000416977
12000416985,12000416984
12000417013,12000416987
12000416987,12000416988
12000416988,12000416989
12000416989,12000416990
12000416990,12000416991
12000416991,12000416992
12000416992,12000416993
12000416993,12000416994
12000416994,12000416995
12000416995,12000416996
12000416996,12000416997
12000416997,12000416998
12000416998,12000416999
12000416999,12000417014
12000417014,12000417000
12000417000,12000417001
12000417001,12000417002
12000417002,12000417003
12000417003,12000417004
12000417004,12000417005
12000417005,12000417006
12000417006,12000417007
12000417007,12000417008
12000417008,12000417009
12000417009,12000417010
12000417010,12000417011
12000417011,12000417012
12000417012,12000417013
6576535194,12000417015
5179521929,6189365188
6189365188,9840209052
9840209052,9840209051
9840209051,5179521927
5179521927,5179521926
5179521926,7047751855
7047751855,9840209054
9840209054,9840209053
9840209053,9840209055
12016319489,12016319480
12016319480,12016319482
12016319482,12016319484
12016319484,13744131917
13744131917,13744131934
13744131934,12016319490
12016319490,12016319478
12016319478,12016319485
12016319485,12016319476
12016319479,4828111767
12016319480,13744131929
13744131929,12016319485
12016319477,12016319479
3235491056,3235491057
3235491058,3235491059
12020489103,9212682338
9212682338,12020489105
12020489101,13506319764
13506319764,13506319763
13506319763,12020489098
12020489098,13506319768
13506319768,13506319767
13506319767,12020489103
12020489098,6436408278
6436408278,12020489104
12020489101,13506381372
13506381372,12020489102
12020489103,13506319762
13506319762,13506319761
13506319761,12020489099
12020489099,13506381371
13506381371,12020489100
12020489099,13506319766
13506319766,13506319765
13506319765,12020489101
10242883113,12037353108
12037353108,12037353109
12037353109,12037353110
12037353110,6062732056
12047180712,12047180716
12047180716,12047180713
12047180713,12047180718
12093188022,12093188039
12093188039,12093183600
12093183600,12093188014
12093188014,12093188050
12093188050,12093188038
12093183524,12093183517
12093183517,12093183579
12093183521,12093188029
12093183552,12093183538
12093183538,12093188051
11947321121,12093183578
12093183539,12093183545
12093183545,12093183566
12093183566,12093183585
12093183526,12093188053
12093188053,12093188041
12093188041,12093183544
12093183596,12093183567
12093183567,12093188047
12093188047,12093183598
12093183598,12093183510
12093183510,12093188028
12093188028,12093188008
12093188008,12093188037
12093188037,12093183592
12093183592,12093183539
12093183539,12093188009
12093188009,12093183513
12093183513,12093183599
12093183599,12093188001
12093188001,12093183552
12093183552,12093183557
12093183557,12093183541
12093183541,12093188024
12093188024,12093188027
12093188027,12093183547
12093183547,12093183591
12093183591,12093183564
12093183564,12093183571
12093183571,12093183519
12093183519,12093183560
12093183560,12093183575
12093183575,12093183518
12093183518,12093183570
12093183570,12093183543
12093183543,12093183534
12093183534,12093183546
12093183546,12093183537
12093183537,12093183579
12093183579,12093183597
12093183597,12093183587
12093183587,12093188007
12093188007,12093183563
12093183563,12093183576
12093183576,12093183550
12093183550,12093183593
12093183593,12093188015
12093188015,12093183588
12093183588,12093188044
12093188044,12093183596
12093183545,12093183538
12093183528,12093183569
11876008773,12093183571
12093188051,12093188031
12093183532,12093183586
12093188034,12093188006
12093188006,12093183568
12093183568,12096969372
12096969372,12183462309
12183462309,12096969356
12096969356,12096969384
12093183530,12093183542
12093183542,12093183544
12093183544,12093183521
12093183521,12093183516
12093183516,12093183565
12093183565,12093183527
12093183527,12093183529
12093183585,12093183595
12093183586,12093188034
12093188034,12093183562
12093183562,12093188002
12093188002,12093183569
12093183569,12093183520
12093183595,12093188036
12093188036,12093183578
12093183566,12093183525
12093183525,12093183577
12093183577,12093188036
12093188006,12093188020
12093188020,12093188013
12093188013,12093183529
12093183596,12093183589
12093183589,12093188033
12093188033,12093188011
12093188011,12093183524
12093183524,12093183531
12093188025,12093183526
12093183526,12093188010
12093188010,12093188019
12093188019,12093183528
12093183528,12093183581
12093183581,12093183520
12093188029,12093188025
12093188050,12093188056
12093188056,12093183554
12093183554,12093183512
12093183512,12093188035
12093188035,12183462321
12183462321,12183462315
12183462315,12183462305
12183462305,11947321121
12093183516,12093183532
12093183529,12093183511
12093183511,12093188052
12093188052,12093188026
12093188026,12093188021
12093188021,12093183515
12093183515,12093188045
12093188045,12093188003
12093188003,12093188022
6436636039,11150109810
11150109810,5306193603
5306193603,12094716899
12094716900,9861741318
9861741318,9862068922
9862068922,9862068923
9862068923,9862068924
9862068924,9861738094
10261879738,10261879739
10261879739,12094747715
12094747715,12094747717
12094747717,12094747718
12096715994,12096715993
12096715993,12096715992
12096715992,13357894694
13357894694,12096715991
12096715991,13357894693
13357894693,12096715990
12096715990,12096715989
12096715989,12096715988
12096706182,12096706183
12096706183,12096706184
12096706184,12096706185
12096706185,12096706186
12096706186,3644649544
12093183578,12096969361
12096969361,12096969399
12093188031,12096969385
12096969385,12096969358
12096969358,12093183520
12096969360,12096969391
12096969391,12096969369
12096969361,12096969385
12096969385,12096969384
12096969384,12096969395
12096969395,7030693216
12096969368,12096969383
12096969383,12096969380
12096969380,12096969388
12096969399,12093183581
12100570336,12100564966
12100564966,5134531444
12100564966,12100564967
12100600547,12100600548
12100600548,12100600550
12100600550,12100600552
12100600552,10302340969
9840209058,4811281650
4811281650,12102583934
12102583934,12102583935
12102583935,12102583936
12102517177,12102517178
309863580,10255363515
10255363515,10255363518
10255363518,947950631
12105697108,12105697109
12105697109,12105697110
12105697110,12105697111
12105697111,12105697112
12105998303,12105998302
12105998302,3644093240
3644093240,12105998304
267196344,12434944735
12434944735,267196357
267196357,8750357799
8750357799,12105998311
249791204,7284367212
7284367212,6720409790
12106007247,12105998313
12105998313,12105998312
12105998312,12105998311
12105998311,249791204
7223030593,7257640940
12107958384,12107958385
12108049468,12108049475
12108049475,12108049474
12108049474,12108049473
12108049473,12108049472
12108049472,12108049471
12108049471,12108049470
12108049470,12108049469
12108027176,12108027183
12108027183,12108027189
12108027189,12108027177
12108027177,12108027178
12108027178,12108027179
12108027179,12108027180
12108027180,12108027181
12108027181,12108027182
12108027183,12108027185
12108027185,12108027184
12108027185,12108027186
12108027186,12108027187
12108027187,12108027188
12108027188,12108027189
12108075445,12109881237
12109881237,12109881238
12109881238,12108075446
12108075446,12108075447
12108075447,12108075448
12108075448,12108075449
12108075449,12108075451
12108075451,12108075450
12108075451,12108075453
12108075453,12108075452
12108054833,12108054835
12108054835,12108054834
12108027877,12108027883
12108027883,12108027878
12108027878,12108027879
12108027882,12108027884
12108027884,12108027883
12110201974,12108101871
12108101871,12108101868
12108101868,12108101869
12108101869,12108101870
12108101871,12108101873
12108101873,12108101872
12109758456,12109758457
12109758457,12109758458
12109758458,12109758459
12109758459,12109758460
12109758460,12109758461
12109758461,12109758462
12109755964,11017296781
11017296781,11017296782
563661928,6957675652
6957675652,6957675651
6957675651,563661933
563661933,563661931
563661929,12100570336
12100570336,563661938
563661938,9767010884
9767010884,12109880259
12109880259,563661935
563661935,9767010883
9767010883,12109896403
12109896403,563661928
12109798584,12109798587
12109798587,12109798586
12109798586,12109798585
12109781538,12109781540
12109781540,12109781539
12109880255,12109880256
12109880256,12109880257
12109880257,12109880258
12109880258,12109880259
12109896403,12109896404
12109881238,12109881239
12109943041,12109943047
12109943047,12109943042
12109943042,12109943043
12109943043,12109943044
12109943044,12109943045
12109943045,12109943059
12109943059,12109943046
12109943048,12109943054
12109943054,12109943055
12109943055,12109943049
12109943049,12109943050
12109943050,12109943052
12109943052,12109943051
12109943051,12109943056
12109943056,12109943058
12109943058,12109943057
563661914,12109943053
12109943053,12109943052
12109949055,12109949086
12109949086,12109949056
12109949056,12109949059
12109949059,12109949060
12109949060,12109949061
12109949061,12109949062
12109949062,12109949063
12109949063,12109949064
12109949064,12109949065
12109949065,12109949066
12109949066,12109949067
12109949067,12109949068
12109949068,12109949069
12109949069,12109949070
12109949070,12109949071
12109949071,12109949072
12109949072,12109949073
12109949073,12109949074
12109949074,12109949060
12109949057,12109949085
12109949085,12109949058
12109949058,12119978202
12119978202,12109949076
12109949076,12109949077
12109949077,12109949078
12109949078,12109949079
12109949079,12109949080
12109949080,12109949081
12109949081,12109949082
12109949082,12109949083
12109949083,12109949084
12109944393,12109957101
12109957101,12109957104
12109957104,12109957106
12109957106,12109944394
12109944394,12109944395
12109944395,12109944396
12109944396,12109944397
12109944397,12109944398
12109944398,12109944399
12109944399,12109957105
12109957106,12109957105
12109957105,12109957103
12109957103,12109957102
12109957102,12109944400
12109900940,12109900946
12109900946,12109900941
12109900941,12109900942
12109900942,12109900943
12109900941,12109900944
12109900944,12109900945
12109986545,12109986546
12109949058,12109949056
6438177292,11668948985
11668948985,267193386
10261859804,12137472251
12142078333,12142078334
12142078334,12142078335
12142078335,12142078336
12142078336,12142078337
12142078337,12142078338
12142078338,12142078339
12142078339,12142078340
12142082392,12142082393
12142082393,12142082394
12142082394,12142082395
12142082395,12142082396
12142082396,12142082397
12142082397,12142082398
12145761703,12145761704
12145761704,12145761705
12145761705,12145761712
12145761712,12145761706
12145761706,12145761707
12145761707,12145761708
12145761708,12145761709
12145761709,12145761710
12145761710,12145761711
12146151035,12146151036
12146151036,12146151037
12146151037,12146151038
12146151038,12146151039
12146151039,12146151040
12146151040,12146151041
12146151041,12146151042
7428442907,12149488815
12149488815,2431986222
12149488813,10255011786
10255011786,12149488812
12149488815,10255011786
10255011786,12149488814
7428442905,7428442906
7428442906,12149488812
12149488812,7428442907
9857987515,10255011817
10255011817,7428442893
7428442893,7428442894
7428442894,7428442895
7428442895,7428442896
7428442896,7428442897
7428442897,7428442898
9857987515,7428442891
314505969,2912295521
2912295511,249791840
12153332116,5179521923
12157661943,915368667
915368248,6660490741
6660490741,12157661944
12157661945,12679156987
12679156987,915368735
915369334,915368956
915368956,12157661946
12157661946,5567578607
5567578607,5567579661
12159111694,5738752560
12159147302,12159147303
12159147303,12159111686
12159111681,6120456540
6120456540,12159147306
11814425252,12159147309
11775572718,12159111699
5738752631,12159111697
12159111697,12159111677
12159111677,12159111678
12159111678,12159147307
12159111700,12159111695
12159111687,12159111698
12159111698,12159111690
12159111698,12159111676
12159111676,12159111688
12159111688,12159111692
12159111692,5738751508
12159111694,5738752631
5738752559,12159111691
11804672269,12159111689
12159147303,12159111687
12159111687,12159111682
12159111682,5738752559
12159147309,12159111685
11804669667,12159111693
5738752560,12159111696
12159111696,12159111679
12159111691,12159111683
12159111683,5738751508
11804669654,12159111684
12159111684,12676083729
12676083729,12159111695
12159111695,12159111694
12237754719,12237754716
11814425255,11804669654
11804669654,12159111683
12169906427,12247941859
12247941859,13523964242
13523964242,12169890999
12169890999,12169906442
12169906442,13523964243
13523964243,12247941858
12247941858,12169906416
12183462331,10254993390
5799663730,12183462331
12183462331,12183462329
12183462329,12183462326
12183462326,5799663733
12183462309,12183462333
6259940710,915368107
6259940708,915368728
11002612712,12185793071
11002612713,12185793039
12185793039,11002612714
12185793050,13506319792
13506319792,12185793052
11002612715,11002612718
11002612718,12185793068
12185793093,10264303925
11002612712,12185793072
12185793072,11002612714
12185793027,12185793048
12185793048,12185793090
12185793053,12319493497
12319493497,12185793073
10264303935,12185793077
10264303925,12185793076
12185793093,12185793034
12185793034,12185793081
12185793081,12185793079
12185793072,12185793047
12192097053,2323525236
12191985395,12192097072
12192097072,12192097081
12192097015,12192097002
2323525273,2323525283
2323525283,2323525281
2323525281,2323525275
2323525275,2323525266
2323525266,2323525267
2323525267,2323525268
2323525268,2323525273
12192097012,12192097042
12192097042,12192097015
12192097015,12192097047
12192097047,12191985396
12191985396,12192097057
12192097057,12192097005
12192097005,12192097061
12192097061,12192097026
12192097026,12192097053
12192097053,12192097021
12192097021,12192097025
12192097025,12192097039
12192097039,12192097031
12192097031,12192097071
12192097071,12192097034
12192097034,12192097010
12192097010,12192097043
12192097043,6576356260
6576356260,12192097044
12192097044,12192097007
12192097007,12192097014
12192097014,12192097066
12192097066,12192097036
12192097036,12192097038
12192097038,12191985392
12191985392,12192097055
12192097055,12192097023
12192097023,12192097067
12192097067,12192097028
12192097028,12192097077
12192097077,12192097011
12192097011,12192097050
12192097050,12191985393
12191985393,12192097027
12192097027,12192097049
12192097049,6576356256
6576356256,12192097064
12192097064,12192097012
12192097019,12192097063
12192097063,12192097081
12192097081,12192097082
2323525271,2323525270
2323525270,2323525277
2323525277,2323525282
2323525282,12192097019
12192097019,2323525280
2323525280,2323525279
2323525279,2323525269
2323525269,2323525271
12214113834,12214113835
12214113835,12214113839
12214113839,12214113836
12214113836,12214113837
12214113837,12214113847
12214113847,12214113838
12214113838,12214113840
12214113840,12214113841
12214113841,12214113842
12214113842,12214113843
12214113843,12214113846
12214113846,12214113844
12214113844,12214113845
12221314402,12221314412
12221314412,12221314404
12221314404,12221314403
12221314404,12221314405
12221314406,12221314413
12221314413,12221314407
12221314407,12221314405
12221314405,12221314410
12221314410,12221314408
12221314408,12221314411
12221314411,12221314409
12223581998,12223625401
12223625401,12223625403
12231547557,12231569408
12231569408,12231547548
12231547548,12231547552
12231569418,12231569422
12231569422,12231569414
12231569414,12231547587
12231547572,12231547575
12231547575,12231547566
12231547566,12231547595
12231547595,12231547577
12231547577,12231547581
12231547581,12231547545
12231569423,12231569421
12231569421,12231547597
12231547597,12231547564
12231547564,12231547559
12231547597,12231547547
12231547580,12231547599
12231547599,12231547586
12231547586,12231547562
12231547562,12231547555
12231547555,12231547565
12231547565,12231547586
12231547553,12231569415
12231569415,12231569411
12231569411,12231547593
12237302320,12237302321
12237302321,12237302322
12237302322,12237302323
12237302323,12237302325
12237302325,12237302324
12237302324,12237302326
12237302326,12237302327
12237302327,12237302331
12237302331,12237302328
12237302328,12237302329
12237302329,12237302330
12237751526,12237751527
12237751527,12237751528
12237751528,12237751529
12237751529,12237751530
12237751530,12237751531
12237751531,12237751532
12237751532,12237751533
12237751533,12237751534
12237751534,12237751535
12237751535,12237751536
12237751536,12237751537
12237751537,12237751538
12237751538,12237751539
12237751539,12237751540
12237751540,5167333735
12237961569,12237961570
314505986,2431986044
12250318830,309858910
12252780670,12252780669
12252780669,12252780668
12252780668,12252780667
12252780667,12252780666
12252780666,12252780665
12252780665,12252780664
12252780664,12252780663
12252780663,12252780662
12252780662,12252780661
267193179,12260790253
12260790254,9852527171
12272909109,12272909120
12272909120,12272909110
12272909110,12272909111
12272909111,12272909112
12272909112,12272909113
12272909113,12272909114
12272909114,12272909115
12272909115,12272909116
12272909116,12272909117
12272909117,12272909118
12272909118,12272909119
12272909119,12272909120
267193234,12278069793
12278069793,12278069794
12278069794,12278069795
12278069795,12278069796
12278069796,12278069797
12278069797,12278069798
12278069798,12278069799
12278110512,12278110513
12278110513,12278110514
12278110514,12278110515
12278110515,12278110516
12278110516,12278110517
12278110517,12278110518
12278110518,12278110519
6884751015,12278422996
267196308,12278422996
12278422996,10264318196
10264318196,267196296
267196309,13681492786
13681492786,13161853388
13161853388,267196305
10255012755,12278452805
12281756286,12281756287
12281756287,12281756288
12281756288,12281756289
12281756289,12281756290
12281756290,12281756291
12281756291,12281756292
12281756292,12281756293
12281756293,12281756294
12281756294,12281756295
12281756295,12281756296
12281756296,12281756297
12281756292,12281756298
12281756298,12281756299
12281756299,12281756300
12281756300,12281781701
12281781701,12281781702
12281781702,12281781703
10302280600,9840673021
9840673021,9840673020
12319493472,12319493498
12319493498,12319493500
12319493500,12319493473
12319493473,12319493474
12319493474,12319493475
12319493475,12319493476
12319493476,12319493477
12319493477,12319493478
2431986203,3661513057
3661513057,3749161007
3749161007,3661513029
3661513029,3661513024
3661513024,2431986198
12325499192,12325499183
12325499183,12325502747
12325502747,12325499170
12325499170,12325499195
12325499195,12325499138
12325499138,12325502709
12325499131,12325502719
12325502719,12325499171
12325499171,12325502702
12325502702,12325502725
12325502707,12325502739
12325502739,12325502732
12325502732,12325499158
12325502744,12325502736
12325502736,12325499124
12325499124,12325499198
12325499198,12325502704
12325502704,12325499189
12325499189,12325499176
12325499150,12325502724
12325502724,12325499173
12325499173,12325499160
12325499160,12325502717
12388895880,12388895876
12388895882,12388895881
12388895881,12388895880
12388895883,12388895882
12388895884,12388895883
12388895885,12388895897
12388895877,12388895885
12388895876,12388895879
12388895879,12388895878
12388895878,12388953413
12388895889,12388895888
12388895888,12388895887
12388895887,12388895886
12388895886,12388895884
12388895884,12388895877
12388953407,12388895890
12388895890,12388895891
12388895891,12388895892
12388895892,12388895893
12388895893,12388895894
12388895894,12388895895
12388895895,12388895896
12388895896,12388895897
12388895897,12388953406
12388953406,12388895898
12388895898,12388895899
12388895899,12388895900
12388895900,12388953401
12388953401,12388953402
12388953402,12388953403
12388953403,12388953404
12388953404,12388953405
12388953405,12388953407
12388953410,12388953409
12388953409,12388953408
12388953419,12388953418
12388953418,12388953417
12388953417,12388895889
12388895889,12388953416
12388953416,12388953415
12388953415,12388953414
12388953414,12388953413
12388953413,12388953412
12388953412,12388953411
12388953411,12388953582
12388953507,12388953506
12388953506,12388953505
12388953440,12388953507
12388953496,12388953446
12388953446,12388953445
12388953445,12388953444
12388953444,12388953443
12388953443,12388953442
12388953442,12388953441
12388953441,12388953421
12388953421,12388953420
12388953420,12388953505
12388953505,12388953410
12388953410,12388953419
12388953467,12388953466
12388953466,12388953465
12388953465,12388953464
12388953464,12388953463
12388953463,12388953462
12388953462,12388953461
12388953461,12388953460
12388953460,12388953459
12388953459,12388953458
12388953458,12388953457
12388953457,12388953456
12388953456,12388953455
12388953455,12388953454
12388953454,12388953453
12388953453,12388953452
12388953452,12388953451
12388953451,12388953450
12388953450,12388953449
12388953449,12388953448
12388953448,12388953447
12388953447,12388953500
12388953482,12388953471
12388953471,12388953470
12388953470,12388953469
12388953469,12388953468
12388953468,12388953487
12388953493,12388953492
12388953492,12388953491
12388953491,12388953490
12388953490,12388953489
12388953489,12388953488
12388953488,12388953487
12388953487,12388953486
12388953486,12388953485
12388953485,12388953484
12388953484,12388953483
12388953483,12388953482
12388953482,12388953467
12388953467,12388953481
12388953481,12388953480
12388953480,12388953479
12388953479,12388953478
12388953478,12388953477
12388953477,12388953476
12388953476,12388953475
12388953475,12388953474
12388953474,12388953473
12388953473,12388953472
3209387264,3209387265
3209387265,3209387266
3209387266,7023326601
7023326601,3209387262
3209387262,3209386560
3209386560,3209386559
3624347947,12388953504
12388953504,12388953503
12388953503,12388953502
12388953502,12388953501
12388953501,12388953498
12388953511,12388953510
12388953510,12388953509
12388953509,12388953508
12388953508,12388953440
3624347948,3624347949
3624347949,3624347950
3624347950,3624347951
3624347951,3624347952
3624347952,3624347953
3624347953,12388953525
12388953525,12388953524
12388953524,3624347954
3624347954,12388953522
12388953522,12388953521
12388953521,3624347955
12388953524,12388953523
12388953527,12388953523
12388953523,12388953526
12388953526,12388953525
12388953528,9730042242
9730042242,12388953527
12388953527,3624347954
12388953556,12388953555
12388953555,12388953554
12388953554,12388953553
12388953553,12388953552
12388953552,12388953551
12388953551,12388953550
12388953550,12388953549
12388953549,12388953548
12388953548,12388953547
12388953547,12388953546
12388953546,12388953545
12388953545,12388953544
12388953544,12388953543
12388953543,12388953542
12388953542,12388953541
12388953541,12388953540
12388953540,12388953539
12388953539,12388953538
12388953538,12388953537
12388953537,12388953536
12388953536,12388953535
12388953535,12388953534
12388953534,12388953533
12388953533,12388953532
12388953532,12388953531
12388953531,12388953530
12388953530,12388953529
12388953529,12388953523
12388953579,12388953560
12388953560,12388953556
12388953556,12388953559
12388953559,12388953581
12388953562,12388953472
12388953472,12388953561
12388953564,12388953563
12388953583,12388953584
12388953584,12388953585
12388953585,12388953586
12388953586,12388953565
12388953565,12388953566
12388953566,12388953567
12388953567,12388953568
12388953568,12388953569
12388953569,12388953570
12388953570,12388953571
12388953571,12388953572
12388953572,12388953573
12388953573,12388953561
12388953561,12388953574
12388953574,12388953575
12388953575,12388953576
12388953576,12388953563
12388953563,12388953577
12388953577,12388953578
12388953578,12388953579
12388953579,12388953580
12388953580,12388953587
12388953587,12388953581
12388953581,12388953582
12388953596,12388953595
12388953595,12388953558
12388953558,12388953594
12388953594,12388953557
12388953557,12388953564
12388953564,12388953593
12388953593,12388953562
12388953562,12388953592
12388953592,12388953591
12388953591,12388953590
12388953590,12388953588
12388953588,12388953589
12403288444,12403288443
12403288443,12403288442
12403288442,12403288441
12403288441,12403288440
12403288440,12403288439
12403288439,12403288438
12403288438,12403288437
12403288437,12403288436
12403288450,12403288445
12403288442,12403288435
12403288435,12403288446
12403288446,12403288447
12403288447,12403288448
12403288448,12403288444
12403288444,12403288450
12403288450,12403288449
12403288449,12403288451
12403288453,12403288452
12403288452,12403288451
12535380846,12535380849
12535380849,12535380856
12535380856,12535380859
12535380859,12535380864
6720393130,5802016582
12535479567,12535479544
12535479544,12535463484
12535479555,12535479589
12535479589,12535479645
10198906979,12535463492
12535463492,12535479577
12535479577,12535479616
12535479616,12535479592
12535479592,12535479596
12535479596,12535479636
12535479636,12535479601
12535479601,12535463497
12535463497,12535479600
12535479600,12535479567
12535479567,12535479594
12535479594,12535479593
12535479593,12535479532
12535479532,12535479547
12535479547,12535479518
12535479518,12535479536
12535479536,12535479623
12535479623,12535479555
12535479555,10198906990
12535479600,12535479520
12535479520,12535479521
12543024924,5483954457
267259271,12543024913
12543024938,12542893985
12542893985,12543024917
12543024917,12543024978
12543024978,12543024930
12543024930,12543024993
12543024993,12543024901
12543024901,12543024962
12543024962,12542893986
12542893986,12543024926
12543024926,12543024960
12543024960,12543024976
12543024976,12543024980
12543024980,12543024974
12543024974,12543024902
12543024902,12543024913
12543024913,12543024971
12543024971,12543024929
12543024929,12543024979
12543024979,12543024997
12543024997,12542893988
12542893988,12543024985
12543024985,12543024996
12543024996,12542893979
12542893979,12543024988
12543024988,12542894000
12542894000,12543024968
12543024968,12543024995
12543024995,12543024967
12543024967,12543024948
12543024948,12543024952
12543024952,12543024956
12543024956,12543024946
12543024946,12543024999
12543024999,12543024975
12543024975,12543024957
12543024957,12543024961
12543024961,12543024951
12543024951,12543024935
12543024935,12543024919
12543024919,12543024958
12543024958,12543024954
12543024954,12543024939
12543024939,12543024914
12543024914,12542893997
12542893997,12542893980
12542893980,12543024922
12543024922,12543024959
12543024959,12542893982
12542893982,12543024927
12543024927,12543024972
12543024972,12542893981
12542893981,12543024924
12543024924,12543024921
12543024921,12543024965
12543024965,12543024986
12543024986,12543024911
12543024911,12543024992
12543024992,12542893994
12542893994,12543024949
12543024949,12543024950
12543024950,12543024941
12543024941,12543024970
12543024970,12543024904
12543024904,12543024944
12543024944,12542893984
12542893984,12543024933
12543024933,12543024982
12543024982,12543024909
12543024909,12543024910
12543024910,12543024987
12543024987,12543024937
12543024937,12542893995
12542893995,12543024942
12543024942,12543024918
12543024918,12543024977
12543024977,12542893987
12542893987,12543024983
12543024983,12543024947
12543024947,12543024905
12543024905,12543025001
12543025001,12543024934
12543024934,12543024990
12543024990,12543024973
12543024973,12543024989
12543024989,12543024991
12543024991,12543024953
12543024953,12543024940
12543024940,12543024998
12543024998,12543024925
12543024925,12542893993
12542893993,12543024966
12543024966,12543024955
12543024955,12543024945
12543024945,12543024969
12543024969,12542893991
12542893991,12542893983
12542893983,12542893999
12542893999,12543024963
12543024963,12543024984
12543024984,12543024994
12543024994,12542893989
12542893989,12542893998
12542893998,12543024938
5483954460,12543024948
12543024933,267259249
12543024966,5483954451
12543053338,12543051572
12543051572,12543053325
12543053325,12543053311
12543053311,12543051576
10264640738,10264640739
12676083726,6929824895
6929824895,12676083723
12676083729,12676083721
12676083721,12676083727
12676083727,12676083725
12676083724,6929824894
6929824894,12676083722
12676198655,6466184747
12676198651,12676198655
12676198655,12676198657
12676198657,12676198652
11831005121,915368730
11831005158,5567579719
11831005118,12679156991
6259929989,12679156992
11831005142,12679156990
11831005134,12679156986
11831005152,12679156988
12679156988,12679156989
12679156989,12679156987
12690343960,1681456745
1681456745,11799252486
11799252486,11799252482
11799252482,1825530323
1825530323,915291447
915291447,915292174
915292174,915290834
915290834,1319768947
1319768947,5766333279
5766333279,6932055847
6932055847,915292410
915292410,915291398
915291398,1825530319
1825530319,1825530317
1825530317,915292091
915292091,915368332
11792964333,12718180638
6554718342,12718180639
11744871196,246518180
246518180,11792964333
6576529277,12718180640
11792964332,12718180641
316463562,11792964332
11744871193,6669134720
6669134720,988038988
988038988,11841922696
11841922696,3643761205
3643761205,3643761204
3643761204,988038990
988038990,5977627138
5977627138,11006850669
11006850669,11006850672
11006850672,11799164411
11799164411,563643199
563643199,11006941807
11006941807,11006937596
11006937596,12866424059
12866424059,563643198
563643198,309647168
309647168,915368248
5977448434,12246292751
12246292751,12728184170
12728184170,12728184167
12728184167,12728184169
12728184169,12728184168
12728184168,267249963
267193383,12743986833
12743986834,6998127051
12743987682,6593532603
6593532603,12743987681
12743987681,12743987687
12743987687,12743987680
12743987680,267193270
267193270,12743987683
12743987683,563661898
563661898,12743987684
12743987684,12743987685
12743987685,267193295
267193295,12743987686
12744307258,11939765548
12753838650,12753838651
12759543509,12759543510
6643539679,6745443996
6745443996,12759543509
6735325009,12765669150
12765669150,11491245876
11491245876,915368894
915368894,12765669151
12779104976,12779104981
12779104981,12779104969
12779104963,12779104971
12779104971,12779104990
12779104990,12780123923
12780123923,12780123942
12780123942,12780123937
12780123937,12780123941
12780123941,12780123951
12780123951,12780123928
12779104968,12779104953
12779104985,12779104974
3742305646,12779104974
12779104974,12780123931
12780123931,3742305642
12779104973,12779104994
12779104994,12779104961
12779104961,12779104983
12779104983,12779104951
12779104951,12779104985
12779104994,12779104967
12779104967,12779104951
12779104953,12779104962
3742305646,12779104952
12779104952,12779104949
12779104949,12779104980
12779104980,12779104988
12779104988,12779104946
12779104946,12779104993
12779104993,12779104962
12779104962,12779104947
12779104947,12779104973
12779104946,12779104992
12779104992,12779104968
12779104952,12780123936
12780123936,12779104988
12780123932,12780123939
12780123939,12780123943
12780123943,12780123945
12780123945,12780123933
12780123938,12780123924
12780123924,12779104950
12780123933,12780123926
12780123926,12780123947
12780123947,12780123944
12780123944,12780123935
12780123935,12780123938
12779104969,12779104963
12780123928,12780123940
12780123940,12780123934
12780123934,12780123932
12779104988,3742305669
12780247328,12780247322
12780247322,12780232895
12780232895,12780247306
12780247322,12780232898
12780232898,12780247309
12780247309,12780247312
12780247312,12780247320
12780247320,12780232895
12780247312,12780247316
12780232900,12780247309
12780247328,13754581435
13754581435,12780247301
9852812013,12780643608
12780643608,12780643610
12780643610,12780643609
12781268854,12781278225
12781278225,267609497
12781278211,12781268855
12781268867,12781268859
12781268859,12781268869
12781268869,12781268855
12781268855,12781268857
12781268857,12781268856
12781268856,12781268864
12781268864,12781268870
12781268870,12781268865
12781268865,12781268862
12781268862,12781268854
12781268854,12781268868
12781268868,12781268860
12781268860,12781268858
12781268858,12781268866
12781268866,12781268871
12781268871,12781268852
12781268852,12781268861
12781268861,12781268863
12781268863,12781268853
12781268853,12781268867
12781268861,12781278101
12781278101,267609495
12781278225,12781278204
12781278204,12781278142
12781278142,12780218866
12780218866,12780218896
12780218896,12781278130
12781278130,12781278167
12781278167,12781278195
12781278195,12781278203
12781278203,12781278139
12781278139,12781278161
12781278161,12781278189
12781278189,12781278207
12781278207,12781278200
12781278200,12781278231
12781278231,12781278271
12781278271,12781278181
12781278181,12781278199
12781278199,12781278190
12781278190,12781278185
12781278185,12781278219
12781278219,12781278263
12781278263,12781278220
12781278220,12781278107
12781278107,12781278254
12781278254,12780218864
12780218864,12781278266
12781278266,12781278248
12781278248,12780218879
12780218879,12781278269
12781278269,12781278236
12781278236,12781278152
12781278152,12781278227
12781278227,12781278129
12781278129,12781278110
12781278110,12781278230
12781278230,12781278238
12781278238,12781278205
12781278205,12781278101
12781278101,12781278149
12781278149,12780218875
12780218875,12781278208
12781278208,12781278109
12781278109,12781278259
12781278259,12781278153
12781278153,12781278234
12781278234,12781278137
12781278137,12780218874
12780218874,12781278169
12781278169,12781278166
12781278166,12781278232
12781278232,12781278117
12781278117,12781278102
12781278102,12781278194
12781278194,12780218867
12780218867,12781278192
12781278192,12781278105
12781278105,12781278163
12781278163,12781278245
12781278245,12781278155
12781278155,12781278171
12781278171,12781278143
12781278143,12781278133
12781278133,12781278216
12781278216,12781278145
12781278145,12781278226
12781278226,12780218880
12780218880,12781278201
12781278201,12781278119
12781278119,12781278191
12781278191,12781278218
12781278218,12781278224
12781278224,12781278251
12781278251,12780218899
12780218899,12781278126
12781278126,12781278240
12781278240,12781278211
12781278211,12781278182
12781278182,12781278265
12781278265,12781278239
12781278239,12781278111
12781278111,12781278235
12781278235,12781278252
12781278252,12781278261
12781278261,12780218889
12780218889,12780218897
12780218897,12780218898
12780218898,12781278268
12781278268,12781278264
12781278264,12781278168
12781278168,12781278176
12781278176,12781278136
12781278136,12780218884
12780218884,12781278253
12781278253,12781278221
12781278221,12781278184
12781278184,12781278213
12781278213,12781278175
12781278175,12781278187
12781278187,12781278106
12781278106,12781278202
12781278202,12781278124
12781278124,12781278206
12781278206,12781278134
12781278134,12781278104
12781278104,12780218873
12780218873,12780218887
12780218887,12781278197
12781278197,12780218878
12780218878,12781278128
12781278128,12781278243
12781278243,12780218883
12780218883,12781278154
12781278154,12781278225
5716610639,12788053428
12788053428,12788053435
12788053435,12788053433
12788053433,12788053429
12788053429,12788053436
12816013779,12816033272
12816033272,12816013789
9862064909,12815965481
12815965481,12816033202
6929824897,12816013776
12816013776,12816033290
12816033290,6929777581
12816033205,12816033350
12816033350,12816033326
12816033326,12816033370
12816033370,12816033372
12816033372,12816033287
12816033256,12816033205
12816013776,12816033287
12816033287,12816033363
12816033363,12816033232
12816033232,12816033256
12816033372,12816033204
12816033204,12816013779
12816013779,12816033269
12816033272,12816033206
12816033262,6929824897
12816033271,12816033280
12816033280,12816033333
12816033333,12816033255
12816033255,12816033342
12816033342,12816033224
12816033224,12816033359
12816033359,12816013778
12816013778,12816033279
12816033279,12816033221
12816033221,12816033353
12816033353,12816033263
12816033263,12816033331
12816033331,12816033364
12816033364,12816033292
12816033292,12816033360
12816033360,12816033332
12816033332,12816033316
12816033316,12816033348
12816033348,12816033239
12816033239,12816013791
12816013791,12816033314
12816033314,12816033202
12816033202,12816033330
12816033330,12816033284
12816033284,12816033318
12816033318,12816033276
12816033276,12816033275
12816033275,12816033240
12816033240,12816033334
12816033334,12816033313
12816033313,12816033271
12816033255,12815965480
12836186263,12836186269
12836186269,12836186264
12836186264,12836186265
12836186265,12836186266
12836186266,12836186267
12836186267,12836186268
12836186268,12836186264
545641378,9861910935
12866424068,12866424069
12866424069,12866424070
12866424070,12866424071
12866424071,12866424072
12866424072,12866424073
12866424073,12866424074
12866424074,12866424075
12866424075,12866424083
12866424083,12866424084
12866424084,12866424085
12866424085,12866424086
12866424086,12866424091
12866424091,12866424087
12866424087,12866424090
12866424080,12866424088
12866424088,12866424090
12866424090,12866424089
12866424089,12866424081
12866424058,12866424098
12866424098,12866424096
11006937597,12866435301
12866435301,12866424097
12866424098,12866424099
12866424099,12866424100
12866424100,12866435301
12866435385,12866435386
12866435401,12866435402
12866435402,12866435403
12866435403,12866435404
12866435404,12866435387
12866435387,12866435388
12866435388,12866435389
12866435389,12866435390
12866435390,12866435391
12866435391,12866435392
12866435392,12866435398
12866435398,12866435399
12866435399,12866435400
12866435400,12866435386
12866435386,12866435393
12866435393,12866435394
12866435394,12866435395
12866435395,12866435396
12866435396,12866435397
12866435397,12866435401
12866435405,12866435409
12866435409,12866435406
12866435406,12866435407
12866435407,12866435408
12866435408,12866435409
12880227957,12880227958
12880309506,12880227989
12880227989,12880227990
12880227990,12880227991
12880227991,12880227992
12880227992,12880227993
2431986121,6660490737
6660490737,11801950708
11801950708,563643198
267193232,910549675
12919003035,12919003036
12919003035,12919003071
12919003071,12919003072
12919003072,12919003073
12919028706,12919028707
10264255617,10264255615
10264255614,10264255622
10264255622,10264255615
12920537159,12920537160
12920627315,12920627316
12920627316,12920627317
12920627317,12920627318
12920627318,12920627319
12920627319,12920627320
12920627320,12920627321
12920627321,12920627322
12920627340,12920627341
12920627341,12920627342
12920627342,12920627343
12920627344,12920627345
12920627345,12920627346
12920627362,12920627363
12920627363,12920627364
12920627364,12920627365
12920627365,12920627366
12920627366,12920627347
12920627347,12920627348
12920627348,12920627349
12920627349,12920627350
12920627350,12920627351
12920627351,12920627357
12920627357,12920633214
12920633214,12920627358
12920627358,12920627359
12920627359,12920627360
12920627360,12920627361
12920627361,12920627352
12920627352,12920627353
12920627353,12920627354
12920627354,12920627355
12920627355,12920627356
12920627356,12920627362
12920627366,12920627367
12920627356,12920627368
12920627368,12920627369
12920627354,12920627390
12920627390,12920627391
12920627391,12920627392
12920627392,12920627393
12920627393,12920627394
12920627394,12920627395
12920627395,12920627396
12920627396,12920627397
12920627397,12920627398
12920627398,12920627399
12920627399,12920627400
12920627400,12920633201
12920633201,12920633202
12920633202,12920633203
12920633203,12920633204
12920633204,12920633205
12920633205,12920633206
12920633206,12920633207
12920633207,12920633208
12920633208,12920633209
12920633209,12920633210
12920633210,12920633211
12920633211,12920633212
12920633212,12920633213
12920633213,12920633214
12920627340,12920633306
12920633306,12920633284
12920633284,12920633285
12920633285,12920633286
12920633286,12920633287
12920633287,12920633288
12920633288,12920633289
12920627344,12920633328
12920633328,12920633344
12920633344,12920633329
12920633344,12920633345
12920633345,12920633346
12920633346,12920633347
12920633347,12920633348
11007431953,12920653466
12920653466,12920653467
12920653467,12920653468
12920653468,12920653469
12920653469,11007431953
12920653490,12920653491
12920653491,12920653492
12920653492,12920653493
12920653493,12920653494
12920653494,12920653497
12920653497,12920653495
12920653495,12920653496
12920653496,12920653498
12920653498,12920653491
12920653497,12920653498
7615444988,12920656806
12920656806,12920656807
12920656807,12920656808
12920656808,12920656809
12920656809,12920656810
12920656810,12920656811
12920656811,12920656812
12920656812,12920656813
12920656813,12920656814
12920656814,12920656815
12920656815,12920656816
12920656816,12920656818
12920656818,12920656817
12921421829,12921421830
12921421830,12921421831
12921421846,12921421847
12921421847,12921421848
12921421848,12921421849
12921421849,12921421831
12921421831,12921421832
12921421832,12921421833
12921421833,12921421834
12921421834,12921421835
12921421835,12921421842
12921421842,12921421843
12921421843,12921421844
12921421844,12921421845
12921421845,12921421836
12921421836,12921421850
12921421850,12921421837
12921421837,12921421838
12921421838,12921421839
12921421839,12921421840
12921421840,12921421841
12921421841,12921421846
12921421850,12921421851
12921421851,12921421852
12921421852,12921421853
12921421853,12921421854
12921421854,12921421855
12921421855,12921421856
12921421856,12921421857
12921421857,12921421858
12921421858,12921421859
12921421859,12921421860
12921421860,12921421861
12921421861,12921421862
12921421862,12921421863
12921421863,12921421864
12921421864,12921421865
12921421865,12921421866
12921421866,12921421867
12921421867,12921421868
12921421868,12921421869
12921421869,12921421870
12921421870,12921421871
12921421871,12921421872
12921421872,12921421873
12921421873,12921421874
12921421874,12921421875
12921421875,12921421876
12921421876,12921421877
12921421877,12921421878
12921421878,12921421879
12921421879,12921421880
12921421880,12921421881
12921421881,12921421882
12921421882,12921421883
12921421883,12921421884
12921421884,12921421885
12921421885,12921421851
12921421863,12921421886
12921421886,12921421887
12921421887,12921421888
12921421888,12921421889
12921421911,12921421912
12921421912,12921421913
12921421913,12921421914
12921421914,12921421915
12921421915,12921421916
12921421916,12921421917
12921421917,12921421918
12921421918,12921421919
12921421919,12921421920
12921421920,12921421921
12921421921,12921421922
12921421922,12921421923
12921421923,12921421924
12921421924,12921421925
12921421925,12921421926
12921421931,12921421932
12921421932,12921421933
12921421948,12921421949
12921421949,12921421950
12921421950,12921421951
12921421951,12921421952
12921421952,12921421934
12921421934,12921421935
12921421935,12921421936
12921421936,12921421937
12921421937,12921421938
12921421938,12921421945
12921421945,12921421946
12921421946,12921421947
12921421947,12921421939
12921421939,12921421940
12921421940,12921421941
12921421941,12921421942
12921421942,12921421943
12921421943,12921421944
12921421944,12921421948
12921421950,12921421953
12921421954,12921421955
12921421955,12921421956
12921421956,12921421957
12921421957,12921421958
12921421958,12921421959
12921421959,12921421960
12921421960,12921421961
12921421961,12921421962
12921421962,12921421963
12921421963,12921421964
12921421964,12921421965
12921421965,12921421966
12921421966,12921421967
12921421967,12921421968
12921421968,12921421969
12921421969,12921421970
12921421970,12921421971
12921421971,12921421972
12921421972,12921421954
12921421956,12921421973
12953158467,3745722867
3745722867,9712983488
9712983488,10946719764
10946719764,943830335
943830335,9859986558
9859986558,9859986557
9859986557,12247930673
12247930673,6666377304
6666377304,943830889
12953158469,12953158468
12953158472,12953158470
12953158470,12953158471
12953168421,12953168420
12953168420,12953168419
12953168419,12953168418
12966165284,10248668452
12966165293,12966165292
12966165292,12966165291
12966165291,12966165290
12989923061,12989906081
12989906081,12989923051
12989923051,12989923039
12989923039,12989923050
5802016612,12989923050
12989923050,12989923013
12989923013,12989923061
12989923061,2912241076
2912241076,12989923034
1866017498,10262015615
10261859807,13033776370
13033776370,13033776367
13033776367,13033776356
13033776356,13033776351
13033776351,13033776355
13033776355,13033776364
13033776364,13033776349
13033776349,13033776366
13033776366,13033776361
13033776361,13033776378
13033776378,13033776350
13033776350,13033776365
13033776365,13033776362
13033776362,13033776368
13033776368,13033776357
13033776357,13033776376
13033776376,13033776354
13033776354,13033776360
13033776360,13033776359
13033776359,13033776347
13033776347,13033776373
13033776373,13033776372
13033776372,13033776348
13033776348,13033776375
13033776375,13033776353
13033776353,13033776358
13033776358,13033776379
13033776379,13033776374
13033776374,10261859807
13093899451,13093899461
13093880100,13093899340
13093899340,13093899335
13093899428,13093899334
13093899334,13093899451
13093899335,13093899413
13093899413,13093899324
13093899324,13093899373
13093899447,13093899443
13093899484,13093899444
13093899444,13093899500
13093899465,13093899458
13093899458,13093899485
13093899387,13093899333
13093899333,267253223
13093899346,13093899423
13093899349,13093899423
13093899423,13093899462
13093899462,13093899395
13093899395,13093899489
13093899489,13093899405
13093899405,13093899422
13093899422,13093899373
13093899414,13093899450
13093899308,13093899422
267253217,4930107700
13093899386,13093880097
13093880097,13093899416
13093899416,13093899349
13093899340,13093899371
13093899480,13093899363
13093899363,13093899389
13093899389,13093899403
13093899403,13093899434
13093899434,13093899406
13093899406,13093899506
13093899506,13093899309
13093899309,13093899356
13093899356,13093899444
13093899444,13093899415
13093899415,13093899369
13093899369,13093880092
13093880092,13093899319
13093899319,13093899348
13093899348,13093899351
13093899351,13093899385
13093899385,13093899377
13093899377,13093899312
13093899312,13093899301
13093899301,13093899326
13093899326,13093899473
13093899473,13093880094
13093880094,13093899440
13093899440,13093899323
13093899323,13093899316
13093899316,13093899464
13093899464,13093899468
13093899468,13093899498
13093899498,13093899393
13093899393,13093899442
13093899442,13093899458
13093899458,13093899399
13093899399,13093899310
13093899310,13093899503
13093899503,13093899487
13093899487,13093899490
13093899490,13093899466
13093899466,13093899433
13093899433,13093899497
13093899497,13093899374
13093899374,13093899430
13093899430,13093880099
13093880099,13093899446
13093899446,13093899331
13093899331,13093899355
13093899355,13093899494
13093899494,13093899315
13093899315,13093899407
13093899407,13093899313
13093899313,13093899381
13093899381,13093899459
13093899459,13093899333
13093899333,13093899448
13093899448,13093899318
13093899318,13093899409
13093899409,13093899478
13093899478,13093899390
13093899390,13093899380
13093899380,13093899435
13093899435,13093899345
13093899345,13093899400
13093899400,13093899388
13093899388,13093899404
13093899404,13093899317
13093899317,13093899505
13093899505,13093899360
13093899360,13093899474
13093899474,13093899402
13093899402,13093899366
13093899366,13093899362
13093899362,13093899334
13093899334,13093899472
13093899472,13093899436
13093899436,13093880087
13093880087,13093899372
13093899372,13093899343
13093899343,13093880089
13093880089,13093899336
13093899336,13093899496
13093899496,13093899502
13093899502,13093899469
13093899469,13093899460
13093899460,13093899320
13093899320,13093880093
13093880093,13093899493
13093899493,13093899431
13093899431,13093899480
13093899507,13093899387
13093899387,13093899303
13093899303,13093899462
13093899462,13093899405
13093899405,13093899481
13093899481,13093899485
13093899485,13093880090
13093880090,13093899373
13093899373,13093899450
13093899450,13093899335
13093899335,13093899500
13093899500,13093899504
13093899504,13093899371
13093899371,13093899441
13093899441,13093899339
13093899339,13093899508
13093899508,13093899311
13093899311,13093899451
13093899451,13093899330
13093899330,13093899386
13093899386,13093899447
13093899447,13093899349
13093899349,13093899507
13093899508,13093899322
13093899322,13093899357
13093899357,13093899441
13093899339,13093899479
13093899479,13093899397
13093899397,13093899461
13093899461,13093899463
13093899463,13093899443
13093899443,13093899449
13093899449,13093899346
13093899346,13093899338
13093899338,13093899384
13093899384,13093899308
13093899308,13093899304
13093899304,13093899414
13093899414,13093899432
13093899432,13093880100
13093880100,13093899314
13093899314,13093899479
267259251,5483954457
5483954457,9794237537
12780247333,11648960724
11648960724,13113964279
9852812013,13754581411
13754581411,13282838237
13282838237,13113964346
13113964346,6436232487
3661513071,10262384323
10262384323,3661513070
5167356596,6543918030
6543918030,6543918029
6543918029,6543918028
1764176522,1811692129
6655403078,13146415091
6593532597,6576508801
13146415093,13146415092
13146415095,13146415094
13146415097,13146415096
13146415099,13146415098
13146450001,13146415100
13146450003,7257605200
13146450005,13146450004
13161810461,13161810460
13161810479,13161810478
13161810478,13161810484
13161810485,13161810480
13161810486,13161810481
13161810481,13161810485
13161810485,13161810484
13161810484,13161810482
13161810482,13161810483
13161820216,13161820215
13161820221,13161820219
13161820219,13161820220
13161820235,13161820229
13161820229,13161820220
13161820220,13161820228
13161820228,13161820227
13161820227,13161820226
13161820226,13161820225
13161820225,13161820287
13161820287,13161820224
13161820224,13161820223
13161820223,13161820222
13161820222,13161820308
13161820236,13161820235
13161820235,13161820234
13161820240,13161820308
13161820248,13161820238
13161820238,13161820239
13161820239,13161820240
13161820240,13161820241
13161820241,13161820242
13161820242,13161820249
13161820249,13161820243
13161820243,13161820244
13161820244,13161820245
13161820245,13161820246
13161820246,13161820247
13161820247,13161820248
13161820252,13161820251
13161820256,13161820255
13161820255,13161820251
13161820251,13161820254
13161820254,13161820253
13161820276,13161820275
13161820275,13161820274
13161820274,13161820273
13161820273,13161820272
13161820272,13161820271
13161820271,13161820270
13161820270,13161820269
13161820269,13161820268
13161820268,13161820267
13161820267,13161820266
13161820266,13161820265
13161820265,13161820264
13161820264,13161820253
13161820253,13161820263
13161820263,13161820262
13161820262,13161820261
13161820261,13161820260
13161820260,13161820259
13161820259,13161820258
13161820258,13161820257
13161820257,13161820283
13161820287,13161820286
13161820286,13161820285
13161820285,13161820284
13161820284,13161820283
13161820283,13161820282
13161820282,13161820281
13161820281,13161820280
13161820280,13161820279
13161820279,13161820278
13161820278,13161820256
13161820256,13161820277
13161820309,13161820250
13161820250,13161820308
13161820308,13161820307
13161820307,13161820306
13161820306,13161820305
13161820305,13161820304
13161820304,13161820303
13161820303,13161820302
13161820302,13161820301
13161820301,13161820300
13161820300,13161820299
13161820299,13161820276
13161820276,13161820298
13161820298,13161820297
13161820297,13161820296
13161820296,13161820295
13161820295,13161820294
13161820294,13161820277
13161820277,13161820293
13161820293,13161820292
13161820292,13161820291
13161820291,13161820290
13161820290,13161820289
13161820289,13161820288
13161853359,13161853358
13161853358,13161853357
13161853357,13161853356
6657447317,6657447318
6657447314,6657447315
6657447315,6657447316
6657447316,6657447317
621248536,13214712482
13214712482,13214712483
13214712483,621248537
9794237535,267259252
267259252,10264706912
10264706912,10264706910
10264706910,267259450
267259450,267259426
267259426,267259427
267259427,9843555988
9843555988,267259428
267259428,267259429
267259429,267259430
267259430,9843555987
9843555987,267259431
267259431,267259432
267259432,1523205424
1523205424,267259435
267259435,10264628400
10264628400,10264628393
10264628393,10264628389
10264628389,267259278
6485009721,267197903
267197903,3644091687
3644091687,2729066766
2729066766,3644091680
3644091680,2729066762
2729066762,7309995824
7309995824,2729066760
2729066760,7309995825
7309995825,3644091681
3644091681,267609602
267609602,267197913
267197913,8750357769
8750357769,6485009727
13253573829,13253573809
13253573809,13253573810
13253573810,13253573811
13253573811,13253573812
13253573812,13253573813
13253573813,13253573814
13253573814,13253573824
13253573824,13253573815
13253573815,13253573816
13253573816,13253573817
13253573817,13253573818
13253573818,13253573819
13253573819,13253573820
13253573820,13253573821
13253573826,13253573827
13253573827,13253573828
13253573807,13253573808
13253573808,13253573829
13253573824,13253573825
13253573825,13253573826
13253573821,13253573822
13253573822,13253573823
4511151701,13253714540
13253714542,13253714543
13253714543,13253714544
13253714544,13253714559
13253714559,13253714545
13253714545,13253714546
13253714546,13253714547
13253714547,13253714548
13253714548,13253714565
13253714565,13253714549
13253714549,13253714550
13253714550,13253714551
13253714551,13253714552
13253714554,13253714555
13253714555,13253714556
13253714556,13253714557
13253714557,13253714572
13253714572,13253714558
13253714555,13253714553
13253714553,13253714568
13253714559,13253714561
13253714561,13253714560
13253714560,13253714562
13253714563,13253714564
13253714565,13253714567
13253714567,13253714566
13254092193,10254960465
13264666429,13264666434
13264666434,13264666430
13759078411,13264666429
13264666430,13264666432
13759078409,13264666432
13264666432,13759078410
13270239652,13270239647
13270239647,13270239648
13270239648,13270239649
13270239649,13270239654
13270239654,13270239650
13270239643,13270239653
13270239653,13270239644
13270239644,13270239645
13270239645,13270239646
13270239646,13270239651
13270239651,13270239652
13271997043,13271997044
13271997044,13254092193
13282838238,9852812013
13282870087,3742305424
13300781251,13300781250
11808826322,13300781252
13300781262,13300781261
13300781261,11808826400
13300781266,13300781265
13300781265,13300781262
13300781262,13300781264
13300781264,13300781263
4156355793,267259328
13315701482,9874717759
9874717759,13315701479
13315701479,13315701480
13315701480,13315701481
13315701483,9874717726
9874717726,9861910917
910549669,9874717738
9874717738,13315701484
1867171631,13315701485
13315701486,9874717739
9874717739,9874717729
13356923175,13356923176
13356923176,13356923177
13356923177,13356923181
13356923181,13356923178
13356923178,13356923180
13356923180,10264542464
13356923177,13356923179
13356923179,10264542465
13356923181,13356923182
13368811056,13368811057
13368811057,13368811058
13368811058,13368811059
13368811059,13368811066
13368811066,13368811060
13368811060,13368811061
13368811061,13368811065
13368811065,13368811067
13368811067,13368811062
13368811062,13368811063
13368811063,13368811064
4264402261,13368811068
13368811068,4264402262
4264402281,13368811070
4264404793,13368811071
1765269483,6655403269
6655403269,6655403240
6655403240,6655403264
6655403264,6655403263
6655403263,6655403262
6655403262,6681358499
6681358499,6655403261
6655403261,13377315831
267193361,9767027226
9767027226,13377315832
13377315831,6655403260
563659560,563659527
563659527,7227464188
7227464188,6655403242
6655403242,6655403241
6655403241,563659526
563659526,6969270633
6969270633,563659525
563659525,6655403260
13377315832,563659525
13377661854,13377661853
13377661853,13377661857
13377661857,13377661856
13377661856,13377661852
13377661852,13377661855
13377661861,13377661860
13377661860,13377661859
13377661859,13377661858
13377661879,13377661878
13377661878,13377661877
13377661877,13377661876
13377661876,13377661875
13377661875,13377661874
13377661874,13377661873
13377661873,13377661872
13377661872,13377661861
13377661861,13377661858
13377661858,13377661871
13377661871,13377661862
13377661862,13377661870
13377661870,13377661869
13377661869,13377661868
13377661868,13377661867
13377661867,13377661866
13377661866,13377661865
13377661865,13377661864
13377661864,13377661863
13377661863,13377661862
11804801502,13377661880
13377661882,2681027253
2681027253,13377661881
13377661886,13377661885
13377661885,13377661884
13377661896,13377661895
13377661895,13377661894
13377661894,13377661893
13377661893,13377661892
13377661892,13377661891
13377661899,13377661897
13377661897,13377661898
13378020400,13378048405
13378048408,13378048407
13378048407,13378048406
13378048406,13378048405
1271972160,13382754568
13382754568,13382789414
13382789414,13382754569
13382754569,13382754572
13382754572,13382754570
13382754570,13382754571
545641378,12109943041
13420418874,9861910936
9861910935,13420418874
545641378,545641377
545641377,545641376
545641376,11841922699
11841922699,9861891811
9861891811,9861891812
9861891812,267193237
267193237,11006947803
11006947803,6436536504
562615459,7009786345
7009786345,562615458
562615458,1681489138
1681489138,9843486090
9843486090,10262222471
10262222471,9794237548
9794237548,562615491
562615491,9843283770
9843283770,9843283755
9843283755,9843283784
9843283784,11801983128
11801983128,11801983120
11801983120,9843274051
13439866816,11002611452
11002611452,11877397365
11877397365,9857860378
9857860378,9857860377
267249899,13447409547
13447409547,13447409546
13447409546,5485189762
13447426285,13447426286
13447426286,13447426288
12240633474,12240633473
12240633473,12240633472
12240633472,301037215
301037215,301037214
5977448433,267249960
267249960,267249961
267249961,5977448434
5977448434,267249962
267249962,267249963
267249963,5977448435
5977448435,267249964
267249964,267249965
267249965,3742418047
3742418047,267249966
267249966,267249967
12866424060,12866424058
12866424058,11982478461
11982478461,12866424063
12866424063,12866424059
12866424082,13476211234
13476211234,12866424057
12866424057,12866424061
12866424061,12866424060
10264328243,267249954
10264413032,13565242225
13565242225,10264413031
562615468,13509484623
13509484623,13509484620
1271983672,9843880940
6655403320,9852498340
3744281550,3744281555
3744281555,3744281553
3744281553,7309995823
6657552008,3744281550
13540185196,11792964335
11792964335,6576529277
13540185197,11792964334
11792964334,6554718342
13551113086,13551113087
13551113087,13551126205
13551126205,13551113088
13551113088,13551113089
13551113089,13551113090
13551113089,13551113091
13551113091,13551113092
13551113092,13551113093
13551113093,13551113094
13551113094,13551113095
13551113095,13551113096
13551113096,13551113097
13551113097,13551113098
13551113098,13551113099
13551113094,13551113100
13551113100,13551126201
13551126201,13551126202
13551126202,13551126203
13551126203,13551126204
13551126205,13551126204
13579391171,13579391170
13579391170,13579391174
13579391174,13579391169
13579391169,13579391168
13579391175,13579391174
13579391168,13579391172
13579391172,10302340962
10302340962,563661919
563661919,13579391173
13594347091,11672311724
13594347092,13594347091
13594439263,13594439270
13594439270,13594439264
13594439264,13594439271
13594439271,13594439265
13594439265,13594439266
13594439266,13594439267
13594439267,13594439268
13594439268,9852498419
9852498406,13594439259
13594439259,13594439260
13594439260,13594439261
13594439261,13594439269
13594439269,13594439262
13594439262,13594439263
13594439286,13594439287
13594439287,13594439288
13594795926,13594795927
13594795927,13594795928
13594795928,13594795929
13594795929,13594795930
13594795930,13594795931
13594795931,13594795944
13594795944,13594795932
13594795932,13594795933
13594795933,13594795934
13594795935,13594795936
13594795936,13594795937
13594795937,13594795938
13594795938,13594795939
13594795939,13594795940
13594795940,13594795941
13594795941,13594795942
13594795942,13594795943
13607399692,13607399693
13607399693,13607399694
13607399694,13607399695
13607399695,13607399696
13607399696,13607399697
13607399697,13607399698
13607399698,13607399699
13607399699,13607399700
13607399700,13607417201
13633338598,13633338599
13633338599,13633338600
13633338600,13633346601
13633346601,13633346602
13633346602,13633346603
13633346603,13633346604
13633346604,13633338586
13633338586,13633338587
13633338587,13633338590
13633338590,13633338591
13633338591,13633338592
13633338592,13633338593
13633338593,13633338594
13633338594,13633338595
13633338595,13633338596
13633338596,13633338597
13633338597,13633338588
13633338588,13633338589
13633338589,13633338598
13633338592,13633346605
13633346605,13633346606
13633346606,13633346607
13633346607,13633346608
13633346608,13633346609
13633346609,13633346610
13633346610,13633346611
13633346611,13633346612
13633338600,13633346613
13633346613,13633346614
13633346614,13633346615
13633346615,13633346616
13633346616,13633346617
13633346617,13633346618
13633346618,13633346619
13633346619,13633346620
13633346620,13633346621
13633346622,3744281539
3744281539,13633346623
13633346624,13633346625
13633346625,13633346645
13633346637,13633346638
13633346638,13633346648
13633346648,13633346639
13633346639,13633346640
13633346640,13633346641
13633346641,13633346642
13633346642,13633346643
13633346643,13633346622
13633346622,13633346644
13633346644,13633346626
13633346626,13633346627
13633346627,13633346630
13633346630,13633346631
13633346631,13633346632
13633346632,13633346633
13633346633,13633346634
13633346634,13633346635
13633346635,13633346645
13633346645,13633346636
13633346636,13633346628
13633346628,13633346629
13633346629,13633346637
13633346631,13633346646
13633346646,13633346647
13633346648,13633346649
13633346649,13633346650
13633346663,13633346664
13633346664,13633346665
13633346665,13633346666
13633346666,13633346623
13633346623,13633346651
13633346651,13633346652
13633346652,13633346653
13633346653,13633346654
13633346654,13633346647
13633346647,13633346655
13633346655,13633346656
13633346656,13633346657
13633346657,13633346658
13633346658,13633346624
13633346624,13633346659
13633346659,13633346660
13633346660,13633346661
13633346661,13633346662
13633346662,13633346650
13633346650,13633346663
13633346699,13633346700
13633346700,13633346701
13633346701,13633346702
13633346702,13633346703
13633346703,13633346704
13633346704,13633346705
13633346705,13633346706
13633346706,13633346707
13633346707,13633346708
13633346708,13633346709
13633346709,13633346710
13633346710,13633346711
13633346711,13633346712
13633346712,13633346713
13633346713,13633346714
13633346714,13633346715
13633346715,13633346716
13633346716,13633346717
13633346717,13633346718
13633346718,13633346719
13633346719,13633346720
13633346720,13633346721
13633346721,13633346722
13633346722,13633346723
13633346723,13633346724
13633346724,13633346725
13633346725,13633346726
13633346726,13633346727
13633346727,13633346728
13633346728,13633346729
13633346729,13633346730
13633346730,13633346731
13633346731,13633346732
13633346732,13633346733
13633346733,13633346734
13633346734,13633346735
13633346735,13633346736
13633346736,13633346737
13633346737,13633346738
13633346738,13633346739
13633346739,13633346740
13633346740,13633346741
13633346741,13633346742
13633346742,13633346743
13633346743,13633346744
13633346744,13633346745
13633346745,13633346746
13633346746,13633346747
13633346747,13633346748
13633346748,13633346749
13633346749,13633346750
13633346750,1328248396
13633346751,13633346752
13633346752,13633346753
13633346753,13633346754
13633346754,13633346755
13633346755,13633346756
13633346756,13633346757
13633346757,13633346758
13633346758,13633346759
13633346759,13633346760
13633346760,13633346761
13633346761,13633346762
13633346762,13633346763
13633346763,13633346764
13633346764,13633346765
13633346765,13633346766
13633346766,13633346767
13633346767,13633346768
13633346768,13633346769
13633346769,13633346770
13633346770,13633346771
13633346771,13633346772
13633346772,13633346773
13633346773,13633346774
13633346774,13633346775
13633346775,13633346776
13633346776,13633346777
13633346777,13633346778
13633346778,13633346779
13633346779,13633346780
13633346780,13633346781
13633346781,13633346782
13633346782,13633346783
13633346783,13633346784
13633346784,13633346785
13633346785,13633346786
13633346786,13633346787
13633346787,13633346788
13633346788,13633346789
13633346789,13633346790
13633346790,13633346791
13633346791,13633346792
13633346792,13633346793
13633346793,13633346794
13633346794,13633346795
13633346795,13633346796
13633346796,13633346797
13633346797,13633346798
13633346798,13633346799
13633346799,13633346800
13633346800,13633346801
13633346801,13633346802
13633346802,13633346803
13633346803,13633346804
13633346804,13633346805
13633346805,13633346806
13633346806,13633346807
13633346807,13633346808
13633346808,13633346809
13633346809,13633346810
13633346810,13633346811
13633346811,13633346812
13633346812,13633346813
13633346813,13633346814
13633346814,13633346815
13633346815,13633346816
13633346816,13633346817
13633346817,13633346818
13633346818,13633346819
13633346819,13633346820
13633346820,13633346821
13633346810,13633346822
13633346822,13633346823
13633346823,13633346824
13633346824,13633346825
13633346825,13633346826
13633346826,13633346827
13633346827,13633346828
13633346828,13633346829
13633346829,13633346830
13633346830,13633346831
13633346831,13633346832
13633346832,13633346833
13633346833,13633346834
13633346834,13633346835
13633346835,13633346836
13633346836,13633346837
13633346837,13633346838
13633346838,13633346839
13633346839,13633346840
13633346840,13633346841
13633346841,13633346842
13633346842,13633346843
13633346843,13633346844
13633346844,13633346845
13633346845,13633346846
13633346846,13633346847
13633346847,13633346848
13633346848,13633346849
13633346849,13633346850
13633346850,13633346851
13633346851,13633346852
13633346852,13633346853
13633346853,13633346854
13633346854,13633346855
13633346855,13633346856
13633346856,13633346857
13633346857,13633346858
13633346858,13633346859
13633346859,13633346860
13633346860,13633346861
13633346861,13633346862
13633346862,13633346863
13633346863,13633346864
13633346864,1681488990
13671508682,943831033
943831033,6657447325
13671508682,13671508683
13671508683,6538760825
301037181,6657447323
6657447323,6657447322
6657447322,6657447320
6657447320,11540517100
11540517100,13671508684
13671508684,6657447330
6657447330,13671508685
13671508685,11540517101
11540517101,6657447331
6657447331,6657447332
6657447332,6657447333
6657447333,6657447335
13681392891,13681392893
13681392893,13681392888
13681392888,13681392884
13681392884,13681392892
13681529705,13681529711
13681529711,13681529739
13681529766,13681529754
13681529739,13681529707
13681529762,13681529705
13681529743,13681529762
13681529707,13681529715
13681529719,13681529766
13681529766,13681529770
13681529770,13681492786
12105998309,12105998308
12105998311,12105998314
12105998314,12105998310
12105998310,12105998309
12106007248,12106007247
12106007246,12106007248
3742418073,5484083374
5484083374,267249932
267249932,5484083375
5484083375,621248447
267249955,267249956
267249956,267249957
267249957,267249958
267249958,3742418068
3742418068,267249959
267249959,5977448433
267196305,3749161016
3749161016,267253204
4398506629,2327524055
13744131917,13744131926
13744131926,13744131928
13744131929,13744131922
13744131922,13744131916
13744131916,13744131927
13744131927,13744131934
13744131916,13744131932
10264318206,12105998306
13754581431,13754581402
13754581415,13754581414
13754581414,13754581413
13754581413,13754581412
13754581412,13754581411
12780247330,13754581416
13754581416,12780247301
12780247301,13754581431
13754581431,13754581430
13754581430,13754581429
13754581429,13754581428
13754581428,13754581427
13754581427,13754581426
13754581426,13754581425
13754581425,13754581424
13754581424,13754581423
13754581423,13754581422
13754581422,13754581421
13754581421,13754581420
13754581420,13754581419
13754581419,13754581418
13754581418,13754581417
13754581417,6436232485
13754581435,13754581434
6538760825,3742305538
3742305538,7305381089
7305381085,6538760815
6538760815,13270239643
13270239643,13270239650
13270239650,943831437
943831437,9854796662
9854796662,3643733152
3643733152,3742305483
3742305483,308884276
308884276,13378020400
13378020400,3742305489
3742305489,3742305490
3742305490,3007872779
7305381087,7305381088
7305381088,6657447345
6657447345,3742305551
3742305551,3742305566
3742305566,6657223844
6657223844,3742305571
3742305571,6657223848
6657223848,12096715994
12096715994,3742302394
3742302394,12096715988
12096715988,12096715995
12096715995,3742302395
3742302395,3742302393
3742302393,6191328950
6191328950,3742302392
3742302392,3742305567
3742305567,3742305563
3742305563,6657447318
6657447318,6657447319
6657447319,3742305554
3742305554,3742305544
3742305544,3742305539
3742305539,3742305540
3742305540,7220672399
7220672399,3742305548
3742305548,3742305549
3742305549,3742305550
3742305550,11540517130
11540517130,3742305541
3742305541,3742305530
7305381087,7305381090
7305381090,7305381089
6538760822,6538760821
6538760821,3744432432
3744432432,3744432434
3744432434,3744432435
3744432435,6436203608
6436203608,3742302412
3742302412,433484652
433484652,433484654
13759078410,915369014
915369014,915368461
915368461,915368672
915368672,915367930
915367930,5766333352
5766333352,6735140228
6735140228,915368797
915368797,915369335
915369335,12237354893
12237354893,915368728
915368728,915368117
915368117,915368898
915368898,915368323
915368323,915368999
915368999,915369076
915368332,13759078410
915368842,13759078411
13759078411,13759078408
13759078408,915368030
915368730,915369199
915369199,915368503
915368503,915369061
915369061,915368375
915368375,6192089893
6192089893,915368107
915368107,1549833153
1549833153,915368563
915368563,915369122
915369122,915368451
915368451,915368233
915368233,915368842
13769308126,10989085315
10989085315,563661929
563661929,563661934
563661934,11773807754
11773807754,6436851527
6436851527,563661939
563661939,6657116991
563661932,13769308126
563661932,13769308127
